0,1547907528,MS,smtp,209.147.150.153,74.125.103.24,RCPT_TO,9,,,,,0
1,1547907529,WS,http,87.39.225.243,74.125.105.30,TRACE,6,,,,,0
2,1547907531,WS,http,69.39.116.39,74.125.103.23,TRACE,9,,,,,0
3,1547907532,FW,smtp,87.39.218.240,74.125.103.24,ACCEPT,3,,,,,0
4,1547907533,WS,http,209.147.150.153,74.125.103.20,OPTIONS,5,,,,,0
5,1547907535,FW,http,87.180.182.138,74.125.103.21,ACCEPT,1,,,,,0
6,1547907537,FW,ftp,69.131.214.152,74.125.103.22,DROP,9,,,,,0
7,1547907538,WS,http,209.147.150.153,74.125.105.31,GET,6,,,,,0
8,1547907540,WS,http,68.147.87.172,74.125.103.20,GET,4,,,,,0
9,1547907541,WS,http,68.39.210.149,74.125.103.20,OPTIONS,4,,,,,0
10,1547907541,WS,http,216.248.180.195,74.125.105.31,HEAD,6,,,,,0
11,1547907543,WS,http,87.248.96.158,74.125.103.20,CONNECT,3,,,,,0
12,1547907545,FW,http,69.248.251.18,74.125.103.23,ACCEPT,3,,,,,1
13,1547907545,WS,http,69.248.251.18,74.125.105.31,HEAD,3,,,,,1
14,1547907546,WS,http,87.248.230.200,74.125.103.22,GET,2,,,,,0
15,1547907547,FW,http,209.248.125.227,74.125.105.31,ACCEPT,6,,,,,0
16,1547907548,FW,http,69.248.251.18,74.125.103.22,DROP,9,,,,,1
17,1547907548,WS,http,69.131.94.70,74.125.103.22,HEAD,3,,,,,0
18,1547907550,FW,ftp,68.39.93.243,74.125.103.20,DROP,10,,,,,0
19,1547907551,WS,http,69.131.233.68,74.125.103.22,GET,4,,,,,0
20,1547907552,FW,http,68.39.60.66,74.125.105.30,DROP,6,,,,,0
21,1547907553,WS,http,69.131.233.68,74.125.105.31,CONNECT,7,,,,,0
22,1547907553,WS,http,209.131.42.249,74.125.103.23,GET,8,,,,,0
23,1547907554,MS,smtp,69.248.61.83,74.125.103.25,RSET,2,,,,,0
24,1547907557,FW,http,69.131.233.68,74.125.103.23,DROP,6,,,,,0
25,1547907559,WS,http,216.131.165.106,74.125.103.21,PUT,2,,,,,0
26,1547907562,WS,http,69.131.242.212,74.125.103.20,GET,6,,,,,0
27,1547907563,MS,smtp,87.248.96.158,74.125.103.25,EHLO,9,,,,,0
28,1547907564,WS,http,216.39.15.207,74.125.103.23,GET,1,,,,,0
29,1547907566,FW,smtp,216.39.36.153,74.125.103.25,DROP,5,,,,,0
30,1547907568,FW,ftp,209.39.91.197,74.125.103.22,ACCEPT,5,,,,,0
31,1547907568,FW,ftp,68.248.244.168,74.125.103.22,ACCEPT,1,,,,,0
32,1547907569,FW,smtp,216.39.15.207,74.125.103.25,ACCEPT,5,,,,,0
33,1547907569,WS,http,69.180.91.222,74.125.105.30,GET,9,,,,,0
34,1547907569,FW,ftp,216.39.15.207,74.125.103.24,DROP,6,,,,,0
35,1547907570,WS,http,216.147.226.49,74.125.105.31,GET,9,,,,,0
36,1547907571,MS,smtp,216.248.121.251,74.125.103.24,DATA,6,,,,,0
37,1547907571,FW,http,68.147.138.72,74.125.103.23,ACCEPT,3,,,,,2
38,1547907573,WS,http,87.131.42.174,74.125.103.21,OPTIONS,6,,,,,0
39,1547907576,FW,http,87.131.42.174,74.125.103.21,ACCEPT,1,,,,,0
40,1547907576,WS,http,68.147.138.72,74.125.105.31,HEAD,3,,,,,2
41,1547907576,FW,http,68.147.138.72,74.125.103.22,DROP,9,,,,,2
42,1547907577,FW,ssh,216.180.141.168,74.125.105.31,ACCEPT,4,,,,,0
43,1547907580,WS,http,87.131.42.174,74.125.103.20,CONNECT,6,,,,,0
44,1547907582,WS,http,68.131.107.40,74.125.103.21,GET,6,,,,,0
45,1547907582,FW,ftp,209.147.17.243,74.125.103.24,DROP,1,,,,,0
46,1547907583,WS,http,209.39.103.35,74.125.105.31,CONNECT,5,,,,,0
47,1547907583,WS,http,209.248.130.94,74.125.103.23,GET,1,,,,,0
48,1547907584,WS,http,216.131.224.156,74.125.105.31,PUT,7,,,,,0
49,1547907584,FW,http,68.39.147.218,74.125.105.31,ACCEPT,7,,,,,0
50,1547907586,FW,smtp,209.248.130.94,74.125.103.25,ACCEPT,5,,,,,0
51,1547907587,WS,http,87.131.42.174,74.125.103.23,PUT,8,,,,,0
52,1547907589,WS,http,87.131.42.174,74.125.103.22,GET,7,,,,,0
53,1547907590,FW,ftp,209.248.130.94,74.125.103.24,DROP,6,,,,,0
54,1547907592,FW,ssh,87.131.42.174,74.125.105.31,ACCEPT,8,,,,,0
55,1547907593,MS,smtp,68.147.191.127,74.125.103.24,AUTH,9,,,,,0
56,1547907595,WS,http,87.39.75.218,74.125.103.20,PUT,9,,,,,0
57,1547907596,WS,http,69.248.77.248,74.125.105.30,TRACE,8,,,,,0
58,1547907597,FW,smtp,69.39.221.239,74.125.103.25,ACCEPT,4,,,,,0
59,1547907599,FW,ftp,69.180.28.194,74.125.103.25,ACCEPT,7,,,,,0
60,1547907599,FW,http,87.147.122.177,74.125.105.31,ACCEPT,6,,,,,0
61,1547907599,MS,smtp,209.248.140.29,74.125.103.24,RCPT_TO,6,,,,,0
62,1547907600,WS,http,69.39.221.239,74.125.103.22,CONNECT,9,,,,,0
63,1547907601,FW,http,68.147.175.186,74.125.105.31,ACCEPT,2,,,,,0
64,1547907602,MS,smtp,209.248.190.228,74.125.103.25,RSET,8,,,,,0
65,1547907602,WS,http,209.147.178.109,74.125.103.23,GET,4,,,,,0
66,1547907602,WS,http,209.147.163.10,74.125.105.30,CONNECT,8,,,,,0
67,1547907605,WS,http,87.248.53.170,74.125.103.23,GET,1,,,,,0
68,1547907608,FW,http,216.39.179.38,74.125.105.31,DROP,6,,,,,0
69,1547907608,FW,smtp,87.248.132.154,74.125.103.24,ACCEPT,7,,,,,0
70,1547907610,WS,http,69.131.94.70,74.125.103.23,GET,1,,,,,0
71,1547907610,FW,http,69.248.77.248,74.125.105.31,DROP,7,,,,,0
72,1547907611,FW,smtp,69.131.94.70,74.125.103.25,ACCEPT,5,,,,,0
73,1547907611,WS,http,69.180.60.58,74.125.103.23,GET,1,,,,,0
74,1547907614,FW,ftp,87.180.102.39,74.125.103.25,ACCEPT,2,,,,,0
75,1547907615,FW,smtp,69.180.60.58,74.125.103.25,ACCEPT,5,,,,,0
76,1547907615,FW,ftp,69.131.94.70,74.125.103.24,DROP,6,,,,,0
77,1547907616,FW,ftp,69.180.60.58,74.125.103.24,DROP,6,,,,,0
78,1547907618,WS,http,69.180.28.194,74.125.103.22,GET,4,,,,,0
79,1547907621,FW,ftp,69.248.28.194,74.125.103.25,ACCEPT,7,,,,,0
80,1547907622,FW,http,87.39.218.240,74.125.103.21,ACCEPT,5,,,,,0
81,1547907625,MS,smtp,216.248.252.9,74.125.103.25,AUTH,1,,,,,0
82,1547907625,WS,http,69.180.28.194,74.125.105.31,CONNECT,7,,,,,0
83,1547907628,WS,http,69.131.242.212,74.125.103.23,HEAD,1,,,,,0
84,1547907629,MS,smtp,87.248.7.222,74.125.103.24,EHLO,6,,,,,0
85,1547907630,WS,http,209.180.110.56,74.125.105.30,GET,6,,,,,0
86,1547907631,FW,http,69.180.28.194,74.125.103.23,DROP,6,,,,,0
87,1547907632,WS,http,87.248.148.78,74.125.103.23,GET,6,,,,,0
88,1547907633,MS,smtp,87.131.160.139,74.125.103.24,RCPT_TO,9,,,,,0
89,1547907636,WS,http,87.131.160.139,74.125.103.20,OPTIONS,5,,,,,0
90,1547907639,FW,http,68.39.4.218,74.125.103.20,ACCEPT,3,,,,,0
91,1547907640,MS,smtp,209.39.239.99,74.125.103.24,RSET,9,,,,,0
92,1547907642,WS,http,209.39.91.197,74.125.103.22,POST,5,,,,,0
93,1547907643,WS,http,87.131.160.139,74.125.105.31,GET,6,,,,,0
94,1547907644,WS,http,68.248.134.201,74.125.103.21,GET,5,,,,,0
95,1547907644,WS,http,216.248.165.113,74.125.103.23,POST,8,,,,,0
96,1547907645,WS,http,69.147.99.207,74.125.103.23,TRACE,8,,,,,0
97,1547907646,WS,http,216.248.191.90,74.125.105.30,CONNECT,9,,,,,0
98,1547907646,WS,http,69.131.242.212,74.125.103.23,PUT,8,,,,,0
99,1547907646,WS,http,69.131.242.212,74.125.103.22,GET,7,,,,,0
100,1547907647,MS,smtp,68.131.117.200,74.125.103.24,RSET,9,,,,,0
101,1547907647,WS,http,87.180.182.138,74.125.103.22,GET,4,,,,,0
102,1547907649,FW,ftp,69.131.203.81,74.125.103.21,DROP,5,,,,,0
103,1547907649,FW,ssh,69.131.242.212,74.125.105.31,ACCEPT,8,,,,,0
104,1547907650,MS,smtp,87.39.190.156,74.125.103.25,EHLO,4,,,,,0
105,1547907650,WS,http,87.180.182.138,74.125.105.31,CONNECT,7,,,,,0
106,1547907652,FW,http,87.180.182.138,74.125.103.23,DROP,6,,,,,0
107,1547907653,WS,http,209.39.55.135,74.125.105.31,TRACE,1,,,,,0
108,1547907654,WS,http,87.180.109.185,74.125.105.31,POST,6,,,,,0
109,1547907656,WS,http,87.39.75.218,74.125.103.23,GET,6,,,,,0
110,1547907658,WS,http,68.248.244.168,74.125.103.23,GET,1,,,,,0
111,1547907661,FW,http,69.131.203.81,74.125.103.20,ACCEPT,9,,,,,0
112,1547907662,FW,http,68.180.87.68,74.125.103.22,DROP,7,,,,,0
113,1547907663,FW,smtp,68.248.244.168,74.125.103.25,ACCEPT,5,,,,,0
114,1547907664,WS,http,87.180.140.239,74.125.103.23,GET,1,,,,,0
115,1547907665,FW,ftp,69.248.163.132,74.125.105.30,DROP,10,,,,,0
116,1547907667,WS,http,68.39.105.227,74.125.103.21,CONNECT,4,,,,,0
117,1547907668,FW,ftp,68.248.244.168,74.125.103.24,DROP,6,,,,,0
118,1547907669,FW,smtp,87.180.140.239,74.125.103.25,ACCEPT,5,,,,,0
119,1547907670,MS,smtp,209.131.173.101,74.125.103.24,MAIL_FROM,7,,,,,0
120,1547907670,FW,ftp,87.180.140.239,74.125.103.24,DROP,6,,,,,0
121,1547907672,WS,http,209.147.163.10,74.125.103.20,TRACE,7,,,,,0
122,1547907674,FW,http,87.39.103.37,74.125.103.21,ACCEPT,5,,,,,0
123,1547907674,MS,smtp,216.248.191.90,74.125.103.25,SEND,8,,,,,0
124,1547907675,WS,http,68.39.181.69,74.125.103.22,GET,4,,,,,0
125,1547907676,MS,smtp,68.39.45.137,74.125.103.25,MAIL_FROM,4,,,,,0
126,1547907676,WS,http,216.180.205.212,74.125.103.21,GET,5,,,,,0
127,1547907677,FW,ssh,209.248.53.139,74.125.103.22,ACCEPT,2,,,,,0
128,1547907679,WS,http,209.131.173.101,74.125.103.20,GET,9,,,,,0
129,1547907679,WS,http,209.39.231.214,74.125.105.31,HEAD,6,,,,,0
130,1547907679,WS,http,216.248.45.27,74.125.105.30,GET,7,,,,,0
131,1547907682,WS,http,209.248.53.139,74.125.103.23,PUT,8,,,,,0
132,1547907683,MS,smtp,68.248.87.207,74.125.103.25,RSET,7,,,,,0
133,1547907684,FW,smtp,209.131.173.101,74.125.103.25,DROP,10,,,,,0
134,1547907686,WS,http,209.180.106.131,74.125.103.20,TRACE,7,,,,,0
135,1547907687,WS,http,68.180.138.78,74.125.103.23,GET,1,,,,,0
136,1547907688,FW,ftp,68.180.244.242,74.125.105.30,ACCEPT,9,,,,,0
137,1547907690,FW,ftp,209.248.125.227,74.125.103.20,ACCEPT,8,,,,,0
138,1547907691,FW,smtp,68.180.138.78,74.125.103.25,ACCEPT,5,,,,,0
139,1547907692,WS,http,87.180.145.97,74.125.105.31,POST,4,,,,,0
140,1547907693,FW,ftp,68.180.138.78,74.125.103.24,DROP,6,,,,,0
141,1547907696,WS,http,69.248.251.18,74.125.103.22,HEAD,9,,,,,0
142,1547907697,FW,http,87.248.7.222,74.125.105.30,DROP,1,,,,,0
143,1547907697,MS,smtp,68.39.6.233,74.125.103.25,QUIT,6,,,,,0
144,1547907697,WS,http,68.180.77.232,74.125.105.31,CONNECT,9,,,,,0
145,1547907698,FW,http,209.248.53.139,74.125.103.21,ACCEPT,2,,,,,0
146,1547907699,MS,smtp,209.131.182.135,74.125.103.24,SEND,3,,,,,0
147,1547907699,MS,smtp,68.180.141.47,74.125.103.25,SEND,3,,,,,0
148,1547907702,FW,http,69.248.179.244,74.125.105.30,DROP,5,,,,,0
149,1547907703,FW,ftp,209.131.136.146,74.125.103.24,ACCEPT,9,,,,,0
150,1547907704,FW,ftp,68.248.92.232,74.125.103.24,ACCEPT,10,,,,,0
151,1547907705,WS,http,68.131.22.62,74.125.103.22,PUT,6,,,,,0
152,1547907706,WS,http,209.248.190.228,74.125.103.23,GET,1,,,,,0
153,1547907706,FW,http,216.131.146.71,74.125.105.30,ACCEPT,5,,,,,0
154,1547907708,MS,smtp,216.147.84.85,74.125.103.24,NOOP,1,,,,,0
155,1547907711,FW,smtp,209.248.190.228,74.125.103.25,ACCEPT,5,,,,,0
156,1547907713,FW,ftp,209.248.190.228,74.125.103.24,DROP,6,,,,,0
157,1547907716,FW,http,209.131.19.94,74.125.103.20,ACCEPT,3,,,,,0
158,1547907717,WS,http,87.180.109.185,74.125.103.23,POST,9,,,,,0
159,1547907720,MS,smtp,69.248.251.18,74.125.103.24,RSET,5,,,,,0
160,1547907721,MS,smtp,87.248.197.96,74.125.103.24,RCPT_TO,9,,,,,0
161,1547907723,WS,http,87.248.197.96,74.125.103.20,OPTIONS,5,,,,,0
162,1547907723,FW,http,216.248.84.83,74.125.103.22,ACCEPT,1,,,,,0
163,1547907724,WS,http,216.147.22.76,74.125.103.22,HEAD,4,,,,,0
164,1547907727,WS,http,216.248.121.251,74.125.103.20,TRACE,6,,,,,0
165,1547907727,WS,http,87.248.197.96,74.125.105.31,GET,6,,,,,0
166,1547907728,WS,http,216.131.107.91,74.125.103.20,TRACE,5,,,,,0
167,1547907730,FW,http,69.39.116.39,74.125.105.30,ACCEPT,3,,,,,0
168,1547907733,FW,ftp,216.131.151.186,74.125.103.24,ACCEPT,9,,,,,0
169,1547907733,FW,http,69.147.39.113,74.125.105.30,ACCEPT,1,,,,,0
170,1547907735,FW,ftp,68.131.12.163,74.125.103.21,ACCEPT,7,,,,,0
171,1547907736,WS,http,87.147.4.73,74.125.103.20,GET,7,,,,,0
172,1547907737,FW,ftp,68.39.210.149,74.125.103.20,ACCEPT,6,,,,,0
173,1547907737,WS,http,69.39.41.84,74.125.105.30,GET,7,,,,,0
174,1547907738,FW,smtp,69.248.163.132,74.125.103.24,DROP,5,,,,,0
175,1547907739,FW,http,87.248.132.154,74.125.105.31,ACCEPT,2,,,,,0
176,1547907742,WS,http,209.39.231.214,74.125.103.20,PUT,7,,,,,0
177,1547907744,MS,smtp,69.131.206.10,74.125.103.24,RCPT_TO,9,,,,,0
178,1547907744,WS,http,69.131.206.10,74.125.103.20,OPTIONS,5,,,,,0
179,1547907746,WS,http,69.131.206.10,74.125.105.31,GET,6,,,,,0
180,1547907748,WS,http,68.248.171.5,74.125.105.31,POST,8,,,,,0
181,1547907749,WS,http,68.39.45.65,74.125.103.22,HEAD,5,,,,,0
182,1547907750,WS,http,68.39.188.231,74.125.103.21,OPTIONS,6,,,,,0
183,1547907751,FW,http,68.39.188.231,74.125.103.21,ACCEPT,1,,,,,0
184,1547907753,WS,http,68.131.11.172,74.125.103.20,CONNECT,6,,,,,0
185,1547907754,FW,http,216.180.205.212,74.125.105.31,ACCEPT,1,,,,,0
186,1547907755,WS,http,68.131.103.179,74.125.105.31,PUT,1,,,,,0
187,1547907755,WS,http,68.39.188.231,74.125.103.20,CONNECT,6,,,,,0
188,1547907756,FW,http,216.39.4.78,74.125.103.21,ACCEPT,7,,,,,0
189,1547907756,WS,http,68.180.244.242,74.125.105.31,PUT,2,,,,,0
190,1547907757,WS,http,68.39.105.227,74.125.103.23,GET,1,,,,,0
191,1547907758,FW,smtp,68.39.105.227,74.125.103.25,ACCEPT,5,,,,,0
192,1547907758,WS,http,87.147.252.114,74.125.103.23,GET,7,,,,,0
193,1547907759,FW,ftp,68.39.105.227,74.125.103.24,DROP,6,,,,,0
194,1547907761,FW,ftp,69.248.83.224,74.125.103.21,DROP,2,,,,,0
195,1547907762,WS,http,216.248.43.137,74.125.103.23,GET,5,,,,,0
196,1547907764,WS,http,87.39.35.186,74.125.103.20,OPTIONS,7,,,,,0
197,1547907766,FW,ssh,68.131.117.200,74.125.103.23,ACCEPT,2,,,,,0
198,1547907768,MS,smtp,209.248.190.228,74.125.103.25,RSET,7,,,,,0
199,1547907771,WS,http,87.131.42.174,74.125.103.22,GET,1,,,,,0
200,1547907772,MS,smtp,68.39.105.227,74.125.103.25,QUIT,6,,,,,0
201,1547907773,WS,http,209.147.234.90,74.125.103.22,HEAD,8,,,,,0
202,1547907776,FW,http,69.131.33.151,74.125.105.30,ACCEPT,10,,,,,0
203,1547907779,FW,ftp,69.180.253.31,74.125.105.30,DROP,5,,,,,0
204,1547907779,WS,http,69.248.163.132,74.125.103.21,PUT,3,,,,,0
205,1547907780,WS,http,87.180.114.98,74.125.103.23,OPTIONS,8,,,,,0
206,1547907780,FW,http,68.39.41.173,74.125.103.22,DROP,10,,,,,0
207,1547907782,MS,smtp,69.131.206.10,74.125.103.25,AUTH,3,,,,,0
208,1547907783,WS,http,69.131.242.212,74.125.103.22,GET,4,,,,,0
209,1547907786,WS,http,68.180.141.47,74.125.105.30,GET,1,,,,,0
210,1547907787,FW,smtp,69.180.165.188,74.125.103.25,DROP,7,,,,,0
211,1547907788,WS,http,209.131.136.146,74.125.103.21,TRACE,2,,,,,0
212,1547907790,WS,http,87.39.64.214,74.125.103.21,HEAD,2,,,,,0
213,1547907791,WS,http,216.147.226.49,74.125.103.21,OPTIONS,1,,,,,0
214,1547907792,FW,http,69.147.113.168,74.125.105.30,ACCEPT,10,,,,,0
215,1547907795,WS,http,68.248.87.207,74.125.105.30,GET,8,,,,,0
216,1547907795,WS,http,216.248.46.94,74.125.103.20,PUT,3,,,,,0
217,1547907795,WS,http,216.180.205.212,74.125.103.21,GET,9,,,,,0
218,1547907798,WS,http,68.39.4.218,74.125.103.20,TRACE,2,,,,,0
219,1547907799,WS,http,68.147.138.72,74.125.105.30,GET,9,,,,,0
220,1547907801,WS,http,68.131.3.59,74.125.103.20,POST,1,,,,,0
221,1547907801,WS,http,68.131.12.163,74.125.105.30,GET,3,,,,,0
222,1547907802,MS,smtp,216.180.105.167,74.125.103.25,EHLO,7,,,,,0
223,1547907802,WS,http,209.131.106.2,74.125.103.23,CONNECT,8,,,,,0
224,1547907802,FW,ftp,68.147.138.72,74.125.105.31,ACCEPT,2,,,,,0
225,1547907803,WS,http,68.248.23.136,74.125.105.30,GET,3,,,,,0
226,1547907803,WS,http,216.147.149.19,74.125.105.30,GET,5,,,,,0
227,1547907804,FW,http,68.147.202.217,74.125.105.30,DROP,6,,,,,0
228,1547907805,FW,ftp,87.248.239.155,74.125.103.21,DROP,7,,,,,0
229,1547907808,WS,http,216.131.165.106,74.125.103.23,GET,5,,,,,0
230,1547907809,FW,ssh,68.180.33.122,74.125.103.20,DROP,3,,,,,0
231,1547907809,FW,http,68.39.138.136,74.125.103.20,DROP,2,,,,,0
232,1547907810,MS,smtp,68.131.236.57,74.125.103.24,SEND,5,,,,,0
233,1547907812,WS,http,87.180.102.39,74.125.105.30,POST,5,,,,,0
234,1547907812,MS,smtp,216.248.84.83,74.125.103.24,MAIL_FROM,9,,,,,0
235,1547907814,MS,smtp,209.248.177.64,74.125.103.25,QUIT,9,,,,,0
236,1547907815,WS,http,87.248.7.222,74.125.103.22,GET,6,,,,,0
237,1547907815,FW,http,216.248.160.41,74.125.103.23,ACCEPT,3,,,,,3
238,1547907816,FW,ssh,216.248.160.41,74.125.103.25,ACCEPT,6,,,,,0
239,1547907817,WS,http,209.147.9.203,74.125.105.30,GET,8,,,,,0
240,1547907819,WS,http,216.248.160.41,74.125.105.31,HEAD,3,,,,,3
241,1547907821,FW,http,68.248.232.193,74.125.103.21,ACCEPT,4,,,,,0
242,1547907822,FW,http,216.248.160.41,74.125.103.22,DROP,9,,,,,3
243,1547907823,FW,ssh,69.39.41.84,74.125.103.23,ACCEPT,10,,,,,0
244,1547907824,MS,smtp,87.131.42.174,74.125.103.25,AUTH,9,,,,,0
245,1547907825,FW,smtp,87.147.4.73,74.125.103.25,ACCEPT,2,,,,,0
246,1547907828,FW,http,216.180.205.212,74.125.103.20,ACCEPT,10,,,,,0
247,1547907829,FW,ftp,209.147.163.10,74.125.103.24,ACCEPT,2,,,,,0
248,1547907829,FW,ftp,68.180.134.209,74.125.103.21,ACCEPT,8,,,,,0
249,1547907829,WS,http,68.39.45.137,74.125.103.23,HEAD,4,,,,,0
250,1547907830,WS,http,216.248.121.251,74.125.103.21,GET,8,,,,,0
251,1547907832,WS,http,216.248.121.251,74.125.103.22,GET,4,,,,,0
252,1547907834,WS,http,68.39.93.243,74.125.105.30,CONNECT,9,,,,,0
253,1547907837,FW,http,209.248.177.64,74.125.103.23,DROP,8,,,,,0
254,1547907840,WS,http,69.131.206.10,74.125.103.23,POST,8,,,,,0
255,1547907842,FW,ssh,216.147.226.49,74.125.103.21,DROP,3,,,,,0
256,1547907843,WS,http,209.131.106.2,74.125.103.20,CONNECT,4,,,,,0
257,1547907845,WS,http,216.131.151.186,74.125.103.22,GET,9,,,,,0
258,1547907845,FW,ftp,69.147.159.42,74.125.103.22,ACCEPT,9,,,,,0
259,1547907846,MS,smtp,216.180.219.168,74.125.103.24,HELO,9,,,,,0
260,1547907846,WS,http,216.131.107.91,74.125.105.31,CONNECT,1,,,,,0
261,1547907847,FW,http,68.131.202.48,74.125.105.30,DROP,1,,,,,0
262,1547907850,WS,http,216.147.223.68,74.125.103.23,GET,3,,,,,0
263,1547907851,WS,http,216.248.252.9,74.125.103.23,GET,1,,,,,0
264,1547907852,FW,smtp,216.248.252.9,74.125.103.25,ACCEPT,5,,,,,0
265,1547907854,WS,http,209.248.190.228,74.125.103.20,PUT,2,,,,,0
266,1547907857,MS,smtp,68.131.85.55,74.125.103.24,SEND,1,,,,,0
267,1547907858,FW,ftp,216.248.252.9,74.125.103.24,DROP,6,,,,,0
268,1547907860,MS,smtp,216.131.106.15,74.125.103.24,HELO,2,,,,,0
269,1547907863,MS,smtp,87.248.141.157,74.125.103.25,MAIL_FROM,9,,,,,0
270,1547907864,FW,smtp,87.248.19.85,74.125.103.25,DROP,2,,,,,0
271,1547907865,FW,smtp,87.180.223.102,74.125.103.25,ACCEPT,7,,,,,0
272,1547907865,WS,http,209.248.177.64,74.125.103.23,POST,2,,,,,0
273,1547907866,MS,smtp,87.248.19.85,74.125.103.25,AUTH,1,,,,,0
274,1547907866,WS,http,216.180.76.48,74.125.103.21,OPTIONS,6,,,,,0
275,1547907869,MS,smtp,69.147.113.168,74.125.103.25,AUTH,6,,,,,0
276,1547907869,WS,http,209.180.22.104,74.125.103.21,OPTIONS,6,,,,,0
277,1547907870,FW,http,216.180.76.48,74.125.103.21,ACCEPT,1,,,,,0
278,1547907871,FW,http,209.180.22.104,74.125.103.21,ACCEPT,1,,,,,0
279,1547907871,WS,http,209.180.22.104,74.125.103.20,CONNECT,6,,,,,0
280,1547907871,FW,ssh,87.147.199.124,74.125.103.24,DROP,2,,,,,0
281,1547907871,WS,http,216.180.76.48,74.125.103.20,CONNECT,6,,,,,0
282,1547907873,FW,http,216.39.36.153,74.125.103.21,DROP,5,,,,,0
283,1547907876,MS,smtp,68.180.136.83,74.125.103.24,SEND,2,,,,,0
284,1547907878,WS,http,68.180.219.235,74.125.103.21,OPTIONS,6,,,,,0
285,1547907878,WS,http,216.39.56.113,74.125.103.22,TRACE,4,,,,,0
286,1547907879,MS,smtp,68.131.85.55,74.125.103.25,QUIT,6,,,,,0
287,1547907880,MS,smtp,209.147.89.232,74.125.103.24,SEND,7,,,,,0
288,1547907883,FW,http,68.180.219.235,74.125.103.21,ACCEPT,1,,,,,0
289,1547907884,MS,smtp,69.39.205.24,74.125.103.24,HELO,1,,,,,0
290,1547907884,WS,http,68.131.103.179,74.125.103.20,GET,1,,,,,0
291,1547907885,WS,http,209.147.150.153,74.125.103.21,OPTIONS,6,,,,,0
292,1547907885,WS,http,68.180.219.235,74.125.103.20,CONNECT,6,,,,,0
293,1547907885,WS,http,87.180.145.97,74.125.103.21,OPTIONS,6,,,,,0
294,1547907886,FW,ftp,216.248.45.27,74.125.103.21,DROP,7,,,,,0
295,1547907886,FW,http,209.147.150.153,74.125.103.21,ACCEPT,1,,,,,0
296,1547907886,FW,http,87.180.145.97,74.125.103.21,ACCEPT,1,,,,,0
297,1547907889,WS,http,209.147.150.153,74.125.103.20,CONNECT,6,,,,,0
298,1547907889,WS,http,87.180.145.97,74.125.103.20,CONNECT,6,,,,,0
299,1547907892,FW,ftp,69.180.91.222,74.125.103.23,DROP,5,,,,,0
300,1547907893,WS,http,216.180.27.250,74.125.103.23,HEAD,2,,,,,0
301,1547907894,FW,http,87.147.250.90,74.125.105.30,ACCEPT,7,,,,,0
302,1547907894,FW,ftp,216.180.8.112,74.125.103.21,ACCEPT,7,,,,,0
303,1547907895,FW,http,68.180.219.235,74.125.103.22,ACCEPT,1,,,,,0
304,1547907896,FW,http,69.39.160.238,74.125.103.23,ACCEPT,3,,,,,4
305,1547907897,WS,http,69.39.160.238,74.125.105.31,HEAD,3,,,,,4
306,1547907897,WS,http,69.248.163.132,74.125.103.20,PUT,8,,,,,0
307,1547907898,FW,http,69.39.160.238,74.125.103.22,DROP,9,,,,,4
308,1547907901,FW,ssh,69.248.83.224,74.125.105.30,ACCEPT,3,,,,,0
309,1547907903,MS,smtp,216.180.27.250,74.125.103.24,MAIL_FROM,3,,,,,0
310,1547907906,WS,http,216.248.119.169,74.125.103.22,GET,3,,,,,0
311,1547907906,FW,http,216.39.167.71,74.125.105.30,DROP,10,,,,,0
312,1547907907,WS,http,216.147.22.76,74.125.105.30,GET,1,,,,,0
313,1547907909,MS,smtp,69.248.77.248,74.125.103.25,DATA,7,,,,,0
314,1547907910,FW,ftp,216.180.181.65,74.125.103.21,DROP,1,,,,,0
315,1547907910,WS,http,209.39.55.135,74.125.103.23,GET,7,,,,,0
316,1547907911,WS,http,209.39.242.57,74.125.105.30,GET,9,,,,,0
317,1547907913,MS,smtp,87.248.96.158,74.125.103.25,EHLO,2,,,,,0
318,1547907915,WS,http,216.39.56.113,74.125.105.31,GET,7,,,,,0
319,1547907917,FW,ftp,216.131.160.52,74.125.105.30,ACCEPT,2,,,,,0
320,1547907917,WS,http,69.248.77.248,74.125.103.23,GET,2,,,,,0
321,1547907917,MS,smtp,69.180.28.194,74.125.103.25,AUTH,6,,,,,0
322,1547907918,FW,ssh,68.180.138.78,74.125.103.25,ACCEPT,7,,,,,0
323,1547907919,MS,smtp,68.131.236.57,74.125.103.25,NOOP,6,,,,,0
324,1547907920,FW,ftp,68.131.236.57,74.125.103.24,DROP,5,,,,,0
325,1547907921,WS,http,69.131.203.81,74.125.105.30,GET,5,,,,,0
326,1547907922,MS,smtp,209.180.110.56,74.125.103.24,RCPT_TO,1,,,,,0
327,1547907923,MS,smtp,87.248.141.157,74.125.103.25,RCPT_TO,7,,,,,0
328,1547907924,FW,http,87.131.130.79,74.125.103.22,DROP,2,,,,,0
329,1547907925,MS,smtp,68.39.41.173,74.125.103.25,NOOP,4,,,,,0
330,1547907925,FW,ftp,209.180.106.131,74.125.103.20,ACCEPT,6,,,,,0
331,1547907926,FW,smtp,68.147.190.131,74.125.103.25,ACCEPT,9,,,,,0
332,1547907927,MS,smtp,68.39.210.149,74.125.103.24,QUIT,1,,,,,0
333,1547907929,WS,http,69.248.179.244,74.125.103.22,GET,7,,,,,0
334,1547907930,MS,smtp,69.180.98.217,74.125.103.25,NOOP,4,,,,,0
335,1547907931,WS,http,68.147.182.245,74.125.103.20,TRACE,3,,,,,0
336,1547907932,MS,smtp,209.131.90.232,74.125.103.24,AUTH,8,,,,,0
337,1547907932,MS,smtp,68.147.227.199,74.125.103.25,SEND,2,,,,,0
338,1547907932,FW,http,87.39.30.151,74.125.103.20,ACCEPT,2,,,,,0
339,1547907934,WS,http,216.248.160.41,74.125.103.22,POST,7,,,,,0
340,1547907934,MS,smtp,216.180.141.168,74.125.103.25,AUTH,8,,,,,0
341,1547907936,WS,http,209.39.91.197,74.125.105.31,GET,9,,,,,0
342,1547907937,MS,smtp,87.180.57.170,74.125.103.24,NOOP,2,,,,,0
343,1547907938,FW,http,69.147.99.207,74.125.103.22,ACCEPT,4,,,,,0
344,1547907938,MS,smtp,216.180.247.70,74.125.103.24,RSET,4,,,,,0
345,1547907940,WS,http,68.39.217.175,74.125.105.31,OPTIONS,1,,,,,0
346,1547907940,FW,ssh,216.131.106.15,74.125.105.30,ACCEPT,5,,,,,0
347,1547907941,WS,http,216.131.64.50,74.125.103.23,CONNECT,7,,,,,0
348,1547907942,WS,http,87.39.35.186,74.125.103.23,GET,7,,,,,0
349,1547907943,FW,http,209.39.103.35,74.125.103.22,ACCEPT,9,,,,,0
350,1547907943,FW,ftp,216.147.149.19,74.125.103.25,ACCEPT,6,,,,,0
351,1547907943,WS,http,68.39.60.66,74.125.103.22,GET,4,,,,,0
352,1547907943,FW,ssh,68.248.229.122,74.125.103.25,DROP,9,,,,,0
353,1547907944,MS,smtp,87.248.239.155,74.125.103.24,NOOP,4,,,,,0
354,1547907945,FW,http,68.131.117.200,74.125.103.20,ACCEPT,3,,,,,0
355,1547907946,WS,http,68.39.60.66,74.125.105.31,CONNECT,7,,,,,0
356,1547907948,FW,http,68.39.60.66,74.125.103.23,DROP,6,,,,,0
357,1547907949,WS,http,216.147.145.47,74.125.103.21,TRACE,7,,,,,0
358,1547907950,WS,http,216.180.181.65,74.125.103.21,GET,1,,,,,0
359,1547907951,WS,http,69.248.251.18,74.125.103.23,POST,4,,,,,0
360,1547907954,MS,smtp,209.147.183.236,74.125.103.24,RSET,8,,,,,0
361,1547907957,FW,http,209.147.150.153,74.125.103.22,ACCEPT,1,,,,,0
362,1547907957,FW,ftp,69.248.137.70,74.125.103.22,ACCEPT,1,,,,,0
363,1547907959,MS,smtp,68.39.60.66,74.125.103.25,HELO,7,,,,,0
364,1547907960,FW,http,216.248.70.40,74.125.105.31,ACCEPT,8,,,,,0
365,1547907961,FW,http,69.180.253.31,74.125.103.23,ACCEPT,3,,,,,5
366,1547907961,WS,http,69.180.253.31,74.125.105.31,HEAD,3,,,,,5
367,1547907963,FW,http,69.180.253.31,74.125.103.22,DROP,9,,,,,5
368,1547907966,FW,ssh,69.131.151.104,74.125.103.24,DROP,1,,,,,0
369,1547907966,FW,http,216.131.160.52,74.125.103.22,DROP,4,,,,,0
370,1547907966,WS,http,69.248.108.78,74.125.103.21,TRACE,8,,,,,0
371,1547907968,WS,http,68.248.231.81,74.125.103.20,OPTIONS,4,,,,,0
372,1547907969,FW,ssh,69.147.99.207,74.125.105.30,ACCEPT,6,,,,,0
373,1547907969,FW,ftp,68.248.92.232,74.125.105.31,ACCEPT,8,,,,,0
374,1547907971,FW,ftp,209.180.110.56,74.125.105.30,ACCEPT,1,,,,,0
375,1547907971,FW,http,68.248.87.207,74.125.103.23,ACCEPT,3,,,,,6
376,1547907972,MS,smtp,87.131.157.38,74.125.103.25,SEND,2,,,,,0
377,1547907972,WS,http,68.248.87.207,74.125.105.31,HEAD,3,,,,,6
378,1547907972,FW,http,68.248.87.207,74.125.103.22,DROP,9,,,,,6
379,1547907972,MS,smtp,87.147.199.124,74.125.103.24,DATA,2,,,,,0
380,1547907973,FW,ftp,209.180.110.56,74.125.103.22,DROP,1,,,,,0
381,1547907973,FW,http,87.180.231.204,74.125.105.30,DROP,4,,,,,0
382,1547907973,FW,smtp,209.147.234.90,74.125.103.25,DROP,4,,,,,0
383,1547907976,WS,http,68.131.63.241,74.125.103.21,GET,8,,,,,0
384,1547907977,WS,http,69.147.99.207,74.125.103.21,CONNECT,8,,,,,0
385,1547907977,FW,ftp,87.131.209.41,74.125.103.25,ACCEPT,7,,,,,0
386,1547907978,WS,http,87.147.200.156,74.125.103.22,POST,7,,,,,0
387,1547907980,MS,smtp,69.131.206.10,74.125.103.25,QUIT,8,,,,,0
388,1547907981,FW,http,68.39.88.71,74.125.105.31,ACCEPT,5,,,,,0
389,1547907982,WS,http,216.180.27.250,74.125.103.20,POST,3,,,,,0
390,1547907984,FW,ftp,69.131.94.70,74.125.105.30,ACCEPT,5,,,,,0
391,1547907984,WS,http,209.147.163.10,74.125.103.20,TRACE,7,,,,,0
392,1547907984,WS,http,69.248.251.18,74.125.105.30,CONNECT,2,,,,,0
393,1547907986,WS,http,68.147.87.172,74.125.103.22,GET,7,,,,,0
394,1547907986,WS,http,216.131.165.149,74.125.105.30,GET,3,,,,,0
395,1547907986,MS,smtp,69.131.203.81,74.125.103.24,RSET,8,,,,,0
396,1547907987,WS,http,87.180.140.239,74.125.105.31,HEAD,3,,,,,0
397,1547907988,MS,smtp,68.248.229.122,74.125.103.24,DATA,5,,,,,0
398,1547907988,WS,http,68.39.93.243,74.125.103.22,TRACE,6,,,,,0
399,1547907989,MS,smtp,68.180.87.68,74.125.103.24,RCPT_TO,1,,,,,0
400,1547907991,WS,http,216.180.157.139,74.125.103.23,GET,2,,,,,0
401,1547907993,FW,ssh,87.180.223.102,74.125.103.22,ACCEPT,5,,,,,0
402,1547907995,WS,http,87.180.231.204,74.125.103.23,GET,1,,,,,0
403,1547907996,WS,http,87.180.57.170,74.125.103.23,TRACE,2,,,,,0
404,1547907996,MS,smtp,209.131.104.21,74.125.103.25,HELO,8,,,,,0
405,1547907997,MS,smtp,216.180.8.112,74.125.103.24,SEND,9,,,,,0
406,1547907998,WS,http,216.248.252.9,74.125.105.30,TRACE,6,,,,,0
407,1547907998,FW,ssh,209.147.9.203,74.125.103.24,DROP,7,,,,,0
408,1547908000,FW,ftp,87.248.197.96,74.125.103.22,ACCEPT,4,,,,,0
409,1547908001,WS,http,216.131.151.186,74.125.103.21,GET,3,,,,,0
410,1547908002,FW,http,68.180.141.47,74.125.103.22,ACCEPT,10,,,,,0
411,1547908004,MS,smtp,87.131.209.41,74.125.103.24,SEND,1,,,,,0
412,1547908006,FW,ftp,216.180.141.168,74.125.103.20,DROP,5,,,,,0
413,1547908007,WS,http,69.180.60.58,74.125.103.20,OPTIONS,3,,,,,0
414,1547908008,FW,ftp,87.248.7.222,74.125.103.23,ACCEPT,10,,,,,0
415,1547908009,WS,http,87.131.42.174,74.125.103.21,GET,1,,,,,0
416,1547908009,MS,smtp,68.131.234.83,74.125.103.25,RSET,5,,,,,0
417,1547908012,FW,http,68.248.63.243,74.125.103.23,ACCEPT,6,,,,,0
418,1547908012,MS,smtp,216.39.81.38,74.125.103.24,SEND,7,,,,,0
419,1547908013,WS,http,69.39.116.39,74.125.105.31,CONNECT,9,,,,,0
420,1547908014,WS,http,68.131.22.62,74.125.105.30,TRACE,9,,,,,0
421,1547908014,MS,smtp,68.180.133.3,74.125.103.24,NOOP,2,,,,,0
422,1547908017,WS,http,209.39.103.35,74.125.105.31,CONNECT,4,,,,,0
423,1547908019,FW,smtp,69.131.151.104,74.125.103.24,ACCEPT,3,,,,,0
424,1547908020,WS,http,68.131.103.179,74.125.103.20,HEAD,2,,,,,0
425,1547908021,MS,smtp,87.39.64.214,74.125.103.25,EHLO,4,,,,,0
426,1547908022,FW,http,216.180.147.157,74.125.103.21,ACCEPT,8,,,,,0
427,1547908022,FW,smtp,68.147.138.72,74.125.103.24,ACCEPT,6,,,,,0
428,1547908022,MS,smtp,209.131.165.149,74.125.103.24,RCPT_TO,9,,,,,0
429,1547908023,WS,http,209.131.188.71,74.125.103.20,CONNECT,4,,,,,0
430,1547908023,WS,http,209.131.165.149,74.125.103.20,OPTIONS,5,,,,,0
431,1547908026,WS,http,209.131.165.149,74.125.105.31,GET,6,,,,,0
432,1547908027,WS,http,209.39.242.57,74.125.103.23,OPTIONS,2,,,,,0
433,1547908028,FW,ftp,87.180.206.238,74.125.103.23,DROP,9,,,,,0
434,1547908028,WS,http,68.131.12.163,74.125.103.20,GET,7,,,,,0
435,1547908030,FW,ftp,209.131.42.249,74.125.103.24,ACCEPT,7,,,,,0
436,1547908030,MS,smtp,87.39.95.230,74.125.103.24,RCPT_TO,8,,,,,0
437,1547908031,FW,http,68.180.133.3,74.125.105.30,ACCEPT,3,,,,,0
438,1547908032,MS,smtp,216.248.188.224,74.125.103.25,SEND,3,,,,,0
439,1547908033,WS,http,216.180.141.168,74.125.103.23,GET,1,,,,,0
440,1547908034,WS,http,87.180.114.98,74.125.105.31,POST,3,,,,,0
441,1547908035,MS,smtp,87.248.7.222,74.125.103.24,RCPT_TO,9,,,,,0
442,1547908035,FW,http,209.131.173.101,74.125.103.20,DROP,8,,,,,0
443,1547908037,FW,smtp,216.180.141.168,74.125.103.25,ACCEPT,5,,,,,0
444,1547908037,FW,ftp,216.180.141.168,74.125.103.24,DROP,6,,,,,0
445,1547908038,WS,http,87.248.7.222,74.125.103.20,OPTIONS,5,,,,,0
446,1547908038,WS,http,87.248.7.222,74.125.105.31,GET,6,,,,,0
447,1547908039,WS,http,68.248.178.44,74.125.103.21,PUT,3,,,,,0
448,1547908042,WS,http,68.39.188.231,74.125.103.21,GET,6,,,,,0
449,1547908043,FW,smtp,87.39.95.230,74.125.103.24,DROP,1,,,,,0
450,1547908045,MS,smtp,87.180.196.155,74.125.103.25,SEND,4,,,,,0
451,1547908045,WS,http,68.131.117.200,74.125.103.21,PUT,3,,,,,0
452,1547908045,FW,http,216.39.15.207,74.125.103.22,ACCEPT,3,,,,,0
453,1547908047,WS,http,69.248.28.194,74.125.103.20,POST,4,,,,,0
454,1547908047,FW,ftp,69.131.180.5,74.125.103.24,DROP,8,,,,,0
455,1547908047,MS,smtp,209.131.136.146,74.125.103.25,RCPT_TO,5,,,,,0
456,1547908048,WS,http,209.147.95.47,74.125.103.20,TRACE,5,,,,,0
457,1547908049,WS,http,216.131.107.91,74.125.103.20,HEAD,2,,,,,0
458,1547908050,FW,http,68.39.188.231,74.125.103.23,ACCEPT,1,,,,,0
459,1547908052,WS,http,68.147.87.172,74.125.103.22,GET,8,,,,,0
460,1547908053,MS,smtp,209.147.163.10,74.125.103.25,RSET,6,,,,,0
461,1547908053,WS,http,69.248.76.151,74.125.103.20,PUT,9,,,,,0
462,1547908056,WS,http,216.131.149.122,74.125.105.30,GET,7,,,,,0
463,1547908057,MS,smtp,68.39.147.218,74.125.103.24,MAIL_FROM,6,,,,,0
464,1547908057,FW,http,216.248.121.251,74.125.103.21,ACCEPT,7,,,,,0
465,1547908059,WS,http,69.39.71.250,74.125.105.31,POST,3,,,,,0
466,1547908060,WS,http,68.39.45.137,74.125.105.30,TRACE,9,,,,,0
467,1547908060,WS,http,209.39.172.99,74.125.103.22,GET,6,,,,,0
468,1547908061,FW,smtp,209.39.4.247,74.125.103.24,ACCEPT,3,,,,,0
469,1547908061,FW,http,216.180.76.48,74.125.103.22,ACCEPT,3,,,,,0
470,1547908061,FW,http,209.131.42.249,74.125.103.21,ACCEPT,2,,,,,0
471,1547908061,FW,http,68.248.92.232,74.125.103.20,DROP,9,,,,,0
472,1547908062,WS,http,209.248.191.250,74.125.103.23,GET,7,,,,,0
473,1547908063,FW,ftp,87.180.20.117,74.125.103.24,ACCEPT,7,,,,,0
474,1547908063,WS,http,209.248.140.29,74.125.103.21,CONNECT,4,,,,,0
475,1547908065,WS,http,69.131.214.152,74.125.103.22,TRACE,4,,,,,0
476,1547908066,WS,http,68.39.188.231,74.125.103.20,PUT,7,,,,,0
477,1547908067,MS,smtp,87.39.7.225,74.125.103.25,AUTH,9,,,,,0
478,1547908067,WS,http,69.131.206.115,74.125.103.22,GET,3,,,,,0
479,1547908069,FW,smtp,68.180.133.3,74.125.103.24,ACCEPT,8,,,,,0
480,1547908071,FW,http,87.248.197.96,74.125.105.31,ACCEPT,4,,,,,0
481,1547908073,MS,smtp,216.131.165.106,74.125.103.25,AUTH,9,,,,,0
482,1547908074,WS,http,216.131.160.52,74.125.105.31,TRACE,1,,,,,0
483,1547908074,WS,http,68.180.244.242,74.125.103.21,OPTIONS,6,,,,,0
484,1547908076,WS,http,69.39.205.24,74.125.103.21,HEAD,5,,,,,0
485,1547908077,FW,http,68.180.244.242,74.125.103.21,ACCEPT,1,,,,,0
486,1547908077,FW,http,209.248.190.228,74.125.105.30,DROP,3,,,,,0
487,1547908078,WS,http,68.180.244.242,74.125.103.20,CONNECT,6,,,,,0
488,1547908078,FW,http,68.248.171.5,74.125.103.23,ACCEPT,3,,,,,7
489,1547908078,WS,http,87.39.64.214,74.125.105.31,GET,6,,,,,0
490,1547908079,WS,http,68.248.171.5,74.125.105.31,HEAD,3,,,,,7
491,1547908082,FW,http,68.248.171.5,74.125.103.22,DROP,9,,,,,7
492,1547908083,MS,smtp,68.39.210.149,74.125.103.25,SEND,3,,,,,0
493,1547908083,WS,http,69.147.195.104,74.125.105.31,GET,5,,,,,0
494,1547908085,WS,http,216.131.24.74,74.125.105.30,GET,5,,,,,0
495,1547908085,MS,smtp,87.180.231.204,74.125.103.24,AUTH,4,,,,,0
496,1547908087,WS,http,87.147.200.156,74.125.105.31,PUT,2,,,,,0
497,1547908088,FW,http,68.180.134.209,74.125.103.20,ACCEPT,2,,,,,0
498,1547908089,FW,ftp,87.180.219.198,74.125.105.30,DROP,10,,,,,0
499,1547908091,MS,smtp,216.39.15.207,74.125.103.25,HELO,3,,,,,0
500,1547908091,FW,http,209.180.128.241,74.125.103.20,DROP,3,,,,,0
501,1547908094,FW,ssh,68.39.181.69,74.125.103.24,ACCEPT,9,,,,,0
502,1547908094,MS,smtp,69.147.80.77,74.125.103.24,MAIL_FROM,3,,,,,0
503,1547908094,MS,smtp,216.39.244.68,74.125.103.24,RCPT_TO,9,,,,,0
504,1547908094,FW,ftp,209.180.142.211,74.125.103.23,DROP,10,,,,,0
505,1547908094,FW,ftp,209.180.106.131,74.125.103.24,ACCEPT,10,,,,,0
506,1547908094,WS,http,216.39.244.68,74.125.103.20,OPTIONS,5,,,,,0
507,1547908096,FW,ftp,68.39.217.175,74.125.103.22,ACCEPT,2,,,,,0
508,1547908098,WS,http,68.131.236.57,74.125.105.30,GET,9,,,,,0
509,1547908098,MS,smtp,216.131.165.106,74.125.103.25,HELO,1,,,,,0
510,1547908099,WS,http,216.39.244.68,74.125.105.31,GET,6,,,,,0
511,1547908099,MS,smtp,209.131.22.123,74.125.103.25,MAIL_FROM,5,,,,,0
512,1547908102,WS,http,209.39.231.214,74.125.103.23,PUT,8,,,,,0
513,1547908102,WS,http,209.39.231.214,74.125.103.22,GET,7,,,,,0
514,1547908102,FW,ssh,209.39.231.214,74.125.105.31,ACCEPT,8,,,,,0
515,1547908102,FW,http,68.131.103.179,74.125.103.21,DROP,3,,,,,0
516,1547908103,WS,http,68.147.146.13,74.125.103.23,PUT,8,,,,,0
517,1547908104,WS,http,69.180.253.31,74.125.105.30,OPTIONS,7,,,,,0
518,1547908105,WS,http,68.147.146.13,74.125.103.22,GET,7,,,,,0
519,1547908105,FW,http,68.180.219.235,74.125.103.21,DROP,7,,,,,0
520,1547908105,MS,smtp,216.131.149.122,74.125.103.25,SEND,9,,,,,0
521,1547908107,WS,http,68.39.138.136,74.125.103.22,HEAD,7,,,,,0
522,1547908108,FW,ssh,68.147.146.13,74.125.105.31,ACCEPT,8,,,,,0
523,1547908110,WS,http,87.180.145.97,74.125.103.22,GET,1,,,,,0
524,1547908111,WS,http,216.147.149.19,74.125.103.23,POST,7,,,,,0
525,1547908113,WS,http,68.131.117.200,74.125.105.30,HEAD,4,,,,,0
526,1547908113,WS,http,87.147.250.90,74.125.103.22,CONNECT,5,,,,,0
527,1547908115,WS,http,69.39.160.238,74.125.105.30,GET,4,,,,,0
528,1547908118,MS,smtp,69.248.83.224,74.125.103.25,AUTH,8,,,,,0
529,1547908118,FW,http,216.147.226.49,74.125.103.21,DROP,10,,,,,0
530,1547908119,WS,http,68.39.217.175,74.125.105.30,GET,1,,,,,0
531,1547908119,MS,smtp,209.39.91.197,74.125.103.24,EHLO,6,,,,,0
532,1547908119,WS,http,216.248.119.167,74.125.103.22,GET,4,,,,,0
533,1547908120,MS,smtp,209.147.41.95,74.125.103.24,EHLO,9,,,,,0
534,1547908120,MS,smtp,69.131.206.115,74.125.103.24,MAIL_FROM,4,,,,,0
535,1547908121,WS,http,216.248.119.167,74.125.105.31,CONNECT,7,,,,,0
536,1547908123,FW,smtp,216.131.146.71,74.125.103.25,ACCEPT,2,,,,,0
537,1547908124,WS,http,216.131.224.156,74.125.103.21,GET,2,,,,,0
538,1547908126,FW,smtp,68.180.28.3,74.125.103.24,ACCEPT,4,,,,,0
539,1547908128,FW,http,216.248.119.167,74.125.103.23,DROP,6,,,,,0
540,1547908128,WS,http,69.131.180.5,74.125.103.20,HEAD,7,,,,,0
541,1547908130,MS,smtp,209.39.55.135,74.125.103.24,QUIT,1,,,,,0
542,1547908131,MS,smtp,69.248.83.224,74.125.103.25,RCPT_TO,3,,,,,0
543,1547908134,WS,http,216.39.179.38,74.125.103.21,GET,6,,,,,0
544,1547908135,WS,http,68.147.175.186,74.125.103.22,GET,4,,,,,0
545,1547908136,WS,http,209.131.188.71,74.125.103.23,PUT,6,,,,,0
546,1547908136,MS,smtp,87.248.148.78,74.125.103.25,QUIT,3,,,,,0
547,1547908136,FW,ftp,87.131.60.125,74.125.103.22,DROP,8,,,,,0
548,1547908138,FW,ftp,68.180.133.3,74.125.103.24,DROP,2,,,,,0
549,1547908139,WS,http,68.39.217.175,74.125.103.23,PUT,1,,,,,0
550,1547908139,MS,smtp,87.180.142.184,74.125.103.24,RCPT_TO,3,,,,,0
551,1547908140,MS,smtp,209.39.55.135,74.125.103.25,RSET,2,,,,,0
552,1547908141,MS,smtp,216.131.170.4,74.125.103.25,EHLO,4,,,,,0
553,1547908142,MS,smtp,68.180.138.78,74.125.103.25,SEND,5,,,,,0
554,1547908143,FW,ftp,68.180.219.235,74.125.103.21,ACCEPT,10,,,,,0
555,1547908146,FW,http,209.39.231.214,74.125.105.31,ACCEPT,8,,,,,0
556,1547908147,FW,ssh,209.131.104.21,74.125.103.20,DROP,1,,,,,0
557,1547908149,FW,smtp,69.248.61.83,74.125.103.25,DROP,9,,,,,0
558,1547908149,MS,smtp,216.248.43.144,74.125.103.24,RCPT_TO,9,,,,,0
559,1547908150,WS,http,87.180.196.155,74.125.105.31,OPTIONS,3,,,,,0
560,1547908151,FW,ftp,68.180.244.242,74.125.105.30,ACCEPT,10,,,,,0
561,1547908151,WS,http,216.248.43.144,74.125.103.20,OPTIONS,5,,,,,0
562,1547908153,FW,http,68.131.236.57,74.125.103.20,ACCEPT,9,,,,,0
563,1547908154,WS,http,68.131.236.57,74.125.103.22,OPTIONS,4,,,,,0
564,1547908154,FW,ftp,68.180.136.83,74.125.103.21,DROP,9,,,,,0
565,1547908156,WS,http,216.248.43.144,74.125.105.31,GET,6,,,,,0
566,1547908158,WS,http,209.180.142.211,74.125.103.22,PUT,3,,,,,0
567,1547908159,WS,http,87.39.216.19,74.125.103.21,CONNECT,4,,,,,0
568,1547908160,WS,http,87.131.42.174,74.125.103.23,GET,3,,,,,0
569,1547908162,FW,http,87.147.122.177,74.125.105.30,ACCEPT,1,,,,,0
570,1547908163,WS,http,68.39.45.137,74.125.105.30,HEAD,6,,,,,0
571,1547908166,WS,http,216.39.81.38,74.125.103.21,CONNECT,1,,,,,0
572,1547908167,FW,http,209.39.231.214,74.125.103.23,ACCEPT,3,,,,,8
573,1547908168,MS,smtp,216.39.64.250,74.125.103.25,DATA,6,,,,,0
574,1547908169,WS,http,209.147.9.203,74.125.103.20,OPTIONS,9,,,,,0
575,1547908170,WS,http,68.39.210.149,74.125.105.30,GET,3,,,,,0
576,1547908170,WS,http,209.39.231.214,74.125.105.31,HEAD,3,,,,,8
577,1547908170,FW,http,209.39.231.214,74.125.103.22,DROP,9,,,,,8
578,1547908172,WS,http,87.131.160.139,74.125.103.23,GET,1,,,,,0
579,1547908174,FW,smtp,87.131.160.139,74.125.103.25,ACCEPT,5,,,,,0
580,1547908174,WS,http,209.147.178.109,74.125.105.30,GET,1,,,,,0
581,1547908176,WS,http,87.180.223.102,74.125.103.23,PUT,8,,,,,0
582,1547908177,WS,http,87.180.223.102,74.125.103.22,GET,7,,,,,0
583,1547908179,FW,ftp,87.131.160.139,74.125.103.24,DROP,6,,,,,0
584,1547908179,MS,smtp,68.248.178.44,74.125.103.24,QUIT,7,,,,,0
585,1547908179,FW,ssh,87.180.223.102,74.125.105.31,ACCEPT,8,,,,,0
586,1547908179,MS,smtp,87.39.95.230,74.125.103.24,RCPT_TO,2,,,,,0
587,1547908180,FW,ftp,68.39.105.227,74.125.105.31,DROP,10,,,,,0
588,1547908182,WS,http,87.180.57.170,74.125.105.31,TRACE,6,,,,,0
589,1547908182,FW,http,69.180.28.194,74.125.105.30,ACCEPT,4,,,,,0
590,1547908185,FW,http,209.147.163.10,74.125.105.31,DROP,5,,,,,0
591,1547908186,WS,http,68.248.229.122,74.125.103.23,HEAD,9,,,,,0
592,1547908186,FW,ftp,209.147.184.200,74.125.103.21,ACCEPT,1,,,,,0
593,1547908186,WS,http,216.248.43.144,74.125.103.23,GET,3,,,,,0
594,1547908187,WS,http,69.131.33.151,74.125.105.31,POST,9,,,,,0
595,1547908188,FW,http,209.131.22.123,74.125.103.21,ACCEPT,5,,,,,0
596,1547908191,FW,ftp,68.248.117.201,74.125.105.31,ACCEPT,2,,,,,0
597,1547908192,MS,smtp,68.248.171.5,74.125.103.25,QUIT,7,,,,,0
598,1547908195,WS,http,87.248.192.27,74.125.103.22,GET,5,,,,,0
599,1547908195,MS,smtp,68.180.77.232,74.125.103.24,EHLO,2,,,,,0
600,1547908196,WS,http,216.248.23.122,74.125.103.20,PUT,1,,,,,0
601,1547908196,WS,http,68.131.234.83,74.125.103.21,OPTIONS,6,,,,,0
602,1547908196,FW,http,68.131.22.62,74.125.103.21,ACCEPT,8,,,,,0
603,1547908196,WS,http,87.248.7.222,74.125.105.31,POST,1,,,,,0
604,1547908197,FW,ftp,209.248.140.29,74.125.103.24,ACCEPT,4,,,,,0
605,1547908197,FW,http,87.180.102.39,74.125.103.20,ACCEPT,5,,,,,0
606,1547908199,FW,http,209.131.254.145,74.125.105.30,ACCEPT,7,,,,,0
607,1547908199,FW,http,69.147.113.168,74.125.103.23,ACCEPT,3,,,,,9
608,1547908200,MS,smtp,216.131.165.149,74.125.103.24,RCPT_TO,3,,,,,0
609,1547908201,WS,http,68.131.85.55,74.125.103.20,POST,2,,,,,0
610,1547908201,FW,http,216.131.107.91,74.125.103.20,DROP,2,,,,,0
611,1547908201,WS,http,69.147.113.168,74.125.105.31,HEAD,3,,,,,9
612,1547908203,WS,http,68.39.45.65,74.125.105.30,GET,9,,,,,0
613,1547908204,FW,ssh,68.39.188.231,74.125.103.22,ACCEPT,8,,,,,0
614,1547908206,WS,http,209.147.184.200,74.125.103.22,POST,6,,,,,0
615,1547908207,FW,http,69.147.113.168,74.125.103.22,DROP,9,,,,,9
616,1547908209,WS,http,216.180.219.168,74.125.103.23,POST,7,,,,,0
617,1547908211,MS,smtp,87.131.130.79,74.125.103.24,NOOP,8,,,,,0
618,1547908212,WS,http,69.131.242.212,74.125.105.31,OPTIONS,8,,,,,0
619,1547908212,WS,http,209.131.106.2,74.125.103.20,GET,1,,,,,0
620,1547908212,WS,http,87.39.64.214,74.125.103.23,CONNECT,8,,,,,0
621,1547908213,WS,http,87.39.225.243,74.125.103.23,GET,1,,,,,0
622,1547908214,FW,smtp,87.39.225.243,74.125.103.25,ACCEPT,5,,,,,0
623,1547908215,MS,smtp,68.248.244.168,74.125.103.24,NOOP,9,,,,,0
624,1547908218,FW,http,209.131.106.2,74.125.103.22,DROP,2,,,,,0
625,1547908218,FW,ftp,87.39.225.243,74.125.103.24,DROP,6,,,,,0
626,1547908219,WS,http,216.248.45.27,74.125.103.23,CONNECT,8,,,,,0
627,1547908220,FW,ssh,209.131.19.94,74.125.103.20,DROP,9,,,,,0
628,1547908221,MS,smtp,209.131.182.135,74.125.103.24,RCPT_TO,9,,,,,0
629,1547908222,FW,ftp,69.180.60.58,74.125.103.25,ACCEPT,8,,,,,0
630,1547908223,WS,http,87.39.225.243,74.125.103.22,HEAD,9,,,,,0
631,1547908223,WS,http,209.131.182.135,74.125.103.20,OPTIONS,5,,,,,0
632,1547908223,FW,ssh,68.180.141.47,74.125.103.21,ACCEPT,5,,,,,0
633,1547908224,WS,http,216.248.188.224,74.125.103.22,POST,7,,,,,0
634,1547908224,WS,http,216.180.176.19,74.125.105.30,CONNECT,1,,,,,0
635,1547908224,WS,http,209.131.182.135,74.125.105.31,GET,6,,,,,0
636,1547908227,WS,http,69.248.193.37,74.125.103.22,PUT,6,,,,,0
637,1547908227,MS,smtp,87.39.95.230,74.125.103.24,RCPT_TO,9,,,,,0
638,1547908227,WS,http,87.39.95.230,74.125.103.20,OPTIONS,5,,,,,0
639,1547908228,WS,http,68.147.87.172,74.125.103.22,GET,4,,,,,0
640,1547908229,WS,http,87.39.95.230,74.125.105.31,GET,6,,,,,0
641,1547908229,FW,http,68.180.133.3,74.125.103.23,ACCEPT,3,,,,,10
642,1547908230,WS,http,68.147.87.172,74.125.105.31,CONNECT,7,,,,,0
643,1547908231,WS,http,216.180.176.19,74.125.105.31,GET,1,,,,,0
644,1547908233,FW,http,68.147.87.172,74.125.103.23,DROP,6,,,,,0
645,1547908234,WS,http,68.180.133.3,74.125.105.31,HEAD,3,,,,,10
646,1547908235,WS,http,69.147.159.42,74.125.103.22,TRACE,7,,,,,0
647,1547908236,FW,http,68.180.133.3,74.125.103.22,DROP,9,,,,,10
648,1547908239,WS,http,87.248.19.85,74.125.105.30,GET,2,,,,,0
649,1547908240,WS,http,69.131.231.246,74.125.103.23,PUT,8,,,,,0
650,1547908240,WS,http,209.180.22.104,74.125.103.23,HEAD,5,,,,,0
651,1547908240,WS,http,69.131.231.246,74.125.103.22,GET,7,,,,,0
652,1547908243,FW,ftp,209.147.150.153,74.125.105.31,ACCEPT,10,,,,,0
653,1547908245,MS,smtp,209.180.54.33,74.125.103.24,EHLO,4,,,,,0
654,1547908247,WS,http,216.39.15.207,74.125.105.31,GET,8,,,,,0
655,1547908247,FW,ssh,69.131.231.246,74.125.105.31,ACCEPT,8,,,,,0
656,1547908249,FW,http,69.248.77.248,74.125.103.21,ACCEPT,2,,,,,0
657,1547908250,FW,ftp,209.248.130.94,74.125.103.21,DROP,10,,,,,0
658,1547908250,FW,http,69.248.251.215,74.125.103.23,ACCEPT,8,,,,,0
659,1547908252,MS,smtp,216.39.4.78,74.125.103.24,HELO,6,,,,,0
660,1547908254,FW,http,87.147.199.124,74.125.103.23,ACCEPT,3,,,,,11
661,1547908255,WS,http,87.147.199.124,74.125.105.31,HEAD,3,,,,,11
662,1547908256,FW,http,209.248.53.139,74.125.103.21,DROP,2,,,,,0
663,1547908257,WS,http,87.131.60.125,74.125.105.30,POST,1,,,,,0
664,1547908257,WS,http,87.248.168.102,74.125.103.20,HEAD,8,,,,,0
665,1547908257,FW,http,87.147.199.124,74.125.103.22,DROP,9,,,,,11
666,1547908257,WS,http,216.131.107.91,74.125.103.20,TRACE,9,,,,,0
667,1547908260,WS,http,68.180.136.83,74.125.105.30,HEAD,5,,,,,0
668,1547908261,FW,ssh,87.248.230.200,74.125.103.23,DROP,8,,,,,0
669,1547908263,FW,ssh,69.39.58.39,74.125.103.23,ACCEPT,6,,,,,0
670,1547908263,FW,http,87.147.4.73,74.125.103.23,ACCEPT,3,,,,,12
671,1547908263,FW,ftp,87.248.192.27,74.125.103.22,ACCEPT,1,,,,,0
672,1547908264,WS,http,87.147.4.73,74.125.105.31,HEAD,3,,,,,12
673,1547908265,MS,smtp,209.180.184.133,74.125.103.24,HELO,1,,,,,0
674,1547908266,FW,http,69.248.77.248,74.125.103.23,ACCEPT,3,,,,,13
675,1547908266,WS,http,69.248.77.248,74.125.105.31,HEAD,3,,,,,13
676,1547908267,FW,http,87.147.4.73,74.125.103.22,DROP,9,,,,,12
677,1547908268,WS,http,69.39.209.150,74.125.103.21,GET,2,,,,,0
678,1547908268,MS,smtp,69.131.244.46,74.125.103.25,RSET,8,,,,,0
679,1547908268,FW,http,69.248.77.248,74.125.103.22,DROP,9,,,,,13
680,1547908270,FW,http,87.39.103.37,74.125.103.23,ACCEPT,7,,,,,0
681,1547908270,WS,http,209.180.142.211,74.125.103.23,PUT,8,,,,,0
682,1547908272,WS,http,69.147.39.113,74.125.105.31,PUT,1,,,,,0
683,1547908273,WS,http,69.131.33.151,74.125.103.21,HEAD,1,,,,,0
684,1547908273,WS,http,87.248.7.222,74.125.103.23,GET,1,,,,,0
685,1547908273,WS,http,209.180.142.211,74.125.103.22,GET,7,,,,,0
686,1547908273,FW,ssh,209.180.142.211,74.125.105.31,ACCEPT,8,,,,,0
687,1547908275,FW,smtp,87.248.7.222,74.125.103.25,ACCEPT,5,,,,,0
688,1547908278,MS,smtp,209.248.158.201,74.125.103.24,RCPT_TO,9,,,,,0
689,1547908279,FW,ftp,87.248.7.222,74.125.103.24,DROP,6,,,,,0
690,1547908280,FW,smtp,209.248.53.139,74.125.103.25,ACCEPT,5,,,,,0
691,1547908280,FW,smtp,87.180.145.97,74.125.103.24,DROP,7,,,,,0
692,1547908280,WS,http,209.248.158.201,74.125.103.20,OPTIONS,5,,,,,0
693,1547908280,WS,http,216.248.191.90,74.125.103.21,GET,3,,,,,0
694,1547908280,WS,http,209.248.158.201,74.125.105.31,GET,6,,,,,0
695,1547908280,FW,ftp,209.147.150.153,74.125.103.22,ACCEPT,6,,,,,0
696,1547908281,WS,http,87.248.19.85,74.125.103.21,OPTIONS,6,,,,,0
697,1547908282,FW,ftp,87.180.4.126,74.125.103.25,ACCEPT,7,,,,,0
698,1547908282,MS,smtp,216.39.81.38,74.125.103.25,NOOP,6,,,,,0
699,1547908283,FW,http,87.248.19.85,74.125.103.21,ACCEPT,1,,,,,0
700,1547908284,WS,http,87.248.132.154,74.125.103.20,OPTIONS,6,,,,,0
701,1547908285,WS,http,68.180.178.122,74.125.103.22,HEAD,2,,,,,0
702,1547908285,WS,http,87.248.19.85,74.125.103.20,CONNECT,6,,,,,0
703,1547908286,FW,smtp,209.39.124.105,74.125.103.25,DROP,7,,,,,0
704,1547908288,WS,http,69.248.251.18,74.125.105.30,GET,3,,,,,0
705,1547908290,FW,ftp,209.180.142.211,74.125.105.31,ACCEPT,4,,,,,0
706,1547908292,FW,http,87.248.239.155,74.125.103.20,DROP,5,,,,,0
707,1547908293,WS,http,87.248.96.158,74.125.103.23,TRACE,4,,,,,0
708,1547908295,MS,smtp,216.131.165.149,74.125.103.25,EHLO,9,,,,,0
709,1547908295,MS,smtp,87.180.4.126,74.125.103.24,EHLO,8,,,,,0
710,1547908296,FW,http,68.248.23.136,74.125.103.23,ACCEPT,3,,,,,0
711,1547908299,WS,http,68.131.202.48,74.125.103.20,GET,4,,,,,0
712,1547908302,FW,ssh,68.131.22.62,74.125.103.23,DROP,9,,,,,0
713,1547908303,FW,ssh,209.180.128.241,74.125.103.20,DROP,10,,,,,0
714,1547908306,FW,ssh,87.248.19.85,74.125.103.24,ACCEPT,8,,,,,0
715,1547908307,FW,ftp,209.248.53.139,74.125.105.30,ACCEPT,2,,,,,0
716,1547908307,WS,http,69.248.251.18,74.125.103.20,GET,1,,,,,0
717,1547908308,WS,http,216.131.107.91,74.125.105.31,POST,5,,,,,0
718,1547908308,WS,http,87.180.102.39,74.125.105.31,POST,5,,,,,0
719,1547908308,FW,ftp,68.39.88.71,74.125.103.23,DROP,8,,,,,0
720,1547908309,FW,ftp,216.180.157.139,74.125.103.22,ACCEPT,8,,,,,0
721,1547908309,MS,smtp,87.39.103.37,74.125.103.24,SEND,2,,,,,0
722,1547908310,MS,smtp,68.39.6.233,74.125.103.24,AUTH,4,,,,,0
723,1547908311,FW,http,69.39.201.117,74.125.103.21,ACCEPT,8,,,,,0
724,1547908313,WS,http,216.147.149.19,74.125.103.23,OPTIONS,6,,,,,0
725,1547908314,WS,http,209.180.184.133,74.125.103.21,GET,6,,,,,0
726,1547908315,FW,http,216.131.225.150,74.125.103.23,ACCEPT,3,,,,,14
727,1547908316,WS,http,209.131.106.2,74.125.103.23,POST,8,,,,,0
728,1547908318,WS,http,68.131.22.62,74.125.105.30,GET,6,,,,,0
729,1547908318,MS,smtp,68.180.244.242,74.125.103.25,EHLO,2,,,,,0
730,1547908319,WS,http,216.131.225.150,74.125.105.31,HEAD,3,,,,,14
731,1547908320,WS,http,216.39.64.250,74.125.105.30,POST,5,,,,,0
732,1547908320,WS,http,209.147.116.77,74.125.103.22,GET,4,,,,,0
733,1547908320,WS,http,69.131.227.229,74.125.105.30,POST,6,,,,,0
734,1547908322,FW,http,216.131.225.150,74.125.103.22,DROP,9,,,,,14
735,1547908322,WS,http,209.147.9.203,74.125.105.30,GET,4,,,,,0
736,1547908322,WS,http,209.147.116.77,74.125.105.31,CONNECT,7,,,,,0
737,1547908322,WS,http,69.131.212.204,74.125.105.31,TRACE,2,,,,,0
738,1547908322,WS,http,69.39.221.239,74.125.103.22,GET,4,,,,,0
739,1547908324,FW,ftp,87.131.60.125,74.125.103.25,ACCEPT,5,,,,,0
740,1547908324,FW,http,209.147.116.77,74.125.103.23,DROP,6,,,,,0
741,1547908325,FW,http,87.147.200.156,74.125.103.20,DROP,7,,,,,0
742,1547908327,WS,http,69.39.221.239,74.125.105.31,CONNECT,7,,,,,0
743,1547908328,FW,http,69.39.221.239,74.125.103.23,DROP,6,,,,,0
744,1547908328,FW,ftp,209.39.124.105,74.125.103.22,DROP,1,,,,,0
745,1547908330,WS,http,209.39.4.247,74.125.105.30,GET,9,,,,,0
746,1547908330,FW,ftp,69.131.214.152,74.125.105.31,ACCEPT,2,,,,,0
747,1547908331,MS,smtp,87.180.145.97,74.125.103.24,NOOP,4,,,,,0
748,1547908334,FW,ftp,87.248.132.154,74.125.103.25,ACCEPT,1,,,,,0
749,1547908335,FW,http,216.180.8.112,74.125.105.30,ACCEPT,8,,,,,0
750,1547908337,FW,http,216.248.43.144,74.125.103.22,ACCEPT,8,,,,,0
751,1547908338,WS,http,209.147.234.90,74.125.103.23,GET,7,,,,,0
752,1547908339,WS,http,87.39.35.186,74.125.105.30,GET,5,,,,,0
753,1547908341,FW,ssh,216.248.46.94,74.125.105.30,DROP,7,,,,,0
754,1547908341,WS,http,87.147.250.90,74.125.105.31,CONNECT,5,,,,,0
755,1547908342,WS,http,69.131.203.81,74.125.103.23,PUT,2,,,,,0
756,1547908345,WS,http,216.180.147.157,74.125.103.21,OPTIONS,6,,,,,0
757,1547908347,WS,http,69.248.193.37,74.125.103.22,GET,3,,,,,0
758,1547908348,FW,http,216.180.147.157,74.125.103.21,ACCEPT,1,,,,,0
759,1547908348,FW,http,216.147.149.19,74.125.103.21,ACCEPT,7,,,,,0
760,1547908350,FW,http,216.180.141.168,74.125.103.22,ACCEPT,2,,,,,0
761,1547908350,WS,http,68.131.202.48,74.125.103.23,GET,8,,,,,0
762,1547908351,WS,http,216.180.147.157,74.125.103.20,CONNECT,6,,,,,0
763,1547908352,WS,http,69.39.143.118,74.125.105.30,GET,7,,,,,0
764,1547908353,MS,smtp,216.131.224.156,74.125.103.24,AUTH,6,,,,,0
765,1547908353,WS,http,69.131.244.46,74.125.103.22,OPTIONS,5,,,,,0
766,1547908354,WS,http,87.147.51.11,74.125.103.22,POST,9,,,,,0
767,1547908356,FW,ftp,87.248.197.96,74.125.105.30,ACCEPT,9,,,,,0
768,1547908358,WS,http,69.147.99.207,74.125.103.22,HEAD,4,,,,,0
769,1547908359,FW,http,87.180.109.185,74.125.103.20,DROP,5,,,,,0
770,1547908359,MS,smtp,87.147.199.124,74.125.103.25,RSET,4,,,,,0
771,1547908361,WS,http,209.180.184.133,74.125.103.22,CONNECT,9,,,,,0
772,1547908362,MS,smtp,68.131.63.241,74.125.103.24,HELO,4,,,,,0
773,1547908365,WS,http,209.131.104.21,74.125.103.22,PUT,1,,,,,0
774,1547908365,FW,ssh,87.248.33.221,74.125.103.23,ACCEPT,9,,,,,0
775,1547908366,FW,smtp,68.180.77.232,74.125.103.25,ACCEPT,5,,,,,0
776,1547908366,WS,http,68.131.236.57,74.125.105.30,GET,2,,,,,0
777,1547908367,WS,http,68.131.234.83,74.125.103.22,POST,9,,,,,0
778,1547908367,WS,http,87.248.168.102,74.125.103.23,HEAD,7,,,,,0
779,1547908368,FW,ftp,216.248.191.90,74.125.103.23,ACCEPT,7,,,,,0
780,1547908371,WS,http,216.180.181.65,74.125.103.21,TRACE,7,,,,,0
781,1547908372,FW,ssh,87.39.216.19,74.125.105.31,DROP,8,,,,,0
782,1547908372,FW,ftp,209.131.136.146,74.125.103.24,ACCEPT,1,,,,,0
783,1547908375,WS,http,69.248.18.95,74.125.103.22,POST,3,,,,,0
784,1547908376,FW,ftp,87.180.145.97,74.125.103.24,ACCEPT,5,,,,,0
785,1547908379,FW,smtp,216.180.105.167,74.125.103.25,ACCEPT,1,,,,,0
786,1547908382,WS,http,69.147.159.42,74.125.105.30,GET,1,,,,,0
787,1547908383,WS,http,68.147.87.172,74.125.103.21,OPTIONS,6,,,,,0
788,1547908386,WS,http,216.39.81.38,74.125.105.31,PUT,6,,,,,0
789,1547908386,WS,http,209.39.55.135,74.125.105.31,POST,8,,,,,0
790,1547908386,FW,http,68.147.87.172,74.125.103.21,ACCEPT,1,,,,,0
791,1547908386,MS,smtp,209.39.242.57,74.125.103.25,RSET,2,,,,,0
792,1547908387,MS,smtp,68.180.219.235,74.125.103.24,RSET,7,,,,,0
793,1547908389,FW,http,216.248.119.167,74.125.103.20,DROP,1,,,,,0
794,1547908391,WS,http,68.147.87.172,74.125.103.20,CONNECT,6,,,,,0
795,1547908391,WS,http,69.39.131.43,74.125.103.23,PUT,8,,,,,0
796,1547908392,MS,smtp,68.131.236.57,74.125.103.25,AUTH,7,,,,,0
797,1547908392,WS,http,69.39.131.43,74.125.103.22,GET,7,,,,,0
798,1547908394,FW,ftp,87.180.142.184,74.125.105.30,DROP,9,,,,,0
799,1547908396,FW,ssh,69.39.131.43,74.125.105.31,ACCEPT,8,,,,,0
800,1547908398,MS,smtp,68.147.138.217,74.125.103.24,SEND,1,,,,,0
801,1547908400,FW,ftp,68.39.41.173,74.125.103.22,ACCEPT,1,,,,,0
802,1547908403,FW,smtp,216.131.151.186,74.125.103.24,DROP,1,,,,,0
803,1547908403,MS,smtp,87.248.230.200,74.125.103.24,QUIT,7,,,,,0
804,1547908406,FW,http,87.131.160.139,74.125.105.31,ACCEPT,5,,,,,0
805,1547908407,WS,http,216.39.56.113,74.125.105.31,OPTIONS,2,,,,,0
806,1547908408,WS,http,209.248.197.121,74.125.103.22,GET,2,,,,,0
807,1547908409,FW,http,68.248.244.168,74.125.103.21,ACCEPT,9,,,,,0
808,1547908410,FW,ftp,69.248.18.95,74.125.105.31,ACCEPT,10,,,,,0
809,1547908411,MS,smtp,68.248.117.201,74.125.103.24,RSET,7,,,,,0
810,1547908411,FW,ftp,87.180.140.239,74.125.103.23,DROP,2,,,,,0
811,1547908412,WS,http,69.147.39.113,74.125.105.31,GET,6,,,,,0
812,1547908413,WS,http,68.180.141.47,74.125.103.22,GET,4,,,,,0
813,1547908415,MS,smtp,69.131.94.70,74.125.103.25,NOOP,1,,,,,0
814,1547908417,FW,ftp,69.248.18.95,74.125.103.23,ACCEPT,8,,,,,0
815,1547908418,WS,http,68.180.141.47,74.125.105.31,CONNECT,7,,,,,0
816,1547908420,WS,http,68.39.45.137,74.125.103.21,OPTIONS,6,,,,,0
817,1547908420,WS,http,216.131.199.235,74.125.105.31,GET,7,,,,,0
818,1547908422,FW,ftp,68.180.244.242,74.125.103.20,ACCEPT,10,,,,,0
819,1547908424,FW,http,68.180.141.47,74.125.103.23,DROP,6,,,,,0
820,1547908425,FW,http,68.39.45.137,74.125.103.21,ACCEPT,1,,,,,0
821,1547908427,MS,smtp,87.131.127.34,74.125.103.24,RCPT_TO,9,,,,,0
822,1547908427,WS,http,68.39.45.137,74.125.103.20,CONNECT,6,,,,,0
823,1547908428,WS,http,87.131.127.34,74.125.103.20,OPTIONS,5,,,,,0
824,1547908430,WS,http,87.131.127.34,74.125.105.31,GET,6,,,,,0
825,1547908432,FW,ftp,216.131.165.106,74.125.103.20,DROP,7,,,,,0
826,1547908433,FW,ftp,87.248.148.78,74.125.103.20,ACCEPT,1,,,,,0
827,1547908435,FW,smtp,216.248.252.9,74.125.103.25,ACCEPT,7,,,,,0
828,1547908436,WS,http,209.248.125.227,74.125.103.23,GET,1,,,,,0
829,1547908437,FW,smtp,209.248.125.227,74.125.103.25,ACCEPT,5,,,,,0
830,1547908438,FW,ftp,209.248.125.227,74.125.103.24,DROP,6,,,,,0
831,1547908440,MS,smtp,209.147.183.236,74.125.103.25,EHLO,9,,,,,0
832,1547908442,WS,http,216.180.147.157,74.125.103.22,GET,4,,,,,0
833,1547908443,WS,http,216.147.226.49,74.125.105.30,POST,3,,,,,0
834,1547908443,WS,http,216.131.151.186,74.125.103.20,PUT,3,,,,,0
835,1547908444,MS,smtp,87.248.96.158,74.125.103.25,RSET,3,,,,,0
836,1547908446,WS,http,216.131.224.156,74.125.103.21,OPTIONS,6,,,,,0
837,1547908446,FW,ftp,216.248.119.167,74.125.103.22,ACCEPT,5,,,,,0
838,1547908449,MS,smtp,209.147.234.90,74.125.103.25,AUTH,3,,,,,0
839,1547908451,FW,http,216.131.224.156,74.125.103.21,ACCEPT,1,,,,,0
840,1547908453,MS,smtp,87.180.219.198,74.125.103.24,RCPT_TO,9,,,,,0
841,1547908453,WS,http,87.180.219.198,74.125.103.20,OPTIONS,5,,,,,0
842,1547908455,WS,http,216.131.224.156,74.125.103.20,CONNECT,6,,,,,0
843,1547908455,FW,http,216.248.46.94,74.125.103.23,ACCEPT,3,,,,,15
844,1547908457,WS,http,87.180.219.198,74.125.105.31,GET,6,,,,,0
845,1547908458,FW,ssh,216.39.167.71,74.125.103.25,DROP,1,,,,,0
846,1547908458,WS,http,216.248.46.94,74.125.105.31,HEAD,3,,,,,15
847,1547908458,FW,http,216.248.46.94,74.125.103.22,DROP,9,,,,,15
848,1547908458,WS,http,68.248.87.207,74.125.105.30,GET,5,,,,,0
849,1547908460,FW,ftp,69.147.99.207,74.125.105.31,ACCEPT,6,,,,,0
850,1547908461,FW,http,209.39.4.247,74.125.103.22,DROP,6,,,,,0
851,1547908462,FW,smtp,69.39.221.239,74.125.103.25,DROP,2,,,,,0
852,1547908462,FW,http,209.180.22.104,74.125.103.21,ACCEPT,5,,,,,0
853,1547908463,WS,http,87.147.250.90,74.125.103.22,CONNECT,1,,,,,0
854,1547908463,WS,http,209.131.104.21,74.125.103.22,TRACE,2,,,,,0
855,1547908463,WS,http,209.147.116.77,74.125.105.30,GET,4,,,,,0
856,1547908463,FW,http,87.180.114.98,74.125.105.31,DROP,6,,,,,0
857,1547908464,FW,http,87.248.33.221,74.125.103.23,ACCEPT,5,,,,,0
858,1547908464,WS,http,216.248.46.94,74.125.103.21,OPTIONS,6,,,,,0
859,1547908465,FW,http,216.248.46.94,74.125.103.21,ACCEPT,1,,,,,0
860,1547908467,FW,ftp,216.180.104.33,74.125.105.31,ACCEPT,1,,,,,0
861,1547908467,FW,ftp,69.39.201.117,74.125.105.30,DROP,8,,,,,0
862,1547908467,WS,http,216.180.247.70,74.125.103.23,GET,1,,,,,0
863,1547908468,WS,http,216.248.46.94,74.125.103.20,CONNECT,6,,,,,0
864,1547908469,WS,http,68.248.23.136,74.125.105.31,PUT,6,,,,,0
865,1547908470,WS,http,87.39.194.176,74.125.103.20,GET,7,,,,,0
866,1547908470,FW,smtp,216.180.247.70,74.125.103.25,ACCEPT,5,,,,,0
867,1547908472,WS,http,216.131.107.91,74.125.105.31,GET,8,,,,,0
868,1547908472,FW,ftp,216.180.247.70,74.125.103.24,DROP,6,,,,,0
869,1547908472,FW,http,87.147.200.156,74.125.103.23,ACCEPT,1,,,,,0
870,1547908474,MS,smtp,69.39.41.84,74.125.103.25,QUIT,8,,,,,0
871,1547908476,FW,http,87.248.239.155,74.125.103.20,ACCEPT,2,,,,,0
872,1547908478,WS,http,87.39.95.230,74.125.103.23,PUT,6,,,,,0
873,1547908478,FW,ftp,209.147.150.153,74.125.103.25,DROP,3,,,,,0
874,1547908478,WS,http,68.180.134.209,74.125.103.23,PUT,8,,,,,0
875,1547908479,FW,ftp,68.248.23.136,74.125.103.21,DROP,5,,,,,0
876,1547908480,WS,http,69.131.7.42,74.125.105.31,HEAD,3,,,,,0
877,1547908481,WS,http,68.180.134.209,74.125.103.22,GET,7,,,,,0
878,1547908481,FW,http,68.131.230.171,74.125.105.31,ACCEPT,5,,,,,0
879,1547908482,FW,http,209.147.234.90,74.125.105.30,ACCEPT,8,,,,,0
880,1547908482,FW,ssh,68.180.134.209,74.125.105.31,ACCEPT,8,,,,,0
881,1547908482,WS,http,87.39.103.37,74.125.103.21,HEAD,4,,,,,0
882,1547908483,FW,ftp,209.147.89.232,74.125.105.31,ACCEPT,6,,,,,0
883,1547908483,WS,http,216.248.43.137,74.125.103.21,OPTIONS,4,,,,,0
884,1547908484,WS,http,87.39.190.156,74.125.103.22,GET,4,,,,,0
885,1547908487,FW,ssh,68.131.3.59,74.125.103.24,DROP,7,,,,,0
886,1547908488,MS,smtp,68.39.147.218,74.125.103.25,RSET,3,,,,,0
887,1547908489,WS,http,68.39.138.136,74.125.105.31,POST,4,,,,,0
888,1547908490,MS,smtp,68.39.138.136,74.125.103.24,DATA,6,,,,,0
889,1547908492,WS,http,68.39.188.231,74.125.103.21,CONNECT,9,,,,,0
890,1547908493,WS,http,87.147.51.11,74.125.105.30,PUT,4,,,,,0
891,1547908495,MS,smtp,209.248.53.139,74.125.103.24,RCPT_TO,3,,,,,0
892,1547908496,FW,http,216.180.8.112,74.125.103.21,DROP,1,,,,,0
893,1547908496,WS,http,209.131.254.145,74.125.103.22,POST,7,,,,,0
894,1547908499,WS,http,209.131.19.94,74.125.103.22,GET,4,,,,,0
895,1547908499,WS,http,216.39.36.153,74.125.103.20,GET,7,,,,,0
896,1547908502,WS,http,68.147.191.127,74.125.103.23,PUT,8,,,,,0
897,1547908502,FW,http,209.147.17.243,74.125.103.20,ACCEPT,5,,,,,0
898,1547908503,WS,http,209.131.19.94,74.125.105.31,CONNECT,7,,,,,0
899,1547908503,WS,http,68.147.191.127,74.125.103.22,GET,7,,,,,0
900,1547908505,WS,http,209.131.90.232,74.125.103.21,CONNECT,1,,,,,0
901,1547908508,FW,http,209.131.19.94,74.125.103.23,DROP,6,,,,,0
902,1547908509,FW,ssh,68.147.191.127,74.125.105.31,ACCEPT,8,,,,,0
903,1547908509,MS,smtp,87.180.20.117,74.125.103.25,SEND,4,,,,,0
904,1547908509,WS,http,69.147.60.26,74.125.103.23,GET,1,,,,,0
905,1547908510,WS,http,68.39.210.149,74.125.105.31,GET,2,,,,,0
906,1547908511,FW,http,209.180.59.122,74.125.103.23,ACCEPT,3,,,,,16
907,1547908511,WS,http,209.180.59.122,74.125.105.31,HEAD,3,,,,,16
908,1547908513,FW,smtp,69.147.60.26,74.125.103.25,ACCEPT,5,,,,,0
909,1547908514,FW,http,209.131.22.123,74.125.105.31,ACCEPT,10,,,,,0
910,1547908516,FW,http,209.180.59.122,74.125.103.22,DROP,9,,,,,16
911,1547908519,WS,http,209.147.116.77,74.125.105.31,POST,5,,,,,0
912,1547908519,FW,ftp,69.147.60.26,74.125.103.24,DROP,6,,,,,0
913,1547908519,MS,smtp,216.180.8.112,74.125.103.25,QUIT,4,,,,,0
914,1547908521,FW,http,216.39.167.71,74.125.103.23,DROP,5,,,,,0
915,1547908523,WS,http,69.248.251.18,74.125.105.30,OPTIONS,2,,,,,0
916,1547908524,FW,ssh,216.248.188.224,74.125.103.25,ACCEPT,5,,,,,0
917,1547908526,WS,http,209.131.240.157,74.125.105.30,PUT,8,,,,,0
918,1547908526,MS,smtp,69.248.251.18,74.125.103.24,SEND,2,,,,,0
919,1547908527,FW,ssh,69.248.108.78,74.125.103.25,ACCEPT,4,,,,,0
920,1547908527,FW,http,216.180.105.167,74.125.103.22,ACCEPT,3,,,,,0
921,1547908528,FW,http,68.248.244.168,74.125.103.21,DROP,2,,,,,0
922,1547908530,FW,http,209.131.148.192,74.125.103.20,ACCEPT,4,,,,,0
923,1547908532,MS,smtp,87.248.148.78,74.125.103.24,RCPT_TO,9,,,,,0
924,1547908532,FW,http,216.39.15.207,74.125.103.22,ACCEPT,1,,,,,0
925,1547908532,WS,http,87.248.148.78,74.125.103.20,OPTIONS,5,,,,,0
926,1547908535,WS,http,209.147.234.90,74.125.103.20,TRACE,1,,,,,0
927,1547908536,FW,http,87.180.250.65,74.125.103.21,ACCEPT,1,,,,,0
928,1547908537,WS,http,87.248.148.78,74.125.105.31,GET,6,,,,,0
929,1547908538,FW,http,87.248.19.85,74.125.105.31,DROP,2,,,,,0
930,1547908539,WS,http,68.39.93.243,74.125.105.30,TRACE,2,,,,,0
931,1547908541,MS,smtp,69.131.180.5,74.125.103.24,DATA,4,,,,,0
932,1547908541,FW,smtp,87.248.132.154,74.125.103.24,DROP,3,,,,,0
933,1547908542,FW,http,68.39.88.71,74.125.103.23,ACCEPT,9,,,,,0
934,1547908545,FW,smtp,216.147.149.19,74.125.103.24,ACCEPT,6,,,,,0
935,1547908545,FW,http,209.147.17.243,74.125.103.23,DROP,1,,,,,0
936,1547908546,FW,http,69.248.193.37,74.125.103.22,DROP,6,,,,,0
937,1547908548,FW,ftp,69.180.165.188,74.125.103.24,DROP,10,,,,,0
938,1547908548,WS,http,87.131.60.125,74.125.103.21,POST,2,,,,,0
939,1547908549,FW,ssh,209.131.240.157,74.125.103.21,ACCEPT,5,,,,,0
940,1547908551,FW,http,87.147.168.27,74.125.103.21,DROP,9,,,,,0
941,1547908552,WS,http,87.147.122.177,74.125.103.22,HEAD,4,,,,,0
942,1547908554,WS,http,209.39.242.57,74.125.105.31,TRACE,7,,,,,0
943,1547908555,WS,http,68.248.23.136,74.125.105.31,GET,1,,,,,0
944,1547908556,FW,http,68.147.87.172,74.125.105.31,DROP,1,,,,,0
945,1547908557,FW,smtp,87.180.114.98,74.125.103.24,DROP,7,,,,,0
946,1547908560,FW,http,209.39.239.99,74.125.103.20,ACCEPT,4,,,,,0
947,1547908562,WS,http,69.39.143.118,74.125.103.23,GET,1,,,,,0
948,1547908564,FW,http,209.180.110.56,74.125.103.21,ACCEPT,9,,,,,0
949,1547908565,FW,ssh,216.180.141.168,74.125.105.31,ACCEPT,1,,,,,0
950,1547908566,FW,http,87.39.95.230,74.125.103.23,DROP,3,,,,,0
951,1547908568,FW,smtp,69.39.143.118,74.125.103.25,ACCEPT,5,,,,,0
952,1547908568,WS,http,69.248.124.149,74.125.103.21,GET,5,,,,,0
953,1547908569,FW,ftp,69.39.143.118,74.125.103.24,DROP,6,,,,,0
954,1547908569,FW,ssh,68.248.231.81,74.125.103.24,DROP,6,,,,,0
955,1547908570,WS,http,68.147.190.131,74.125.103.23,GET,9,,,,,0
956,1547908571,MS,smtp,216.131.225.150,74.125.103.25,HELO,8,,,,,0
957,1547908573,WS,http,87.39.190.156,74.125.105.31,PUT,3,,,,,0
958,1547908573,FW,ssh,68.248.87.207,74.125.103.22,ACCEPT,7,,,,,0
959,1547908574,WS,http,87.180.250.65,74.125.103.20,GET,1,,,,,0
960,1547908574,WS,http,87.131.42.174,74.125.105.30,GET,6,,,,,0
961,1547908575,FW,http,69.248.250.25,74.125.103.22,ACCEPT,10,,,,,0
962,1547908575,FW,ftp,68.131.117.200,74.125.105.31,ACCEPT,7,,,,,0
963,1547908578,FW,ftp,216.248.119.169,74.125.103.20,DROP,1,,,,,0
964,1547908580,WS,http,209.131.254.145,74.125.105.31,PUT,2,,,,,0
965,1547908581,FW,ftp,68.248.232.193,74.125.105.31,ACCEPT,7,,,,,0
966,1547908583,FW,http,68.248.23.136,74.125.103.23,DROP,1,,,,,0
967,1547908584,FW,http,69.39.201.117,74.125.103.23,DROP,5,,,,,0
968,1547908586,WS,http,69.39.209.150,74.125.105.30,PUT,7,,,,,0
969,1547908589,MS,smtp,216.180.157.139,74.125.103.25,NOOP,9,,,,,0
970,1547908590,FW,http,68.147.190.131,74.125.103.21,ACCEPT,7,,,,,0
971,1547908591,WS,http,209.147.89.232,74.125.105.30,GET,9,,,,,0
972,1547908591,WS,http,209.39.55.135,74.125.103.22,HEAD,3,,,,,0
973,1547908593,WS,http,68.180.33.122,74.125.103.23,GET,7,,,,,0
974,1547908595,FW,http,69.39.116.39,74.125.103.20,DROP,7,,,,,0
975,1547908595,WS,http,69.248.163.132,74.125.103.21,PUT,1,,,,,0
976,1547908596,FW,smtp,216.248.119.167,74.125.103.24,ACCEPT,2,,,,,0
977,1547908597,FW,http,68.180.136.83,74.125.105.30,ACCEPT,9,,,,,0
978,1547908600,MS,smtp,216.248.191.90,74.125.103.25,DATA,1,,,,,0
979,1547908600,WS,http,68.147.138.217,74.125.105.31,GET,9,,,,,0
980,1547908601,WS,http,69.248.193.37,74.125.103.21,HEAD,4,,,,,0
981,1547908603,WS,http,69.39.116.39,74.125.105.30,POST,3,,,,,0
982,1547908605,MS,smtp,209.147.184.200,74.125.103.24,HELO,8,,,,,0
983,1547908605,MS,smtp,216.180.141.168,74.125.103.25,SEND,5,,,,,0
984,1547908607,WS,http,68.180.77.232,74.125.105.30,POST,2,,,,,0
985,1547908609,MS,smtp,87.131.157.38,74.125.103.25,DATA,9,,,,,0
986,1547908610,FW,http,216.147.22.76,74.125.105.30,DROP,3,,,,,0
987,1547908613,WS,http,209.147.183.236,74.125.103.23,GET,6,,,,,0
988,1547908615,FW,http,68.147.146.13,74.125.103.20,ACCEPT,6,,,,,0
989,1547908616,WS,http,69.248.251.215,74.125.103.22,HEAD,1,,,,,0
990,1547908618,FW,ftp,87.39.218.240,74.125.103.22,DROP,9,,,,,0
991,1547908618,MS,smtp,209.131.148.192,74.125.103.25,RSET,7,,,,,0
992,1547908619,WS,http,68.131.85.55,74.125.105.30,GET,2,,,,,0
993,1547908621,WS,http,209.131.90.232,74.125.103.23,CONNECT,7,,,,,0
994,1547908622,WS,http,68.131.202.48,74.125.103.23,OPTIONS,4,,,,,0
995,1547908622,FW,ftp,68.131.11.172,74.125.103.20,ACCEPT,1,,,,,0
996,1547908623,WS,http,216.180.176.19,74.125.103.20,CONNECT,7,,,,,0
997,1547908624,FW,smtp,69.147.113.168,74.125.103.25,ACCEPT,9,,,,,0
998,1547908625,MS,smtp,68.248.117.201,74.125.103.25,SEND,6,,,,,0
999,1547908625,WS,http,216.131.199.235,74.125.105.30,GET,9,,,,,0
