65884,1005343578.0,,,172.016.113.204,194.027.251.021,Email_Ehlo,,,43712,25,,
65885,1005343612.0,,,172.016.113.204,197.218.177.069,FTP_User,,,43724,21,,
65888,1005343627.0,,,172.016.113.204,197.218.177.069,FTP_Pass,,,43724,21,,
65889,1005343627.0,,,172.016.113.204,197.218.177.069,FTP_Syst,,,43724,21,,
65890,1005343632.0,,,194.007.248.153,172.016.112.100,Email_Ehlo,,,4115,25,,
65886,1005343635.0,,,194.027.251.021,172.016.112.194,Email_Ehlo,,,4116,25,,
65887,1005343637.0,,,197.218.177.069,172.016.113.084,Email_Ehlo,,,4117,25,,
65891,1005343663.0,,,172.016.112.207,197.218.177.069,Email_Ehlo,,,43743,25,,
65892,1005343664.0,,,197.218.177.069,172.016.113.084,Email_Ehlo,,,4118,25,,
65893,1005343721.0,,,194.027.251.021,172.016.113.084,Email_Ehlo,,,4126,25,,
65894,1005343722.0,,,194.027.251.021,172.016.112.207,Email_Ehlo,,,4127,25,,
65895,1005343741.0,,,195.115.218.108,172.016.113.084,Email_Ehlo,,,4129,25,,
65896,1005343776.0,,,194.027.251.021,172.016.113.207,Email_Ehlo,,,4152,25,,
65897,1005343779.0,,,195.115.218.108,172.016.113.050,TelnetTerminaltype,,,4154,23,,
65898,1005343795.0,,,135.008.060.182,172.016.112.100,Email_Ehlo,,,4155,25,,
65901,1005343806.0,,,172.016.113.207,194.027.251.021,Email_Ehlo,,,43889,25,,
65902,1005343807.0,,,172.016.113.207,135.013.216.191,Email_Ehlo,,,43890,25,,
65903,1005343808.0,,,172.016.113.207,197.182.091.233,Email_Ehlo,,,43891,25,,
65899,1005343809.0,,,172.016.113.207,197.218.177.069,Email_Ehlo,,,43892,25,,
65900,1005343824.0,,,172.016.112.149,196.227.033.189,Email_Ehlo,,,43894,25,,
65904,1005343837.0,,,194.027.251.021,172.016.112.100,Email_Ehlo,,,4157,25,,
65905,1005343918.0,,,172.016.113.207,194.027.251.021,Email_Ehlo,,,43956,25,,
65906,1005343947.0,,,197.182.091.233,172.016.113.207,Email_Ehlo,,,4170,25,,
65907,1005343951.0,,,197.218.177.069,172.016.113.207,Email_Ehlo,,,4185,25,,
65908,1005343954.0,,,135.013.216.191,172.016.113.207,Email_Ehlo,,,4187,25,,
65909,1005343969.0,,,172.016.113.084,197.182.091.233,Email_Ehlo,,,43972,25,,
65910,1005343971.0,,,195.115.218.108,172.016.112.194,Email_Ehlo,,,4188,25,,
65911,1005343984.0,,,194.027.251.021,172.016.112.194,TelnetTerminaltype,,,4189,23,,
65912,1005344000.0,,,172.016.113.148,197.218.177.069,TelnetTerminaltype,,,43977,23,,
65913,1005344008.0,,,172.016.113.050,172.016.114.050,FTP_User,,,43978,21,,
65914,1005344009.0,,,172.016.113.050,172.016.114.050,FTP_Pass,,,43978,21,,
65915,1005344050.0,,,195.073.151.050,172.016.113.207,Email_Ehlo,,,4191,25,,
65916,1005344094.0,,,172.016.113.207,195.073.151.050,Email_Ehlo,,,44073,25,,
65917,1005344095.0,,,172.016.113.207,195.115.218.108,Email_Ehlo,,,44074,25,,
65918,1005344127.0,,,172.016.113.207,195.073.151.050,Email_Ehlo,,,44125,25,,
65919,1005344184.0,,,197.182.091.233,172.016.113.168,TelnetTerminaltype,,,4193,23,,
65920,1005344226.0,,,194.007.248.153,172.016.112.050,Email_Ehlo,,,4194,25,,
65923,1005344275.0,,,197.218.177.069,172.016.112.207,Email_Ehlo,,,4200,25,,
65924,1005344277.0,,,197.218.177.069,172.016.113.148,Email_Ehlo,,,4202,25,,
65921,1005344289.0,,,135.013.216.191,172.016.112.050,Email_Ehlo,,,4204,25,,
65925,1005344289.0,,,135.013.216.191,172.016.113.050,Email_Ehlo,,,4203,25,,
65922,1005344290.0,,,135.013.216.191,172.016.113.204,Email_Ehlo,,,4209,25,,
65926,1005344305.0,,,195.073.151.050,172.016.112.149,Email_Ehlo,,,4212,25,,
65927,1005344317.0,,,172.016.112.207,197.218.177.069,Email_Ehlo,,,44204,25,,
65928,1005344330.0,,,172.016.113.168,197.182.091.233,TelnetTerminaltype,,,44216,23,,
65929,1005344350.0,,,196.227.033.189,172.016.113.207,Email_Ehlo,,,4216,25,,
65930,1005344351.0,,,172.016.113.084,172.016.114.050,TelnetTerminaltype,,,44217,23,,
65931,1005344356.0,,,194.027.251.021,172.016.112.207,Email_Ehlo,,,4219,25,,
65932,1005344357.0,,,194.027.251.021,172.016.113.148,Email_Ehlo,,,4220,25,,
65933,1005344385.0,,,194.007.248.153,172.016.112.050,TelnetTerminaltype,,,4221,23,,
65934,1005344417.0,,,172.016.114.050,172.016.113.050,Email_Ehlo,,,3619,25,,
65935,1005344501.0,,,172.016.113.204,194.027.251.021,Email_Ehlo,,,44258,25,,
65936,1005344502.0,,,172.016.113.204,135.013.216.191,Email_Ehlo,,,44259,25,,
65937,1005344510.0,,,196.227.033.189,172.016.115.020,TelnetTerminaltype,,,4225,23,,
65940,1005344548.0,,,172.016.113.084,135.013.216.191,Email_Ehlo,,,44280,25,,
65941,1005344562.0,,,172.016.112.194,194.007.248.153,Email_Ehlo,,,44292,25,,
65942,1005344563.0,,,172.016.112.194,197.182.091.233,Email_Ehlo,,,44293,25,,
65938,1005344564.0,,,172.016.112.194,195.115.218.108,Email_Ehlo,,,44294,25,,
65939,1005344567.0,,,172.016.112.207,195.115.218.108,Email_Ehlo,,,44312,25,,
65943,1005344578.0,,,172.016.113.105,135.008.060.182,Email_Ehlo,,,44313,25,,
65944,1005344592.0,,,172.016.112.194,196.037.075.158,Email_Ehlo,,,44314,25,,
65945,1005344622.0,,,195.073.151.050,172.016.112.100,FTP_User,,,4231,21,,
65946,1005344632.0,,,194.027.251.021,172.016.112.100,Email_Ehlo,,,4232,25,,
65947,1005344635.0,,,195.073.151.050,172.016.112.100,FTP_Pass,,,4231,21,,
65948,1005344635.0,,,195.073.151.050,172.016.112.100,FTP_Syst,,,4231,21,,
65949,1005344731.0,,,172.016.113.168,194.027.251.021,Email_Ehlo,,,44334,25,,
65951,1005344793.0,,,172.016.113.168,135.008.060.182,Email_Ehlo,,,44354,25,,
65952,1005344805.0,,,172.016.112.207,195.073.151.050,Email_Ehlo,,,44363,25,,
65953,1005344806.0,,,172.016.112.207,135.013.216.191,Email_Ehlo,,,44364,25,,
65950,1005344808.0,,,194.007.248.153,172.016.112.194,Email_Ehlo,,,4639,25,,
65954,1005344823.0,,,135.008.060.182,172.016.112.100,Email_Ehlo,,,4652,25,,
65957,1005344889.0,,,135.013.216.191,172.016.114.050,Email_Ehlo,,,4654,25,,
65958,1005344889.0,,,135.013.216.191,172.016.112.194,Email_Ehlo,,,4655,25,,
65955,1005344890.0,,,135.013.216.191,172.016.112.050,Email_Ehlo,,,4668,25,,
65959,1005344890.0,,,135.013.216.191,172.016.113.148,Email_Ehlo,,,4656,25,,
65956,1005344891.0,,,135.013.216.191,172.016.113.204,Email_Ehlo,,,4671,25,,
65961,1005344933.0,,,194.027.251.021,172.016.114.050,TelnetTerminaltype,,,4677,23,,
65962,1005344935.0,,,135.013.216.191,172.016.112.100,Email_Ehlo,,,4678,25,,
65963,1005344942.0,,,195.073.151.050,172.016.112.207,Email_Ehlo,,,4865,25,,
65960,1005344961.0,,,197.182.091.233,172.016.113.168,Email_Ehlo,,,4928,25,,
65964,1005344977.0,,,197.182.091.233,172.016.112.149,Email_Ehlo,,,4929,25,,
65965,1005344981.0,,,172.016.113.204,135.013.216.191,Email_Ehlo,,,44424,25,,
65966,1005344991.0,,,172.016.112.194,172.016.114.050,TelnetTerminaltype,,,44437,23,,
65967,1005345017.0,,,135.013.216.191,172.016.112.100,Email_Ehlo,,,5137,25,,
65968,1005345018.0,,,172.016.113.105,197.182.091.233,Email_Ehlo,,,44479,25,,
65969,1005345020.0,,,172.016.113.105,196.037.075.158,Email_Ehlo,,,44480,25,,
65970,1005345067.0,,,172.016.113.204,195.115.218.108,TelnetTerminaltype,,,44495,23,,
65973,1005345090.0,,,197.218.177.069,172.016.113.105,Email_Ehlo,,,5148,25,,
65974,1005345099.0,,,172.016.113.105,197.182.091.233,Email_Ehlo,,,44625,25,,
65975,1005345106.0,,,194.007.248.153,172.016.113.169,Email_Ehlo,,,5149,25,,
65971,1005345107.0,,,194.007.248.153,172.016.112.207,Email_Ehlo,,,5150,25,,
65972,1005345110.0,,,197.182.091.233,172.016.112.194,Email_Ehlo,,,5201,25,,
65976,1005345134.0,,,172.016.113.148,195.073.151.050,Email_Ehlo,,,44655,25,,
65977,1005345135.0,,,172.016.113.148,135.013.216.191,Email_Ehlo,,,44656,25,,
65978,1005345149.0,,,172.016.112.207,135.013.216.191,Email_Ehlo,,,44682,25,,
65980,1005345181.0,,,135.008.060.182,172.016.112.100,FTP_User,,,5213,21,,
65981,1005345195.0,,,135.008.060.182,172.016.112.100,FTP_Pass,,,5213,21,,
65982,1005345195.0,,,135.008.060.182,172.016.112.100,FTP_Syst,,,5213,21,,
65979,1005345199.0,,,195.073.151.050,172.016.113.105,Email_Ehlo,,,5214,25,,
65984,1005345237.0,,,172.016.113.204,135.008.060.182,Email_Ehlo,,,44836,25,,
65985,1005345257.0,,,172.016.112.207,194.007.248.153,Email_Ehlo,,,44877,25,,
65986,1005345261.0,,,172.016.113.169,195.073.151.050,Email_Ehlo,,,44881,25,,
65983,1005345262.0,,,172.016.113.169,194.027.251.021,Email_Ehlo,,,44883,25,,
65987,1005345279.0,,,197.182.091.233,172.016.113.050,TelnetTerminaltype,,,5396,23,,
65988,1005345304.0,,,195.073.151.050,172.016.113.169,Email_Ehlo,,,5400,25,,
65989,1005345312.0,,,196.037.075.158,172.016.115.020,TelnetTerminaltype,,,5464,23,,
65990,1005345351.0,,,172.016.112.207,195.115.218.108,Email_Ehlo,,,45051,25,,
65991,1005345368.0,,,197.218.177.069,172.016.113.207,Email_Ehlo,,,6226,25,,
65992,1005345395.0,,,197.218.177.069,172.016.112.050,TelnetTerminaltype,,,6230,23,,
65993,1005345395.0,,,172.016.113.207,194.007.248.153,Email_Ehlo,,,45078,25,,
65994,1005345396.0,,,172.016.113.207,197.218.177.069,Email_Ehlo,,,45079,25,,
65999,1005345437.0,,,172.016.113.168,135.013.216.191,Email_Ehlo,,,45120,25,,
66000,1005345440.0,,,172.016.113.204,195.115.218.108,TelnetTerminaltype,,,45122,23,,
66001,1005345447.0,,,172.016.113.148,196.037.075.158,Email_Ehlo,,,45125,25,,
65996,1005345448.0,,,172.016.113.148,196.227.033.189,Email_Ehlo,,,45126,25,,
65997,1005345449.0,,,172.016.113.148,195.115.218.108,Email_Ehlo,,,45129,25,,
65998,1005345450.0,,,172.016.113.148,197.218.177.069,Email_Ehlo,,,45130,25,,
65995,1005345451.0,,,172.016.113.148,135.008.060.182,Email_Ehlo,,,45131,25,,
66002,1005345479.0,,,135.008.060.182,172.016.115.020,TelnetTerminaltype,,,6231,23,,
66003,1005345479.0,,,172.016.113.168,196.037.075.158,Email_Ehlo,,,45144,25,,
66004,1005345497.0,,,172.016.113.168,194.027.251.021,Email_Ehlo,,,45164,25,,
66005,1005345521.0,,,172.016.113.084,195.115.218.108,Email_Ehlo,,,45182,25,,
66007,1005345635.0,,,194.027.251.021,172.016.112.194,TelnetTerminaltype,,,6233,23,,
66008,1005345655.0,,,172.016.114.050,172.016.112.050,FTP_User,,,3678,21,,
66006,1005345657.0,,,172.016.114.050,172.016.112.050,FTP_Syst,,,3678,21,,
66009,1005345657.0,,,172.016.114.050,172.016.112.050,FTP_Pass,,,3678,21,,
66010,1005345680.0,,,172.016.113.105,194.007.248.153,TelnetTerminaltype,,,45343,23,,
66011,1005345681.0,,,135.013.216.191,172.016.112.050,TelnetTerminaltype,,,6234,23,,
66023,1005345770.0,,,172.016.113.204,205.254.240.185,HTTP_Shells,,,45396,80,,
66024,1005345770.0,,,172.016.113.204,205.254.240.185,HTTP_Shells,,,45397,80,,
66021,1005345771.0,,,172.016.113.204,205.254.240.185,HTTP_Shells,,,45401,80,,
66022,1005345771.0,,,172.016.113.204,205.254.240.185,HTTP_Shells,,,45402,80,,
66025,1005345771.0,,,172.016.113.204,205.254.240.185,HTTP_Shells,,,45398,80,,
66012,1005345771.0,,,172.016.113.204,205.254.240.185,HTTP_Shells,,,45420,80,,
66013,1005345771.0,,,172.016.113.204,205.254.240.185,HTTP_Shells,,,45421,80,,
66014,1005345771.0,,,172.016.113.204,205.254.240.185,HTTP_Shells,,,45415,80,,
66015,1005345771.0,,,172.016.113.204,205.254.240.185,HTTP_Shells,,,45418,80,,
66016,1005345771.0,,,172.016.113.204,205.254.240.185,HTTP_Shells,,,45419,80,,
66017,1005345771.0,,,172.016.113.204,205.254.240.185,HTTP_Shells,,,45404,80,,
66018,1005345771.0,,,172.016.113.204,205.254.240.185,HTTP_Shells,,,45405,80,,
66019,1005345771.0,,,172.016.113.204,205.254.240.185,HTTP_Shells,,,45408,80,,
66020,1005345771.0,,,172.016.113.204,205.254.240.185,HTTP_Shells,,,45400,80,,
66028,1005345838.0,,,172.016.113.204,194.007.248.153,Email_Ehlo,,,45456,25,,
66029,1005345840.0,,,172.016.113.204,135.013.216.191,Email_Ehlo,,,45457,25,,
66030,1005345842.0,,,194.027.251.021,172.016.113.084,Email_Ehlo,,,6235,25,,
66026,1005345843.0,,,194.027.251.021,172.016.113.168,Email_Ehlo,,,6239,25,,
66027,1005345844.0,,,194.027.251.021,172.016.113.105,Email_Ehlo,,,6241,25,,
66032,1005345846.0,,,194.027.251.021,172.016.113.204,Email_Ehlo,,,6244,25,,
66033,1005345860.0,,,172.016.113.204,194.027.251.021,Email_Ehlo,,,45462,25,,
66034,1005345866.0,,,135.013.216.191,172.016.113.207,Email_Ehlo,,,6248,25,,
66031,1005345867.0,,,135.013.216.191,172.016.113.204,Email_Ehlo,,,6250,25,,
66035,1005345927.0,,,197.182.091.233,172.016.113.169,Email_Ehlo,,,6252,25,,
66036,1005345948.0,,,172.016.113.207,196.037.075.158,TelnetTerminaltype,,,45536,23,,
66037,1005346037.0,,,135.013.216.191,172.016.113.169,Email_Ehlo,,,6253,25,,
66038,1005346059.0,,,197.182.091.233,172.016.113.050,TelnetTerminaltype,,,6297,23,,
66039,1005346128.0,,,196.227.033.189,172.016.113.148,FTP_User,,,6683,21,,
66040,1005346148.0,,,196.227.033.189,172.016.113.148,FTP_Pass,,,6683,21,,
66041,1005346148.0,,,196.227.033.189,172.016.113.148,FTP_Syst,,,6683,21,,
66042,1005346205.0,,,135.008.060.182,172.016.113.105,Email_Ehlo,,,7022,25,,
66043,1005346206.0,,,135.008.060.182,172.016.113.204,Email_Ehlo,,,7085,25,,
66044,1005346231.0,,,172.016.112.149,197.218.177.069,FTP_User,,,45702,21,,
66045,1005346255.0,,,172.016.112.149,197.218.177.069,FTP_Pass,,,45702,21,,
66046,1005346255.0,,,172.016.112.149,197.218.177.069,FTP_Syst,,,45702,21,,
66047,1005346400.0,,,202.077.162.213,172.016.115.020,Admind,,,647,54791,,
66048,1005346400.0,,,202.077.162.213,172.016.115.020,Sadmind_Ping,,,647,54791,,
66049,1005346512.0,,,172.016.112.149,135.013.216.191,TelnetTerminaltype,,,45879,23,,
66054,1005346557.0,,,194.027.251.021,172.016.112.194,TelnetTerminaltype,,,8255,23,,
66055,1005346569.0,,,194.007.248.153,172.016.113.207,Email_Ehlo,,,8273,25,,
66056,1005346570.0,,,194.007.248.153,172.016.113.207,Email_Almail_Overflow,,,8273,25,,
66050,1005346571.0,,,194.007.248.153,172.016.112.050,Email_Almail_Overflow,,,8280,25,,
66051,1005346571.0,,,194.007.248.153,172.016.112.194,Email_Ehlo,,,8276,25,,
66052,1005346571.0,,,194.007.248.153,172.016.112.194,Email_Almail_Overflow,,,8276,25,,
66053,1005346571.0,,,194.007.248.153,172.016.112.050,Email_Ehlo,,,8280,25,,
66076,1005346572.0,,,194.007.248.153,172.016.113.168,Email_Ehlo,,,8282,25,,
66073,1005346573.0,,,194.007.248.153,172.016.114.050,Email_Almail_Overflow,,,8283,25,,
66077,1005346573.0,,,194.007.248.153,172.016.113.168,Email_Almail_Overflow,,,8282,25,,
66078,1005346573.0,,,194.007.248.153,172.016.114.050,Email_Ehlo,,,8283,25,,
66074,1005346574.0,,,194.007.248.153,172.016.113.169,Email_Ehlo,,,8284,25,,
66075,1005346574.0,,,194.007.248.153,172.016.113.169,Email_Almail_Overflow,,,8284,25,,
66067,1005346575.0,,,194.007.248.153,172.016.113.050,Email_Almail_Overflow,,,8288,25,,
66070,1005346575.0,,,194.007.248.153,172.016.113.148,Email_Ehlo,,,8285,25,,
66071,1005346575.0,,,194.007.248.153,172.016.113.148,Email_Almail_Overflow,,,8285,25,,
66072,1005346575.0,,,194.007.248.153,172.016.113.050,Email_Ehlo,,,8288,25,,
66068,1005346576.0,,,194.007.248.153,172.016.113.204,Email_Ehlo,,,8289,25,,
66069,1005346576.0,,,194.007.248.153,172.016.113.204,Email_Almail_Overflow,,,8289,25,,
66064,1005346578.0,,,194.007.248.153,172.016.112.149,Email_Ehlo,,,8290,25,,
66065,1005346578.0,,,194.007.248.153,172.016.112.149,Email_Almail_Overflow,,,8290,25,,
66061,1005346580.0,,,202.077.162.213,172.016.114.010,Sadmind_Ping,,,651,32779,,
66066,1005346580.0,,,202.077.162.213,172.016.114.010,Admind,,,651,32779,,
66058,1005346581.0,,,202.077.162.213,172.016.114.030,Admind,,,653,32772,,
66059,1005346581.0,,,202.077.162.213,172.016.114.030,Sadmind_Ping,,,653,32772,,
66062,1005346581.0,,,202.077.162.213,172.016.114.020,Admind,,,652,32773,,
66063,1005346581.0,,,202.077.162.213,172.016.114.020,Sadmind_Ping,,,652,32773,,
66060,1005346593.0,,,196.227.033.189,172.016.113.105,Email_Ehlo,,,8294,25,,
66057,1005346603.0,,,172.016.113.168,197.218.177.069,FTP_User,,,45919,21,,
66082,1005346616.0,,,172.016.113.105,194.027.251.021,Email_Ehlo,,,45922,25,,
66083,1005346617.0,,,172.016.113.105,197.182.091.233,Email_Ehlo,,,45923,25,,
66084,1005346618.0,,,172.016.113.105,196.037.075.158,Email_Ehlo,,,45924,25,,
66079,1005346619.0,,,172.016.113.105,195.115.218.108,Email_Ehlo,,,45925,25,,
66080,1005346629.0,,,172.016.113.168,197.218.177.069,FTP_Pass,,,45919,21,,
66081,1005346629.0,,,172.016.113.168,197.218.177.069,FTP_Syst,,,45919,21,,
66085,1005346656.0,,,209.075.005.250,172.016.113.204,HTTP_Java,,,80,45975,,
66086,1005346656.0,,,209.075.005.250,172.016.113.204,HTTP_Java,,,80,45975,,
66087,1005346656.0,,,209.075.005.250,172.016.113.204,HTTP_Java,,,80,45975,,
66088,1005346656.0,,,209.075.005.250,172.016.113.204,HTTP_Java,,,80,45975,,
66089,1005346656.0,,,209.075.005.250,172.016.113.204,HTTP_Java,,,80,45975,,
66090,1005346656.0,,,209.075.005.250,172.016.113.204,HTTP_Java,,,80,45975,,
66091,1005346656.0,,,172.016.113.204,209.075.005.250,HTTP_Shells,,,45975,80,,
66092,1005346656.0,,,209.075.005.250,172.016.113.204,HTTP_Java,,,80,45975,,
66093,1005346656.0,,,209.075.005.250,172.016.113.204,HTTP_Java,,,80,45975,,
66094,1005346693.0,,,196.037.075.158,172.016.113.105,Email_Ehlo,,,8309,25,,
66095,1005346694.0,,,196.037.075.158,172.016.113.148,Email_Ehlo,,,8310,25,,
66097,1005346714.0,,,194.027.251.021,172.016.113.105,Email_Ehlo,,,8313,25,,
66098,1005346719.0,,,196.227.033.189,172.016.113.207,Email_Ehlo,,,8316,25,,
66099,1005346720.0,,,196.227.033.189,172.016.113.148,Email_Ehlo,,,8317,25,,
66096,1005346721.0,,,196.227.033.189,172.016.112.194,Email_Ehlo,,,8318,25,,
66100,1005346739.0,,,172.016.112.194,135.013.216.191,Email_Ehlo,,,46091,25,,
66101,1005346772.0,,,194.027.251.021,172.016.113.148,Email_Ehlo,,,8585,25,,
66102,1005346774.0,,,194.027.251.021,172.016.112.194,TelnetTerminaltype,,,8649,23,,
66103,1005346789.0,,,172.016.113.207,196.227.033.189,Email_Ehlo,,,46118,25,,
66106,1005346813.0,,,135.008.060.182,172.016.114.050,Email_Ehlo,,,8752,25,,
66107,1005346813.0,,,197.218.177.069,172.016.113.105,Email_Ehlo,,,8753,25,,
66108,1005346815.0,,,197.218.177.069,172.016.113.207,Email_Ehlo,,,8754,25,,
66104,1005346816.0,,,197.218.177.069,172.016.113.204,Email_Ehlo,,,8765,25,,
66105,1005346817.0,,,172.016.112.207,194.027.251.021,TelnetTerminaltype,,,46168,23,,
66113,1005346818.0,,,197.218.177.069,172.016.112.149,Email_Ehlo,,,8824,25,,
66114,1005346822.0,,,202.077.162.213,172.016.112.010,Admind,,,660,56255,,
66115,1005346822.0,,,202.077.162.213,172.016.112.010,Sadmind_Ping,,,660,56255,,
66110,1005346823.0,,,202.077.162.213,172.016.112.050,Admind,,,661,56261,,
66111,1005346823.0,,,202.077.162.213,172.016.112.050,Sadmind_Ping,,,661,56261,,
66112,1005346823.0,,,172.016.112.194,194.007.248.153,Email_Ehlo,,,46170,25,,
66109,1005346824.0,,,172.016.112.194,195.115.218.108,Email_Ehlo,,,46171,25,,
66116,1005346875.0,,,172.016.113.148,194.007.248.153,Email_Ehlo,,,46249,25,,
66117,1005346894.0,,,172.016.113.148,196.227.033.189,Email_Ehlo,,,46250,25,,
66118,1005346913.0,,,194.007.248.153,172.016.112.194,Email_Ehlo,,,9219,25,,
66119,1005346947.0,,,172.016.113.204,172.016.114.050,TelnetTerminaltype,,,46277,23,,
66120,1005346957.0,,,172.016.113.204,195.115.218.108,TelnetTerminaltype,,,46298,23,,
66121,1005346995.0,,,172.016.112.149,197.218.177.069,Email_Ehlo,,,46342,25,,
66126,1005347002.0,,,172.016.112.207,172.016.114.050,Email_Ehlo,,,46349,25,,
66127,1005347020.0,,,172.016.113.148,197.218.177.069,TelnetTerminaltype,,,46351,23,,
66128,1005347023.0,,,195.073.151.050,172.016.113.148,Email_Ehlo,,,9767,25,,
66123,1005347027.0,,,195.115.218.108,172.016.114.050,Email_Ehlo,,,9770,25,,
66124,1005347027.0,,,195.115.218.108,172.016.113.168,Email_Ehlo,,,9829,25,,
66125,1005347029.0,,,195.115.218.108,172.016.113.207,Email_Ehlo,,,9830,25,,
66122,1005347030.0,,,195.115.218.108,172.016.112.194,Email_Ehlo,,,9831,25,,
66129,1005347047.0,,,196.037.075.158,172.016.113.050,TelnetTerminaltype,,,9892,23,,
66130,1005347053.0,,,172.016.113.204,197.218.177.069,Email_Ehlo,,,46357,25,,
66131,1005347089.0,,,197.182.091.233,172.016.113.207,Email_Ehlo,,,9900,25,,
66132,1005347099.0,,,172.016.113.148,195.073.151.050,Email_Ehlo,,,46382,25,,
66133,1005347117.0,,,172.016.113.168,172.016.114.050,TelnetTerminaltype,,,46384,23,,
66134,1005347143.0,,,172.016.113.207,195.115.218.108,Email_Ehlo,,,46470,25,,
66135,1005347147.0,,,172.016.113.105,194.007.248.153,Email_Ehlo,,,46471,25,,
66136,1005347148.0,,,172.016.113.105,196.037.075.158,Email_Ehlo,,,46472,25,,
66137,1005347163.0,,,172.016.113.084,194.007.248.153,Email_Ehlo,,,46480,25,,
66138,1005347173.0,,,194.007.248.153,172.016.112.194,TelnetTerminaltype,,,10213,23,,
66139,1005347178.0,,,194.007.248.153,172.016.112.100,TelnetTerminaltype,,,10299,23,,
66140,1005347193.0,,,196.037.075.158,172.016.113.105,Email_Ehlo,,,10317,25,,
66141,1005347234.0,,,172.016.113.169,196.227.033.189,TelnetTerminaltype,,,46503,23,,
66142,1005347241.0,,,197.218.177.069,172.016.112.050,TelnetTerminaltype,,,10352,23,,
66143,1005347243.0,,,197.182.091.233,172.016.113.168,Email_Ehlo,,,10353,25,,
66144,1005347271.0,,,172.016.113.148,135.013.216.191,Email_Ehlo,,,46524,25,,
66145,1005347274.0,,,172.016.113.207,197.218.177.069,Email_Ehlo,,,46529,25,,
66146,1005347289.0,,,135.008.060.182,172.016.113.148,FTP_User,,,10358,21,,
66147,1005347298.0,,,172.016.113.169,135.013.216.191,Email_Ehlo,,,46568,25,,
66151,1005347309.0,,,135.008.060.182,172.016.113.148,FTP_Pass,,,10358,21,,
66152,1005347309.0,,,135.008.060.182,172.016.113.148,FTP_Syst,,,10358,21,,
66153,1005347326.0,,,172.016.113.204,135.013.216.191,Email_Ehlo,,,46570,25,,
66148,1005347328.0,,,172.016.113.204,197.182.091.233,Email_Ehlo,,,46571,25,,
66149,1005347329.0,,,172.016.113.148,196.227.033.189,Email_Ehlo,,,46572,25,,
66150,1005347330.0,,,172.016.113.148,135.008.060.182,Email_Ehlo,,,46573,25,,
66154,1005347366.0,,,195.115.218.108,172.016.113.168,Email_Ehlo,,,10780,25,,
66155,1005347392.0,,,172.016.112.194,195.073.151.050,Email_Ehlo,,,46656,25,,
66156,1005347399.0,,,197.218.177.069,172.016.113.050,TelnetTerminaltype,,,10783,23,,
66157,1005347419.0,,,195.073.151.050,172.016.113.168,Email_Ehlo,,,10861,25,,
66158,1005347508.0,,,196.037.075.158,172.016.113.105,Email_Ehlo,,,11055,25,,
66159,1005347524.0,,,172.016.112.194,135.013.216.191,Email_Ehlo,,,46721,25,,
66160,1005347550.0,,,196.037.075.158,172.016.113.207,Email_Ehlo,,,11310,25,,
66161,1005347554.0,,,172.016.112.194,196.227.033.189,Email_Ehlo,,,46729,25,,
66162,1005347609.0,,,194.007.248.153,172.016.112.194,Email_Ehlo,,,11364,25,,
66166,1005347641.0,,,196.227.033.189,172.016.113.105,Email_Ehlo,,,11372,25,,
66167,1005347642.0,,,196.227.033.189,172.016.112.194,Email_Ehlo,,,11373,25,,
66168,1005347643.0,,,196.227.033.189,172.016.113.148,Email_Ehlo,,,11424,25,,
66163,1005347644.0,,,196.227.033.189,172.016.112.149,Email_Ehlo,,,11429,25,,
66164,1005347662.0,,,135.008.060.182,172.016.115.020,Email_Ehlo,,,11435,25,,
66165,1005347668.0,,,196.037.075.158,172.016.113.105,Email_Ehlo,,,11436,25,,
66169,1005347702.0,,,135.008.060.182,172.016.113.168,Email_Ehlo,,,11488,25,,
66170,1005347705.0,,,172.016.112.194,135.008.060.182,TelnetTerminaltype,,,46857,23,,
66172,1005347768.0,,,196.227.033.189,172.016.113.084,Email_Ehlo,,,11558,25,,
66173,1005347770.0,,,196.227.033.189,172.016.113.207,Email_Ehlo,,,11559,25,,
66174,1005347771.0,,,196.227.033.189,172.016.113.204,Email_Ehlo,,,11560,25,,
66171,1005347772.0,,,196.227.033.189,172.016.112.149,Email_Ehlo,,,11561,25,,
66175,1005347851.0,,,172.016.113.204,196.227.033.189,Email_Ehlo,,,46935,25,,
66176,1005347863.0,,,197.182.091.233,172.016.112.050,TelnetTerminaltype,,,11891,23,,
66182,1005347903.0,,,202.077.162.213,172.016.115.020,Admind,,,668,60250,,
66183,1005347903.0,,,202.077.162.213,172.016.115.020,Sadmind_Amslverify_Overflow,,,668,60250,,
66179,1005347906.0,,,202.077.162.213,172.016.115.020,Sadmind_Amslverify_Overflow,,,669,60254,,
66184,1005347906.0,,,202.077.162.213,172.016.115.020,Admind,,,669,60254,,
66180,1005347911.0,,,202.077.162.213,172.016.115.020,Admind,,,670,60268,,
66181,1005347911.0,,,202.077.162.213,172.016.115.020,Sadmind_Amslverify_Overflow,,,670,60268,,
66177,1005347914.0,,,202.077.162.213,172.016.115.020,Admind,,,671,60275,,
66178,1005347914.0,,,202.077.162.213,172.016.115.020,Sadmind_Amslverify_Overflow,,,671,60275,,
66203,1005347920.0,,,202.077.162.213,172.016.115.020,Admind,,,672,60288,,
66204,1005347920.0,,,202.077.162.213,172.016.115.020,Sadmind_Amslverify_Overflow,,,672,60288,,
66200,1005347922.0,,,202.077.162.213,172.016.115.020,Sadmind_Amslverify_Overflow,,,673,60299,,
66205,1005347922.0,,,202.077.162.213,172.016.115.020,Admind,,,673,60299,,
66197,1005347925.0,,,202.077.162.213,172.016.114.010,Sadmind_Amslverify_Overflow,,,674,32779,,
66198,1005347925.0,,,202.077.162.213,172.016.114.010,Admind,,,675,32779,,
66199,1005347925.0,,,202.077.162.213,172.016.114.010,Sadmind_Amslverify_Overflow,,,675,32779,,
66201,1005347925.0,,,172.016.113.105,196.037.075.158,Email_Ehlo,,,46960,25,,
66202,1005347925.0,,,202.077.162.213,172.016.114.010,Admind,,,674,32779,,
66191,1005347929.0,,,202.077.162.213,172.016.114.010,Sadmind_Amslverify_Overflow,,,677,32779,,
66194,1005347929.0,,,202.077.162.213,172.016.114.010,Admind,,,676,32779,,
66195,1005347929.0,,,202.077.162.213,172.016.114.010,Sadmind_Amslverify_Overflow,,,676,32779,,
66196,1005347929.0,,,202.077.162.213,172.016.114.010,Admind,,,677,32779,,
66188,1005347934.0,,,202.077.162.213,172.016.114.010,Admind,,,679,32779,,
66189,1005347934.0,,,202.077.162.213,172.016.114.010,Sadmind_Amslverify_Overflow,,,679,32779,,
66192,1005347934.0,,,202.077.162.213,172.016.114.010,Admind,,,678,32779,,
66193,1005347934.0,,,202.077.162.213,172.016.114.010,Sadmind_Amslverify_Overflow,,,678,32779,,
66185,1005347938.0,,,202.077.162.213,172.016.114.020,Sadmind_Amslverify_Overflow,,,680,32773,,
66190,1005347938.0,,,202.077.162.213,172.016.114.020,Admind,,,680,32773,,
66186,1005347940.0,,,202.077.162.213,172.016.114.020,Admind,,,681,32773,,
66187,1005347940.0,,,202.077.162.213,172.016.114.020,Sadmind_Amslverify_Overflow,,,681,32773,,
66220,1005347947.0,,,202.077.162.213,172.016.114.020,Admind,,,682,32773,,
66221,1005347947.0,,,202.077.162.213,172.016.114.020,Sadmind_Amslverify_Overflow,,,682,32773,,
66217,1005347949.0,,,202.077.162.213,172.016.114.020,Sadmind_Amslverify_Overflow,,,683,32773,,
66222,1005347949.0,,,202.077.162.213,172.016.114.020,Admind,,,683,32773,,
66218,1005347955.0,,,202.077.162.213,172.016.114.020,Admind,,,684,32773,,
66219,1005347955.0,,,202.077.162.213,172.016.114.020,Sadmind_Amslverify_Overflow,,,684,32773,,
66214,1005347957.0,,,202.077.162.213,172.016.114.020,Admind,,,685,32773,,
66215,1005347957.0,,,202.077.162.213,172.016.114.020,Sadmind_Amslverify_Overflow,,,685,32773,,
66216,1005347959.0,,,195.115.218.108,172.016.113.204,TCP_Urgent_Data,,,23,46298,,
66211,1005347964.0,,,202.077.162.213,172.016.114.030,Admind,,,686,32772,,
66212,1005347964.0,,,202.077.162.213,172.016.114.030,Sadmind_Amslverify_Overflow,,,686,32772,,
66208,1005347966.0,,,202.077.162.213,172.016.114.030,Sadmind_Amslverify_Overflow,,,687,32772,,
66213,1005347966.0,,,202.077.162.213,172.016.114.030,Admind,,,687,32772,,
66209,1005347972.0,,,202.077.162.213,172.016.114.030,Admind,,,688,32772,,
66210,1005347972.0,,,202.077.162.213,172.016.114.030,Sadmind_Amslverify_Overflow,,,688,32772,,
66206,1005347974.0,,,202.077.162.213,172.016.114.030,Admind,,,689,32772,,
66207,1005347974.0,,,202.077.162.213,172.016.114.030,Sadmind_Amslverify_Overflow,,,689,32772,,
66237,1005347981.0,,,202.077.162.213,172.016.114.030,Admind,,,690,32772,,
66238,1005347981.0,,,202.077.162.213,172.016.114.030,Sadmind_Amslverify_Overflow,,,690,32772,,
66234,1005347983.0,,,202.077.162.213,172.016.114.030,Sadmind_Amslverify_Overflow,,,691,32772,,
66239,1005347983.0,,,202.077.162.213,172.016.114.030,Admind,,,691,32772,,
66235,1005347989.0,,,202.077.162.213,172.016.112.010,Admind,,,692,60518,,
66236,1005347989.0,,,202.077.162.213,172.016.112.010,Sadmind_Amslverify_Overflow,,,692,60518,,
66231,1005347991.0,,,202.077.162.213,172.016.112.010,Admind,,,693,60523,,
66232,1005347991.0,,,202.077.162.213,172.016.112.010,Sadmind_Amslverify_Overflow,,,693,60523,,
66228,1005347997.0,,,202.077.162.213,172.016.112.010,Sadmind_Amslverify_Overflow,,,694,60541,,
66233,1005347997.0,,,202.077.162.213,172.016.112.010,Admind,,,694,60541,,
66229,1005347999.0,,,202.077.162.213,172.016.112.010,Admind,,,695,60548,,
66230,1005347999.0,,,202.077.162.213,172.016.112.010,Sadmind_Amslverify_Overflow,,,695,60548,,
66225,1005348001.0,,,202.077.162.213,172.016.112.050,Admind,,,696,60568,,
66226,1005348001.0,,,202.077.162.213,172.016.112.050,Sadmind_Amslverify_Overflow,,,696,60568,,
66227,1005348003.0,,,172.016.112.050,202.077.162.213,UDP_Port_Scan,,,111,696,,
66223,1005348004.0,,,202.077.162.213,172.016.112.050,Admind,,,697,60577,,
66224,1005348004.0,,,202.077.162.213,172.016.112.050,Sadmind_Amslverify_Overflow,,,697,60577,,
66241,1005348010.0,,,202.077.162.213,172.016.112.050,Admind,,,698,60604,,
66242,1005348010.0,,,202.077.162.213,172.016.112.050,Sadmind_Amslverify_Overflow,,,698,60604,,
66240,1005348012.0,,,202.077.162.213,172.016.112.050,Sadmind_Amslverify_Overflow,,,699,60618,,
66243,1005348012.0,,,202.077.162.213,172.016.112.050,Admind,,,699,60618,,
66244,1005348093.0,,,172.016.113.148,197.218.177.069,TelnetTerminaltype,,,47102,23,,
66245,1005348103.0,,,172.016.113.148,196.037.075.158,Email_Ehlo,,,47110,25,,
66246,1005348104.0,,,172.016.113.148,196.227.033.189,Email_Ehlo,,,47111,25,,
66247,1005348120.0,,,195.073.151.050,172.016.113.148,Email_Ehlo,,,12332,25,,
66248,1005348156.0,,,172.016.112.207,135.013.216.191,Email_Ehlo,,,47151,25,,
66249,1005348157.0,,,172.016.112.207,196.227.033.189,Email_Ehlo,,,47152,25,,
66256,1005348169.0,,,172.016.113.148,195.073.151.050,Email_Ehlo,,,47164,25,,
66257,1005348170.0,,,172.016.113.148,194.007.248.153,Email_Ehlo,,,47165,25,,
66258,1005348171.0,,,172.016.113.148,196.037.075.158,Email_Ehlo,,,47166,25,,
66253,1005348172.0,,,172.016.113.148,195.115.218.108,Email_Ehlo,,,47167,25,,
66254,1005348184.0,,,172.016.113.204,135.013.216.191,Email_Ehlo,,,47175,25,,
66255,1005348186.0,,,172.016.113.204,196.037.075.158,Email_Ehlo,,,47176,25,,
66250,1005348187.0,,,172.016.113.204,195.115.218.108,Email_Ehlo,,,47177,25,,
66251,1005348188.0,,,172.016.113.204,135.008.060.182,Email_Ehlo,,,47178,25,,
66252,1005348190.0,,,172.016.112.149,196.227.033.189,Email_Ehlo,,,47179,25,,
66259,1005348193.0,,,194.007.248.153,172.016.113.148,Email_Ehlo,,,12374,25,,
66260,1005348235.0,,,195.115.218.108,172.016.113.204,Email_Ehlo,,,12382,25,,
66261,1005348239.0,,,196.037.075.158,172.016.112.207,Email_Ehlo,,,12383,25,,
66262,1005348240.0,,,196.037.075.158,172.016.113.204,Email_Ehlo,,,12385,25,,
66263,1005348290.0,,,172.016.113.169,135.008.060.182,Email_Ehlo,,,47188,25,,
66264,1005348294.0,,,172.016.113.169,196.037.075.158,Email_Ehlo,,,47189,25,,
66265,1005348307.0,,,135.013.216.191,172.016.113.204,Email_Ehlo,,,12410,25,,
66266,1005348313.0,,,196.037.075.158,172.016.113.148,Email_Ehlo,,,12555,25,,
66268,1005348370.0,,,172.016.113.204,194.007.248.153,Email_Ehlo,,,47215,25,,
66269,1005348371.0,,,172.016.113.204,135.013.216.191,Email_Ehlo,,,47216,25,,
66270,1005348372.0,,,172.016.113.204,197.218.177.069,Email_Ehlo,,,47217,25,,
66267,1005348373.0,,,172.016.113.204,195.115.218.108,Email_Ehlo,,,47218,25,,
66273,1005348411.0,,,172.016.113.168,197.182.091.233,TelnetTerminaltype,,,47236,23,,
66274,1005348417.0,,,172.016.112.194,135.008.060.182,TelnetTerminaltype,,,47249,23,,
66275,1005348431.0,,,172.016.113.204,194.007.248.153,Email_Ehlo,,,47259,25,,
66271,1005348432.0,,,172.016.113.204,197.182.091.233,Email_Ehlo,,,47260,25,,
66272,1005348433.0,,,172.016.113.204,195.115.218.108,Email_Ehlo,,,47261,25,,
66279,1005348439.0,,,197.182.091.233,172.016.113.168,TCP_Urgent_Data,,,23,47236,,
66280,1005348451.0,,,172.016.112.207,194.027.251.021,Email_Ehlo,,,47276,25,,
66281,1005348452.0,,,172.016.112.207,195.073.151.050,Email_Ehlo,,,47277,25,,
66276,1005348453.0,,,172.016.112.207,135.013.216.191,Email_Ehlo,,,47278,25,,
66277,1005348454.0,,,172.016.112.207,197.218.177.069,Email_Ehlo,,,47279,25,,
66278,1005348455.0,,,172.016.112.207,195.115.218.108,Email_Ehlo,,,47280,25,,
66282,1005348468.0,,,172.016.113.148,135.013.216.191,Email_Ehlo,,,47281,25,,
66284,1005348497.0,,,135.008.060.182,172.016.113.204,Email_Ehlo,,,13428,25,,
66285,1005348501.0,,,194.007.248.153,172.016.113.204,Email_Ehlo,,,13429,25,,
66286,1005348505.0,,,197.182.091.233,172.016.115.020,TelnetTerminaltype,,,13449,23,,
66283,1005348507.0,,,194.007.248.153,172.016.113.105,TCP_Urgent_Data,,,23,45343,,
66287,1005348534.0,,,172.016.113.169,135.013.216.191,Email_Ehlo,,,47304,25,,
66289,1005348559.0,,,194.027.251.021,172.016.114.050,Email_Ehlo,,,13520,25,,
66290,1005348559.0,,,194.027.251.021,172.016.112.194,TelnetTerminaltype,,,13525,23,,
66291,1005348569.0,,,172.016.113.148,197.218.177.069,Email_Ehlo,,,47322,25,,
66288,1005348572.0,,,172.016.113.084,135.013.216.191,Email_Ehlo,,,47323,25,,
66292,1005348643.0,,,172.016.113.105,194.007.248.153,TelnetTerminaltype,,,47384,23,,
66293,1005348727.0,,,135.013.216.191,172.016.113.148,FTP_User,,,13856,21,,
66294,1005348734.0,,,135.013.216.191,172.016.113.148,FTP_Pass,,,13856,21,,
66295,1005348734.0,,,135.013.216.191,172.016.113.148,FTP_Syst,,,13856,21,,
66296,1005348745.0,,,172.016.113.084,135.013.216.191,Email_Ehlo,,,47452,25,,
66297,1005348746.0,,,172.016.113.084,196.227.033.189,Email_Ehlo,,,47453,25,,
66298,1005348789.0,,,172.016.112.207,197.182.091.233,Email_Ehlo,,,47456,25,,
66305,1005348802.0,,,172.016.112.149,197.218.177.069,Email_Ehlo,,,47457,25,,
66306,1005348803.0,,,172.016.112.149,195.115.218.108,Email_Ehlo,,,47458,25,,
66307,1005348804.0,,,172.016.113.168,195.073.151.050,Email_Ehlo,,,47459,25,,
66302,1005348805.0,,,172.016.113.168,196.037.075.158,Email_Ehlo,,,47460,25,,
66303,1005348806.0,,,172.016.113.168,197.218.177.069,Email_Ehlo,,,47463,25,,
66304,1005348807.0,,,172.016.113.168,196.227.033.189,Email_Ehlo,,,47464,25,,
66299,1005348820.0,,,172.016.112.149,194.027.251.021,Email_Ehlo,,,47465,25,,
66300,1005348826.0,,,172.016.112.207,194.027.251.021,Email_Ehlo,,,47466,25,,
66301,1005348827.0,,,172.016.112.207,195.115.218.108,Email_Ehlo,,,47467,25,,
66308,1005348841.0,,,195.115.218.108,172.016.113.204,Email_Ehlo,,,14417,25,,
66309,1005348858.0,,,197.218.177.069,172.016.112.207,Email_Ehlo,,,14418,25,,
66326,1005348867.0,,,197.182.091.233,172.016.113.084,Email_Ehlo,,,14422,25,,
66327,1005348869.0,,,197.182.091.233,172.016.113.207,Email_Ehlo,,,14425,25,,
66328,1005348870.0,,,197.182.091.233,172.016.113.204,Email_Ehlo,,,14426,25,,
66323,1005348880.0,,,194.027.251.021,172.016.112.194,Email_Ehlo,,,14467,25,,
66324,1005348880.0,,,194.027.251.021,172.016.112.194,Email_Almail_Overflow,,,14467,25,,
66320,1005348881.0,,,194.027.251.021,172.016.112.050,Email_Almail_Overflow,,,14468,25,,
66325,1005348881.0,,,194.027.251.021,172.016.112.050,Email_Ehlo,,,14468,25,,
66321,1005348882.0,,,194.027.251.021,172.016.113.084,Email_Ehlo,,,14469,25,,
66322,1005348882.0,,,194.027.251.021,172.016.113.084,Email_Almail_Overflow,,,14469,25,,
66317,1005348883.0,,,194.027.251.021,172.016.113.168,Email_Ehlo,,,14472,25,,
66314,1005348884.0,,,194.027.251.021,172.016.113.105,Email_Almail_Overflow,,,14474,25,,
66318,1005348884.0,,,194.027.251.021,172.016.113.168,Email_Almail_Overflow,,,14472,25,,
66319,1005348884.0,,,194.027.251.021,172.016.113.105,Email_Ehlo,,,14474,25,,
66315,1005348887.0,,,194.027.251.021,172.016.112.207,Email_Ehlo,,,14477,25,,
66316,1005348887.0,,,194.027.251.021,172.016.112.207,Email_Almail_Overflow,,,14477,25,,
66311,1005348889.0,,,194.027.251.021,172.016.113.148,Email_Ehlo,,,14478,25,,
66312,1005348889.0,,,194.027.251.021,172.016.113.148,Email_Almail_Overflow,,,14478,25,,
66313,1005348890.0,,,194.027.251.021,172.016.113.204,Email_Ehlo,,,14479,25,,
66310,1005348891.0,,,194.027.251.021,172.016.113.204,Email_Almail_Overflow,,,14479,25,,
66342,1005348892.0,,,197.218.177.069,172.016.113.204,Email_Ehlo,,,14483,25,,
66343,1005348901.0,,,172.016.113.168,195.073.151.050,Email_Ehlo,,,47484,25,,
66344,1005348902.0,,,172.016.113.168,196.227.033.189,Email_Ehlo,,,47485,25,,
66339,1005348903.0,,,172.016.113.168,197.218.177.069,Email_Ehlo,,,47493,25,,
66340,1005348904.0,,,172.016.113.168,135.008.060.182,Email_Ehlo,,,47494,25,,
66336,1005348915.0,,,172.016.115.020,202.077.162.213,Rsh,,,1023,514,,
66341,1005348915.0,,,172.016.115.020,202.077.162.213,Rsh,,,1023,514,,
66333,1005348916.0,,,172.016.115.020,202.077.162.213,Rsh,,,1023,514,,
66337,1005348916.0,,,197.218.177.069,172.016.113.168,Email_Ehlo,,,14488,25,,
66338,1005348916.0,,,172.016.115.020,202.077.162.213,Rsh,,,1023,514,,
66334,1005348917.0,,,197.218.177.069,172.016.113.207,Email_Ehlo,,,14491,25,,
66335,1005348917.0,,,172.016.115.020,202.077.162.213,Rsh,,,1023,514,,
66330,1005348918.0,,,197.218.177.069,172.016.112.149,Email_Ehlo,,,14531,25,,
66331,1005348918.0,,,172.016.115.020,202.077.162.213,Rsh,,,1023,514,,
66332,1005348920.0,,,202.077.162.213,172.016.115.020,Rsh,,,1023,514,,
66329,1005348922.0,,,172.016.112.149,197.218.177.069,Email_Ehlo,,,47500,25,,
66351,1005348934.0,,,202.077.162.213,172.016.115.020,Rsh,,,1021,514,,
66352,1005348934.0,,,172.016.112.010,202.077.162.213,Rsh,,,1023,514,,
66353,1005348934.0,,,172.016.112.010,202.077.162.213,Rsh,,,1023,514,,
66348,1005348935.0,,,172.016.112.010,202.077.162.213,Rsh,,,1023,514,,
66349,1005348943.0,,,196.227.033.189,172.016.113.168,Email_Ehlo,,,14532,25,,
66350,1005348950.0,,,202.077.162.213,172.016.112.010,Rsh,,,1019,514,,
66345,1005348951.0,,,172.016.112.050,202.077.162.213,Rsh,,,1023,514,,
66346,1005348951.0,,,172.016.112.050,202.077.162.213,Rsh,,,1023,514,,
66347,1005348951.0,,,172.016.112.050,202.077.162.213,Rsh,,,1023,514,,
66357,1005348955.0,,,196.227.033.189,172.016.112.100,FTP_User,,,14533,21,,
66358,1005348958.0,,,135.013.216.191,172.016.113.204,Email_Ehlo,,,14536,25,,
66359,1005348963.0,,,196.227.033.189,172.016.112.100,FTP_Pass,,,14533,21,,
66354,1005348964.0,,,196.227.033.189,172.016.112.100,FTP_Syst,,,14533,21,,
66355,1005348966.0,,,202.077.162.213,172.016.112.050,Rsh,,,1017,514,,
66356,1005348980.0,,,172.016.113.207,197.218.177.069,Email_Ehlo,,,47554,25,,
66362,1005349025.0,,,195.115.218.108,172.016.112.207,Email_Ehlo,,,14608,25,,
66363,1005349026.0,,,195.115.218.108,172.016.113.148,Email_Ehlo,,,14612,25,,
66364,1005349032.0,,,172.016.112.194,194.027.251.021,Email_Ehlo,,,47592,25,,
66360,1005349040.0,,,172.016.113.204,135.013.216.191,Email_Ehlo,,,47593,25,,
66361,1005349041.0,,,194.027.251.021,172.016.112.194,Email_Ehlo,,,14619,25,,
66365,1005349057.0,,,135.008.060.182,172.016.113.148,FTP_User,,,14657,21,,
66366,1005349064.0,,,135.008.060.182,172.016.113.148,FTP_Pass,,,14657,21,,
66367,1005349064.0,,,135.008.060.182,172.016.113.148,FTP_Syst,,,14657,21,,
66368,1005349087.0,,,172.016.112.194,194.027.251.021,Email_Ehlo,,,47735,25,,
66369,1005349130.0,,,196.037.075.158,172.016.112.050,TelnetTerminaltype,,,14914,23,,
66370,1005349137.0,,,197.218.177.069,172.016.113.168,Email_Ehlo,,,14925,25,,
66371,1005349166.0,,,172.016.113.084,208.216.182.015,HTTP_Cisco_Catalyst_Exec,,,47838,80,,
66372,1005349166.0,,,172.016.113.084,208.216.182.015,HTTP_Cisco_Catalyst_Exec,,,47839,80,,
66373,1005349195.0,,,196.227.033.189,172.016.113.168,Email_Ehlo,,,14930,25,,
66374,1005349214.0,,,172.016.113.168,195.115.218.108,Email_Ehlo,,,47880,25,,
66375,1005349288.0,,,172.016.112.194,194.007.248.153,Email_Ehlo,,,47947,25,,
66376,1005349289.0,,,172.016.112.194,135.013.216.191,Email_Ehlo,,,47948,25,,
66377,1005349290.0,,,172.016.112.194,197.182.091.233,Email_Ehlo,,,47949,25,,
66380,1005349291.0,,,172.016.112.194,196.037.075.158,Email_Ehlo,,,47950,25,,
66381,1005349292.0,,,172.016.112.194,197.218.177.069,Email_Ehlo,,,47951,25,,
66382,1005349293.0,,,172.016.112.194,135.008.060.182,Email_Ehlo,,,47952,25,,
66378,1005349304.0,,,135.008.060.182,172.016.113.204,Email_Ehlo,,,14941,25,,
66379,1005349306.0,,,196.037.075.158,172.016.113.204,Email_Ehlo,,,14942,25,,
66387,1005349327.0,,,172.016.113.204,197.218.177.069,FTP_User,,,47972,21,,
66388,1005349337.0,,,172.016.113.204,197.218.177.069,FTP_Pass,,,47972,21,,
66389,1005349337.0,,,172.016.113.204,197.218.177.069,FTP_Syst,,,47972,21,,
66384,1005349342.0,,,196.037.075.158,172.016.113.105,Email_Ehlo,,,15129,25,,
66385,1005349344.0,,,196.037.075.158,172.016.112.207,Email_Ehlo,,,15172,25,,
66386,1005349344.0,,,196.037.075.158,172.016.113.207,Email_Ehlo,,,15173,25,,
66383,1005349346.0,,,194.007.248.153,172.016.112.194,Email_Ehlo,,,15236,25,,
66390,1005349377.0,,,196.037.075.158,172.016.112.207,Email_Ehlo,,,15299,25,,
66392,1005349413.0,,,172.016.113.169,194.007.248.153,Email_Ehlo,,,48048,25,,
66393,1005349414.0,,,172.016.113.169,197.182.091.233,Email_Ehlo,,,48049,25,,
66394,1005349415.0,,,172.016.113.105,194.027.251.021,Email_Ehlo,,,48050,25,,
66391,1005349440.0,,,172.016.113.207,195.073.151.050,Email_Ehlo,,,48066,25,,
66395,1005349443.0,,,172.016.112.207,196.037.075.158,Email_Ehlo,,,48069,25,,
66396,1005349443.0,,,197.182.091.233,172.016.113.168,Email_Ehlo,,,15301,25,,
66397,1005349492.0,,,172.016.113.207,196.037.075.158,TelnetTerminaltype,,,48132,23,,
66398,1005349495.0,,,197.182.091.233,172.016.113.169,Email_Ehlo,,,15370,25,,
66399,1005349500.0,,,196.037.075.158,172.016.112.149,Email_Ehlo,,,15371,25,,
66400,1005349523.0,,,172.016.113.105,196.037.075.158,Email_Ehlo,,,48183,25,,
66401,1005349617.0,,,197.182.091.233,172.016.112.149,Email_Ehlo,,,15372,25,,
66402,1005349649.0,,,195.073.151.050,172.016.112.149,Email_Ehlo,,,15373,25,,
66403,1005349677.0,,,172.016.112.207,196.037.075.158,Email_Ehlo,,,48368,25,,
66406,1005349700.0,,,135.008.060.182,172.016.113.105,Email_Ehlo,,,15436,25,,
66407,1005349702.0,,,135.008.060.182,172.016.112.149,Email_Ehlo,,,15437,25,,
66408,1005349704.0,,,135.013.216.191,172.016.112.100,FTP_User,,,15435,21,,
66404,1005349713.0,,,135.013.216.191,172.016.112.100,FTP_Pass,,,15435,21,,
66405,1005349713.0,,,135.013.216.191,172.016.112.100,FTP_Syst,,,15435,21,,
66409,1005349761.0,,,172.016.112.194,197.218.177.069,FTP_User,,,48415,21,,
66410,1005349769.0,,,172.016.112.194,197.218.177.069,FTP_Pass,,,48415,21,,
66411,1005349769.0,,,172.016.112.194,197.218.177.069,FTP_Syst,,,48415,21,,
66412,1005349796.0,,,172.016.113.105,135.008.060.182,Email_Ehlo,,,48424,25,,
66415,1005349811.0,,,197.182.091.233,172.016.112.149,Email_Ehlo,,,15630,25,,
66416,1005349812.0,,,196.037.075.158,172.016.112.149,Email_Ehlo,,,15631,25,,
66417,1005349828.0,,,195.073.151.050,172.016.113.148,FTP_User,,,15637,21,,
66413,1005349833.0,,,195.073.151.050,172.016.113.148,FTP_Pass,,,15637,21,,
66414,1005349833.0,,,195.073.151.050,172.016.113.148,FTP_Syst,,,15637,21,,
66432,1005349844.0,,,195.073.151.050,172.016.113.084,Email_Ehlo,,,15695,25,,
66433,1005349844.0,,,195.073.151.050,172.016.113.084,Email_Almail_Overflow,,,15695,25,,
66429,1005349847.0,,,195.073.151.050,172.016.113.168,Email_Almail_Overflow,,,15696,25,,
66434,1005349847.0,,,195.073.151.050,172.016.113.168,Email_Ehlo,,,15696,25,,
66430,1005349849.0,,,195.073.151.050,172.016.113.169,Email_Ehlo,,,15753,25,,
66431,1005349849.0,,,195.073.151.050,172.016.113.169,Email_Almail_Overflow,,,15753,25,,
66426,1005349851.0,,,195.073.151.050,172.016.113.105,Email_Ehlo,,,15821,25,,
66427,1005349851.0,,,195.073.151.050,172.016.113.105,Email_Almail_Overflow,,,15821,25,,
66423,1005349853.0,,,195.073.151.050,172.016.112.194,Email_Almail_Overflow,,,15877,25,,
66424,1005349853.0,,,195.073.151.050,172.016.113.050,Email_Ehlo,,,15879,25,,
66425,1005349853.0,,,195.073.151.050,172.016.113.050,Email_Almail_Overflow,,,15879,25,,
66428,1005349853.0,,,195.073.151.050,172.016.112.194,Email_Ehlo,,,15877,25,,
66420,1005349855.0,,,195.073.151.050,172.016.112.149,Email_Ehlo,,,15882,25,,
66421,1005349855.0,,,195.073.151.050,172.016.112.149,Email_Almail_Overflow,,,15882,25,,
66422,1005349856.0,,,197.182.091.233,172.016.112.100,FTP_User,,,15758,21,,
66418,1005349865.0,,,197.182.091.233,172.016.112.100,FTP_Pass,,,15758,21,,
66419,1005349865.0,,,197.182.091.233,172.016.112.100,FTP_Syst,,,15758,21,,
66435,1005349875.0,,,135.013.216.191,172.016.113.169,Email_Ehlo,,,16068,25,,
66436,1005349884.0,,,135.008.060.182,172.016.113.169,Email_Ehlo,,,16135,25,,
66437,1005349892.0,,,196.227.033.189,172.016.113.105,Email_Ehlo,,,16199,25,,
66438,1005349908.0,,,172.016.112.194,195.073.151.050,Email_Ehlo,,,48587,25,,
66439,1005349927.0,,,195.073.151.050,172.016.112.149,Email_Ehlo,,,16441,25,,
66440,1005349970.0,,,172.016.112.207,194.007.248.153,Email_Ehlo,,,48687,25,,
66441,1005349971.0,,,172.016.112.207,135.008.060.182,Email_Ehlo,,,48688,25,,
66442,1005349974.0,,,194.027.251.021,172.016.112.149,Email_Ehlo,,,16460,25,,
66448,1005349998.0,,,172.016.113.207,194.007.248.153,Email_Ehlo,,,48701,25,,
66449,1005349999.0,,,172.016.113.207,196.037.075.158,Email_Ehlo,,,48702,25,,
66450,1005350001.0,,,172.016.113.207,195.115.218.108,Email_Ehlo,,,48703,25,,
66445,1005350013.0,,,172.016.113.084,172.016.114.050,TelnetTerminaltype,,,48704,23,,
66446,1005350014.0,,,135.008.060.182,172.016.112.207,Email_Ehlo,,,16489,25,,
66447,1005350017.0,,,197.182.091.233,172.016.113.084,Email_Ehlo,,,16490,25,,
66443,1005350018.0,,,197.182.091.233,172.016.113.050,Email_Ehlo,,,16495,25,,
66444,1005350018.0,,,197.182.091.233,172.016.112.050,Email_Ehlo,,,16498,25,,
66451,1005350051.0,,,194.007.248.153,172.016.114.050,Email_Ehlo,,,16502,25,,
66452,1005350051.0,,,194.007.248.153,172.016.112.050,Email_Ehlo,,,16505,25,,
66453,1005350100.0,,,194.007.248.153,172.016.112.207,Email_Ehlo,,,16509,25,,
66454,1005350112.0,,,172.016.113.148,196.227.033.189,Email_Ehlo,,,48761,25,,
66455,1005350117.0,,,172.016.113.168,195.073.151.050,Email_Ehlo,,,48762,25,,
66467,1005350146.0,,,196.037.075.158,172.016.114.050,Email_Almail_Overflow,,,16512,25,,
66470,1005350146.0,,,196.037.075.158,172.016.113.084,Email_Ehlo,,,16511,25,,
66471,1005350146.0,,,196.037.075.158,172.016.113.084,Email_Almail_Overflow,,,16511,25,,
66472,1005350146.0,,,196.037.075.158,172.016.114.050,Email_Ehlo,,,16512,25,,
66468,1005350147.0,,,196.037.075.158,172.016.113.168,Email_Ehlo,,,16515,25,,
66469,1005350147.0,,,196.037.075.158,172.016.113.168,Email_Almail_Overflow,,,16515,25,,
66464,1005350150.0,,,196.037.075.158,172.016.113.169,Email_Ehlo,,,16521,25,,
66465,1005350150.0,,,196.037.075.158,172.016.113.169,Email_Almail_Overflow,,,16521,25,,
66461,1005350152.0,,,196.037.075.158,172.016.113.207,Email_Almail_Overflow,,,16522,25,,
66466,1005350152.0,,,196.037.075.158,172.016.113.207,Email_Ehlo,,,16522,25,,
66462,1005350155.0,,,196.037.075.158,172.016.113.148,Email_Ehlo,,,16523,25,,
66463,1005350155.0,,,196.037.075.158,172.016.113.148,Email_Almail_Overflow,,,16523,25,,
66458,1005350157.0,,,196.037.075.158,172.016.112.194,Email_Ehlo,,,16528,25,,
66459,1005350157.0,,,196.037.075.158,172.016.112.194,Email_Almail_Overflow,,,16528,25,,
66456,1005350161.0,,,196.037.075.158,172.016.112.149,Email_Almail_Overflow,,,16533,25,,
66457,1005350161.0,,,172.016.113.084,195.073.151.050,Email_Ehlo,,,48771,25,,
66460,1005350161.0,,,196.037.075.158,172.016.112.149,Email_Ehlo,,,16533,25,,
66473,1005350198.0,,,172.016.112.050,135.008.060.182,SSH_Detected,,,22,16675,,
66474,1005350198.0,,,135.008.060.182,172.016.112.050,SSH_Detected,,,16675,22,,
66475,1005350233.0,,,172.016.113.169,197.218.177.069,FTP_User,,,48780,21,,
66476,1005350247.0,,,172.016.113.169,197.218.177.069,FTP_Pass,,,48780,21,,
66477,1005350247.0,,,172.016.113.169,197.218.177.069,FTP_Syst,,,48780,21,,
66478,1005350289.0,,,197.182.091.233,172.016.113.207,Email_Ehlo,,,16975,25,,
66479,1005350299.0,,,172.016.112.149,195.073.151.050,Email_Ehlo,,,48792,25,,
66480,1005350300.0,,,172.016.112.149,195.115.218.108,Email_Ehlo,,,48793,25,,
66481,1005350380.0,,,135.013.216.191,172.016.113.148,FTP_User,,,17005,21,,
66482,1005350388.0,,,135.013.216.191,172.016.113.148,FTP_Pass,,,17005,21,,
66483,1005350388.0,,,135.013.216.191,172.016.113.148,FTP_Syst,,,17005,21,,
66484,1005350417.0,,,172.016.113.207,197.218.177.069,FTP_User,,,48820,21,,
66492,1005350425.0,,,135.008.060.182,172.016.113.148,Email_Ehlo,,,17146,25,,
66493,1005350425.0,,,135.008.060.182,172.016.113.148,Email_Debug,,,17146,25,,
66489,1005350427.0,,,135.008.060.182,172.016.112.149,Email_Debug,,,17147,25,,
66490,1005350427.0,,,195.073.151.050,172.016.112.149,Email_Ehlo,,,17148,25,,
66494,1005350427.0,,,135.008.060.182,172.016.112.149,Email_Ehlo,,,17147,25,,
66486,1005350433.0,,,172.016.113.207,197.218.177.069,FTP_Syst,,,48820,21,,
66491,1005350433.0,,,172.016.113.207,197.218.177.069,FTP_Pass,,,48820,21,,
66485,1005350443.0,,,172.016.113.207,196.037.075.158,Email_Ehlo,,,48866,25,,
66487,1005350443.0,,,172.016.113.168,196.037.075.158,Email_Ehlo,,,48863,25,,
66488,1005350443.0,,,172.016.113.207,135.013.216.191,Email_Ehlo,,,48865,25,,
66497,1005350486.0,,,172.016.112.149,197.182.091.233,Email_Ehlo,,,48869,25,,
66498,1005350487.0,,,172.016.112.149,196.037.075.158,Email_Ehlo,,,48870,25,,
66499,1005350490.0,,,172.016.112.207,197.218.177.069,Email_Ehlo,,,48872,25,,
66495,1005350491.0,,,172.016.112.207,196.227.033.189,Email_Ehlo,,,48873,25,,
66496,1005350492.0,,,172.016.112.207,195.115.218.108,Email_Ehlo,,,48881,25,,
66500,1005350547.0,,,196.227.033.189,172.016.112.207,Email_Ehlo,,,17574,25,,
66501,1005350561.0,,,196.037.075.158,172.016.112.100,FTP_User,,,17571,21,,
66502,1005350610.0,,,196.037.075.158,172.016.112.100,FTP_Pass,,,17571,21,,
66503,1005350610.0,,,196.037.075.158,172.016.112.100,FTP_Syst,,,17571,21,,
66504,1005350630.0,,,172.016.112.194,135.008.060.182,TelnetTerminaltype,,,48957,23,,
66505,1005350664.0,,,172.016.112.149,172.016.114.050,TelnetTerminaltype,,,48978,23,,
66506,1005350674.0,,,194.007.248.153,172.016.113.105,TCP_Urgent_Data,,,23,47384,,
66507,1005350679.0,,,197.218.177.069,172.016.112.207,Email_Ehlo,,,18497,25,,
66508,1005350698.0,,,172.016.113.169,172.016.114.050,TelnetTerminaltype,,,49001,23,,
66509,1005350698.0,,,172.016.113.148,196.037.075.158,Email_Ehlo,,,49002,25,,
66510,1005350767.0,,,195.073.151.050,172.016.115.020,TelnetTerminaltype,,,19569,23,,
66515,1005350793.0,,,197.182.091.233,172.016.112.100,FTP_User,,,19575,21,,
66516,1005350796.0,,,196.227.033.189,172.016.113.148,FTP_User,,,19627,21,,
66517,1005350798.0,,,194.027.251.021,172.016.112.194,TelnetTerminaltype,,,19628,23,,
66512,1005350802.0,,,197.182.091.233,172.016.112.100,FTP_Pass,,,19575,21,,
66513,1005350802.0,,,197.182.091.233,172.016.112.100,FTP_Syst,,,19575,21,,
66511,1005350812.0,,,196.227.033.189,172.016.113.148,FTP_Syst,,,19627,21,,
66514,1005350812.0,,,196.227.033.189,172.016.113.148,FTP_Pass,,,19627,21,,
66521,1005350818.0,,,172.016.113.084,195.073.151.050,TelnetTerminaltype,,,49063,23,,
66522,1005350822.0,,,135.013.216.191,172.016.113.050,Email_Ehlo,,,19747,25,,
66518,1005350835.0,,,172.016.113.169,196.227.033.189,Email_Ehlo,,,49066,25,,
66523,1005350835.0,,,135.008.060.182,172.016.113.050,Email_Ehlo,,,19748,25,,
66519,1005350843.0,,,197.182.091.233,172.016.113.084,Email_Ehlo,,,19750,25,,
66520,1005350844.0,,,197.182.091.233,172.016.113.168,Email_Ehlo,,,19822,25,,
66526,1005350847.0,,,197.182.091.233,172.016.113.148,Email_Ehlo,,,19885,25,,
66527,1005350850.0,,,197.182.091.233,172.016.112.194,Email_Ehlo,,,19936,25,,
66528,1005350852.0,,,197.182.091.233,172.016.112.149,Email_Ehlo,,,19943,25,,
66524,1005350859.0,,,194.007.248.153,172.016.113.084,Email_Ehlo,,,20261,25,,
66525,1005350861.0,,,172.016.113.168,196.037.075.158,Email_Ehlo,,,49078,25,,
66529,1005350910.0,,,195.115.218.108,172.016.113.105,Email_Ehlo,,,20536,25,,
66530,1005350912.0,,,195.115.218.108,172.016.113.148,Email_Ehlo,,,20538,25,,
66531,1005350947.0,,,197.218.177.069,172.016.113.148,TCP_Urgent_Data,,,23,43977,,
66532,1005350980.0,,,172.016.113.148,195.115.218.108,Email_Ehlo,,,49145,25,,
66533,1005351030.0,,,197.182.091.233,172.016.113.050,Email_Ehlo,,,20605,25,,
66539,1005351060.0,,,172.016.113.084,135.008.060.182,Email_Ehlo,,,49206,25,,
66540,1005351061.0,,,172.016.113.148,196.227.033.189,Email_Ehlo,,,49207,25,,
66541,1005351070.0,,,172.016.112.149,194.007.248.153,Email_Ehlo,,,49208,25,,
66536,1005351071.0,,,172.016.112.149,196.227.033.189,Email_Ehlo,,,49209,25,,
66537,1005351081.0,,,194.007.248.153,172.016.112.194,TelnetTerminaltype,,,20622,23,,
66534,1005351088.0,,,202.077.162.213,172.016.115.020,TelnetXdisplay,,,1566,23,,
66535,1005351088.0,,,202.077.162.213,172.016.115.020,TelnetEnvAll,,,1566,23,,
66538,1005351088.0,,,202.077.162.213,172.016.115.020,TelnetTerminaltype,,,1566,23,,
66542,1005351118.0,,,172.016.113.105,195.073.151.050,Email_Ehlo,,,49259,25,,
66544,1005351122.0,,,172.016.113.207,197.182.091.233,Email_Ehlo,,,49260,25,,
66545,1005351136.0,,,194.007.248.153,172.016.113.084,Email_Ehlo,,,20629,25,,
66546,1005351138.0,,,194.007.248.153,172.016.112.207,Email_Ehlo,,,20632,25,,
66543,1005351149.0,,,135.008.060.182,172.016.113.105,Email_Ehlo,,,20696,25,,
66547,1005351188.0,,,172.016.113.204,194.027.251.021,Email_Ehlo,,,49276,25,,
66548,1005351203.0,,,172.016.112.207,194.027.251.021,TelnetTerminaltype,,,49285,23,,
66551,1005351214.0,,,197.218.177.069,172.016.113.084,Email_Ehlo,,,21039,25,,
66552,1005351215.0,,,197.218.177.069,172.016.113.169,Email_Ehlo,,,21040,25,,
66553,1005351215.0,,,197.218.177.069,172.016.113.050,Email_Ehlo,,,21052,25,,
66549,1005351222.0,,,172.016.113.084,197.182.091.233,Email_Ehlo,,,49308,25,,
66550,1005351231.0,,,172.016.112.149,197.182.091.233,Email_Ehlo,,,49323,25,,
66556,1005351303.0,,,135.008.060.182,172.016.113.207,Email_Ehlo,,,21083,25,,
66557,1005351306.0,,,172.016.114.050,135.008.060.182,SSH_Detected,,,22,21087,,
66558,1005351306.0,,,135.008.060.182,172.016.114.050,SSH_Detected,,,21087,22,,
66554,1005351317.0,,,135.008.060.182,172.016.113.207,Email_Ehlo,,,21100,25,,
66555,1005351318.0,,,172.016.112.149,197.182.091.233,Email_Ehlo,,,49402,25,,
66559,1005351353.0,,,197.218.177.069,172.016.113.084,Email_Ehlo,,,21119,25,,
66560,1005351395.0,,,172.016.113.207,195.115.218.108,Email_Ehlo,,,49432,25,,
66561,1005351434.0,,,172.016.113.084,195.115.218.108,Email_Ehlo,,,49470,25,,
66563,1005351502.0,,,195.115.218.108,172.016.113.084,Email_Ehlo,,,21514,25,,
66564,1005351504.0,,,195.115.218.108,172.016.113.169,Email_Ehlo,,,21518,25,,
66565,1005351507.0,,,195.115.218.108,172.016.112.207,Email_Ehlo,,,21570,25,,
66562,1005351509.0,,,195.115.218.108,172.016.112.149,Email_Ehlo,,,21575,25,,
66566,1005351557.0,,,194.027.251.021,172.016.113.168,Email_Ehlo,,,21578,25,,
66567,1005351566.0,,,135.008.060.182,172.016.113.084,Email_Ehlo,,,21582,25,,
66568,1005351603.0,,,135.013.216.191,172.016.113.105,Email_Ehlo,,,21638,25,,
66569,1005351611.0,,,172.016.113.084,195.073.151.050,TelnetTerminaltype,,,49568,23,,
66570,1005351621.0,,,172.016.113.169,172.016.114.050,TelnetTerminaltype,,,49588,23,,
66571,1005351621.0,,,172.016.113.169,196.227.033.189,TelnetTerminaltype,,,49589,23,,
66572,1005351686.0,,,196.227.033.189,172.016.113.084,Email_Ehlo,,,21702,25,,
66575,1005351718.0,,,172.016.113.207,194.007.248.153,Email_Ehlo,,,49612,25,,
66576,1005351719.0,,,172.016.113.207,135.013.216.191,Email_Ehlo,,,49613,25,,
66577,1005351720.0,,,172.016.113.207,196.037.075.158,Email_Ehlo,,,49614,25,,
66573,1005351721.0,,,172.016.113.207,196.227.033.189,Email_Ehlo,,,49615,25,,
66574,1005351723.0,,,172.016.113.207,135.008.060.182,Email_Ehlo,,,49616,25,,
66578,1005351729.0,,,196.037.075.158,172.016.114.050,Email_Ehlo,,,21765,25,,
66579,1005351744.0,,,172.016.113.169,195.115.218.108,Email_Ehlo,,,49617,25,,
66580,1005351759.0,,,196.227.033.189,172.016.115.020,TelnetTerminaltype,,,21829,23,,
66582,1005351794.0,,,172.016.113.084,196.037.075.158,Email_Ehlo,,,49661,25,,
66583,1005351801.0,,,172.016.112.149,172.016.114.050,Email_Ehlo,,,49676,25,,
66584,1005351802.0,,,172.016.112.149,195.115.218.108,Email_Ehlo,,,49677,25,,
66581,1005351813.0,,,195.115.218.108,172.016.113.148,FTP_User,,,21849,21,,
66585,1005351825.0,,,195.115.218.108,172.016.113.148,FTP_Pass,,,21849,21,,
66586,1005351825.0,,,195.115.218.108,172.016.113.148,FTP_Syst,,,21849,21,,
66587,1005351830.0,,,172.016.112.149,135.013.216.191,TelnetTerminaltype,,,49694,23,,
66588,1005351854.0,,,196.037.075.158,172.016.113.207,Email_Ehlo,,,22104,25,,
66589,1005351859.0,,,172.016.113.207,135.013.216.191,Email_Ehlo,,,49702,25,,
66590,1005351910.0,,,172.016.112.149,172.016.114.050,TelnetTerminaltype,,,49720,23,,
66591,1005351953.0,,,172.016.114.050,172.016.112.149,Email_Ehlo,,,4437,25,,
66592,1005351968.0,,,196.227.033.189,172.016.113.148,FTP_User,,,22164,21,,
66595,1005351978.0,,,196.227.033.189,172.016.113.148,FTP_Pass,,,22164,21,,
66596,1005351978.0,,,196.227.033.189,172.016.113.148,FTP_Syst,,,22164,21,,
66597,1005351994.0,,,195.073.151.050,172.016.113.169,Email_Ehlo,,,22291,25,,
66593,1005351996.0,,,195.073.151.050,172.016.112.194,Email_Ehlo,,,22354,25,,
66594,1005351999.0,,,195.073.151.050,172.016.113.148,Email_Ehlo,,,22417,25,,
66598,1005352011.0,,,172.016.113.207,195.115.218.108,Email_Ehlo,,,49808,25,,
66599,1005352032.0,,,196.037.075.158,172.016.113.207,Email_Ehlo,,,22546,25,,
66600,1005352183.0,,,172.016.113.105,194.007.248.153,TelnetTerminaltype,,,49932,23,,
66601,1005352266.0,,,172.016.113.169,195.073.151.050,Email_Ehlo,,,49965,25,,
66602,1005352280.0,,,197.182.091.233,172.016.113.207,Email_Ehlo,,,22614,25,,
66603,1005352280.0,,,197.182.091.233,172.016.112.050,Email_Ehlo,,,22618,25,,
66604,1005352291.0,,,172.016.113.084,195.073.151.050,TelnetTerminaltype,,,49985,23,,
66605,1005352326.0,,,197.182.091.233,172.016.113.169,Email_Ehlo,,,22623,25,,
66606,1005352334.0,,,194.007.248.153,172.016.112.194,TelnetTerminaltype,,,22625,23,,
66607,1005352351.0,,,172.016.112.194,195.073.151.050,Email_Ehlo,,,50033,25,,
66608,1005352352.0,,,172.016.112.194,197.182.091.233,Email_Ehlo,,,50034,25,,
66609,1005352356.0,,,197.182.091.233,172.016.112.100,FTP_User,,,22628,21,,
66611,1005352383.0,,,197.182.091.233,172.016.112.100,FTP_Pass,,,22628,21,,
66612,1005352383.0,,,197.182.091.233,172.016.112.100,FTP_Syst,,,22628,21,,
66613,1005352389.0,,,194.007.248.153,172.016.112.194,TelnetTerminaltype,,,22634,23,,
66610,1005352394.0,,,195.073.151.050,172.016.112.050,Email_Ehlo,,,22635,25,,
66614,1005352403.0,,,172.016.113.204,197.218.177.069,FTP_User,,,50082,21,,
66615,1005352410.0,,,172.016.113.204,197.218.177.069,FTP_Pass,,,50082,21,,
66616,1005352410.0,,,172.016.113.204,197.218.177.069,FTP_Syst,,,50082,21,,
66617,1005352459.0,,,172.016.113.207,197.182.091.233,Email_Ehlo,,,50090,25,,
66618,1005352475.0,,,194.007.248.153,172.016.112.207,Email_Ehlo,,,22679,25,,
66624,1005352506.0,,,195.115.218.108,172.016.113.084,Email_Ehlo,,,22686,25,,
66625,1005352507.0,,,195.115.218.108,172.016.113.084,Email_Almail_Overflow,,,22686,25,,
66621,1005352508.0,,,195.115.218.108,172.016.113.168,Email_Almail_Overflow,,,22723,25,,
66626,1005352508.0,,,195.115.218.108,172.016.113.168,Email_Ehlo,,,22723,25,,
66622,1005352512.0,,,195.115.218.108,172.016.113.169,Email_Ehlo,,,22724,25,,
66623,1005352512.0,,,195.115.218.108,172.016.113.169,Email_Almail_Overflow,,,22724,25,,
66619,1005352516.0,,,195.115.218.108,172.016.113.207,Email_Ehlo,,,22725,25,,
66620,1005352516.0,,,195.115.218.108,172.016.113.207,Email_Almail_Overflow,,,22725,25,,
66630,1005352518.0,,,195.115.218.108,172.016.112.207,Email_Ehlo,,,22728,25,,
66631,1005352518.0,,,195.115.218.108,172.016.112.207,Email_Almail_Overflow,,,22728,25,,
66627,1005352521.0,,,195.115.218.108,172.016.113.148,Email_Almail_Overflow,,,22733,25,,
66632,1005352521.0,,,195.115.218.108,172.016.113.148,Email_Ehlo,,,22733,25,,
66628,1005352524.0,,,195.115.218.108,172.016.112.149,Email_Ehlo,,,22734,25,,
66629,1005352524.0,,,195.115.218.108,172.016.112.149,Email_Almail_Overflow,,,22734,25,,
66633,1005352551.0,,,172.016.112.207,197.218.177.069,Email_Ehlo,,,50147,25,,
66634,1005352552.0,,,172.016.112.207,195.115.218.108,Email_Ehlo,,,50158,25,,
66635,1005352575.0,,,172.016.112.207,195.115.218.108,Email_Ehlo,,,50188,25,,
66636,1005352594.0,,,172.016.113.207,196.037.075.158,TelnetTerminaltype,,,50191,23,,
66637,1005352639.0,,,195.115.218.108,172.016.112.050,TelnetTerminaltype,,,22735,23,,
66640,1005352648.0,,,172.016.112.050,197.218.177.069,FTP_User,,,50248,21,,
66641,1005352653.0,,,172.016.112.050,197.218.177.069,FTP_Pass,,,50248,21,,
66642,1005352661.0,,,196.037.075.158,172.016.112.100,FTP_User,,,22739,21,,
66638,1005352668.0,,,195.115.218.108,172.016.112.207,Email_Ehlo,,,22743,25,,
66639,1005352668.0,,,197.218.177.069,172.016.113.148,TelnetTerminaltype,,,22747,23,,
66643,1005352673.0,,,196.037.075.158,172.016.112.100,FTP_Pass,,,22739,21,,
66644,1005352673.0,,,196.037.075.158,172.016.112.100,FTP_Syst,,,22739,21,,
66646,1005352831.0,,,197.218.177.069,172.016.113.084,Email_Ehlo,,,24008,25,,
66647,1005352833.0,,,197.218.177.069,172.016.112.207,Email_Ehlo,,,24015,25,,
66648,1005352838.0,,,172.016.112.207,195.115.218.108,Email_Ehlo,,,50425,25,,
66645,1005352845.0,,,172.016.113.084,197.218.177.069,Email_Ehlo,,,50426,25,,
66649,1005352886.0,,,194.007.248.153,172.016.113.204,Email_Ehlo,,,24083,25,,
66650,1005352900.0,,,172.016.112.207,197.218.177.069,Email_Ehlo,,,50495,25,,
66651,1005352942.0,,,195.073.151.050,172.016.113.084,TCP_Urgent_Data,,,23,49985,,
66652,1005352999.0,,,194.007.248.153,172.016.112.194,TelnetTerminaltype,,,24274,23,,
66653,1005353001.0,,,172.016.113.105,194.007.248.153,TelnetTerminaltype,,,50534,23,,
66654,1005353004.0,,,172.016.112.207,196.227.033.189,Email_Ehlo,,,50535,25,,
66655,1005353025.0,,,196.227.033.189,172.016.113.207,Email_Ehlo,,,24333,25,,
66656,1005353064.0,,,196.037.075.158,172.016.113.084,Email_Ehlo,,,24397,25,,
66657,1005353088.0,,,197.218.177.069,172.016.113.204,Email_Ehlo,,,24524,25,,
66658,1005353096.0,,,197.218.177.069,172.016.113.204,Email_Ehlo,,,24627,25,,
66659,1005353131.0,,,172.016.113.084,196.037.075.158,Email_Ehlo,,,50655,25,,
66665,1005353191.0,,,195.073.151.050,172.016.113.084,Email_Ehlo,,,24633,25,,
66666,1005353194.0,,,195.073.151.050,172.016.113.105,Email_Ehlo,,,24636,25,,
66662,1005353196.0,,,195.073.151.050,172.016.112.050,Email_Ehlo,,,24639,25,,
66667,1005353196.0,,,195.073.151.050,172.016.112.207,Email_Ehlo,,,24637,25,,
66663,1005353198.0,,,195.073.151.050,172.016.113.204,Email_Ehlo,,,24641,25,,
66664,1005353199.0,,,195.115.218.108,172.016.113.050,TelnetTerminaltype,,,24642,23,,
66660,1005353205.0,,,196.037.075.158,172.016.112.207,Email_Ehlo,,,24643,25,,
66661,1005353218.0,,,172.016.112.050,172.016.114.050,TelnetTerminaltype,,,50680,23,,
66668,1005353235.0,,,172.016.112.194,195.073.151.050,Email_Ehlo,,,50731,25,,
66669,1005353256.0,,,194.027.251.021,172.016.112.194,TelnetTerminaltype,,,24648,23,,
66671,1005353298.0,,,172.016.114.050,172.016.112.050,FTP_User,,,4531,21,,
66672,1005353299.0,,,172.016.112.207,195.073.151.050,Email_Ehlo,,,50776,25,,
66670,1005353300.0,,,172.016.114.050,172.016.112.050,FTP_Syst,,,4531,21,,
66673,1005353300.0,,,172.016.114.050,172.016.112.050,FTP_Pass,,,4531,21,,
66674,1005353374.0,,,135.008.060.182,172.016.113.148,Email_Ehlo,,,24652,25,,
66675,1005353381.0,,,197.218.177.069,172.016.113.148,Email_Ehlo,,,24657,25,,
66676,1005353454.0,,,197.218.177.069,172.016.113.168,Email_Ehlo,,,24678,25,,
66677,1005353455.0,,,197.218.177.069,172.016.112.207,Email_Ehlo,,,24687,25,,
66678,1005353475.0,,,194.007.248.153,172.016.112.207,Email_Ehlo,,,24690,25,,
66679,1005353493.0,,,196.227.033.189,172.016.112.207,Email_Ehlo,,,24702,25,,
66680,1005353494.0,,,196.227.033.189,172.016.113.148,Email_Ehlo,,,24703,25,,
66681,1005353557.0,,,135.013.216.191,172.016.112.207,Email_Ehlo,,,24969,25,,
66682,1005353592.0,,,194.007.248.153,172.016.115.020,TelnetTerminaltype,,,25033,23,,
66683,1005353634.0,,,172.016.113.105,197.218.177.069,FTP_User,,,51149,21,,
66684,1005353641.0,,,172.016.113.105,197.218.177.069,FTP_Pass,,,51149,21,,
66685,1005353641.0,,,172.016.113.105,197.218.177.069,FTP_Syst,,,51149,21,,
66686,1005353691.0,,,172.016.113.207,196.037.075.158,TelnetTerminaltype,,,51214,23,,
66687,1005353704.0,,,197.182.091.233,172.016.115.020,TelnetTerminaltype,,,25122,23,,
66688,1005353705.0,,,197.218.177.069,172.016.112.050,TelnetTerminaltype,,,25131,23,,
66689,1005353750.0,,,197.182.091.233,172.016.113.204,Email_Ehlo,,,25142,25,,
66690,1005353783.0,,,135.013.216.191,172.016.112.050,Email_Ehlo,,,25145,25,,
66694,1005353806.0,,,172.016.113.204,194.027.251.021,Email_Ehlo,,,51338,25,,
66695,1005353807.0,,,172.016.113.204,197.182.091.233,Email_Ehlo,,,51339,25,,
66696,1005353816.0,,,172.016.113.168,195.073.151.050,Email_Ehlo,,,51359,25,,
66691,1005353818.0,,,172.016.113.168,194.027.251.021,Email_Ehlo,,,51360,25,,
66692,1005353819.0,,,172.016.113.168,194.007.248.153,Email_Ehlo,,,51364,25,,
66693,1005353820.0,,,172.016.113.168,196.227.033.189,Email_Ehlo,,,51365,25,,
66697,1005353832.0,,,197.182.091.233,172.016.113.207,Email_Ehlo,,,25147,25,,
66698,1005353834.0,,,194.007.248.153,172.016.113.168,Email_Ehlo,,,25149,25,,
66699,1005353849.0,,,196.037.075.158,172.016.113.207,TCP_Urgent_Data,,,23,48132,,
66701,1005353863.0,,,195.073.151.050,172.016.113.084,TCP_Urgent_Data,,,23,49985,,
66702,1005353864.0,,,172.016.113.168,194.007.248.153,Email_Ehlo,,,51385,25,,
66700,1005353877.0,,,194.027.251.021,172.016.112.050,Email_Ehlo,,,25210,25,,
66703,1005353877.0,,,194.027.251.021,172.016.114.050,Email_Ehlo,,,25209,25,,
66704,1005353903.0,,,135.008.060.182,172.016.112.194,Email_Ehlo,,,25211,25,,
66705,1005353904.0,,,172.016.112.207,195.073.151.050,Email_Ehlo,,,51424,25,,
66706,1005353932.0,,,172.016.113.148,196.037.075.158,Email_Ehlo,,,51457,25,,
66707,1005353934.0,,,172.016.113.148,135.008.060.182,Email_Ehlo,,,51458,25,,
66708,1005353956.0,,,172.016.113.207,172.016.114.050,TelnetTerminaltype,,,51459,23,,
66709,1005353960.0,,,197.182.091.233,172.016.113.050,Email_Ehlo,,,25230,25,,
66710,1005353974.0,,,196.227.033.189,172.016.113.084,Email_Ehlo,,,25289,25,,
66711,1005353991.0,,,172.016.114.050,194.007.248.153,Email_Ehlo,,,4743,25,,
66712,1005353993.0,,,172.016.113.148,172.016.114.050,TelnetTerminaltype,,,51483,23,,
66713,1005354022.0,,,195.073.151.050,172.016.112.207,Email_Ehlo,,,25300,25,,
66714,1005354033.0,,,196.037.075.158,172.016.113.148,Email_Ehlo,,,25367,25,,
66715,1005354041.0,,,172.016.114.050,172.016.113.148,Email_Ehlo,,,4791,25,,
66716,1005354049.0,,,172.016.113.168,135.008.060.182,Email_Ehlo,,,51515,25,,
66718,1005354081.0,,,194.027.251.021,172.016.112.100,FTP_User,,,25380,21,,
66719,1005354083.0,,,196.037.075.158,172.016.112.050,Email_Ehlo,,,25396,25,,
66717,1005354091.0,,,194.027.251.021,172.016.112.100,FTP_Syst,,,25380,21,,
66720,1005354091.0,,,194.027.251.021,172.016.112.100,FTP_Pass,,,25380,21,,
66721,1005354132.0,,,172.016.113.168,196.227.033.189,Email_Ehlo,,,51591,25,,
66722,1005354174.0,,,197.218.177.069,172.016.113.169,Email_Ehlo,,,25659,25,,
66723,1005354195.0,,,172.016.113.105,194.007.248.153,Email_Ehlo,,,51647,25,,
66724,1005354196.0,,,172.016.113.105,196.227.033.189,Email_Ehlo,,,51648,25,,
66725,1005354254.0,,,196.227.033.189,172.016.113.168,Email_Ehlo,,,25713,25,,
66726,1005354269.0,,,197.182.091.233,172.016.112.207,Email_Ehlo,,,25715,25,,
66727,1005354282.0,,,172.016.113.204,195.115.218.108,TelnetTerminaltype,,,51749,23,,
66729,1005354321.0,,,172.016.113.148,135.013.216.191,Email_Ehlo,,,51779,25,,
66730,1005354322.0,,,172.016.113.148,197.182.091.233,Email_Ehlo,,,51780,25,,
66728,1005354324.0,,,172.016.113.148,197.182.091.233,Email_Ehlo,,,51782,25,,
66731,1005354324.0,,,172.016.113.148,197.218.177.069,Email_Ehlo,,,51781,25,,
66732,1005354364.0,,,195.115.218.108,172.016.113.169,Email_Ehlo,,,25977,25,,
66733,1005354389.0,,,195.073.151.050,172.016.113.105,Email_Ehlo,,,26041,25,,
66734,1005354395.0,,,172.016.112.194,195.115.218.108,Email_Ehlo,,,51915,25,,
66735,1005354397.0,,,172.016.113.168,196.227.033.189,Email_Ehlo,,,51916,25,,
66736,1005354410.0,,,196.037.075.158,172.016.115.020,TelnetTerminaltype,,,26105,23,,
66737,1005354422.0,,,197.218.177.069,172.016.113.148,Email_Ehlo,,,26175,25,,
66738,1005354441.0,,,194.007.248.153,172.016.112.194,TelnetTerminaltype,,,26205,23,,
66739,1005354567.0,,,172.016.113.148,172.016.114.050,Email_Ehlo,,,52219,25,,
66740,1005354567.0,,,172.016.113.148,197.182.091.233,Email_Ehlo,,,52220,25,,
66742,1005354633.0,,,172.016.112.149,194.007.248.153,Email_Ehlo,,,52326,25,,
66743,1005354634.0,,,172.016.112.149,197.182.091.233,Email_Ehlo,,,52327,25,,
66744,1005354636.0,,,172.016.112.149,196.227.033.189,Email_Ehlo,,,52328,25,,
66741,1005354637.0,,,172.016.112.149,195.115.218.108,Email_Ehlo,,,52329,25,,
66745,1005354685.0,,,197.182.091.233,172.016.113.148,Email_Ehlo,,,26636,25,,
66746,1005354835.0,,,172.016.112.050,196.037.075.158,SSH_Detected,,,22,26732,,
66747,1005354835.0,,,196.037.075.158,172.016.112.050,SSH_Detected,,,26732,22,,
66748,1005354968.0,,,172.016.112.149,135.013.216.191,TelnetTerminaltype,,,52492,23,,
66749,1005355014.0,,,197.218.177.069,172.016.112.100,TelnetTerminaltype,,,27177,23,,
66750,1005355040.0,,,196.227.033.189,172.016.113.148,FTP_User,,,27178,21,,
66751,1005355046.0,,,196.227.033.189,172.016.113.148,FTP_Pass,,,27178,21,,
66752,1005355046.0,,,196.227.033.189,172.016.113.148,FTP_Syst,,,27178,21,,
66753,1005355079.0,,,135.013.216.191,172.016.112.149,TelnetTerminaltype,,,27239,23,,
66754,1005355092.0,,,195.115.218.108,172.016.113.148,FTP_User,,,27243,21,,
66755,1005355105.0,,,195.115.218.108,172.016.113.148,FTP_Pass,,,27243,21,,
66756,1005355105.0,,,195.115.218.108,172.016.113.148,FTP_Syst,,,27243,21,,
66757,1005355123.0,,,172.016.113.169,196.227.033.189,TelnetTerminaltype,,,52629,23,,
66758,1005355169.0,,,172.016.113.105,197.218.177.069,Email_Ehlo,,,52635,25,,
66759,1005355171.0,,,172.016.113.105,196.227.033.189,Email_Ehlo,,,52636,25,,
66760,1005355185.0,,,194.007.248.153,172.016.112.194,TelnetTerminaltype,,,27491,23,,
66761,1005355231.0,,,172.016.112.194,197.218.177.069,FTP_User,,,52640,21,,
66762,1005355245.0,,,172.016.112.194,197.218.177.069,FTP_Pass,,,52640,21,,
66763,1005355245.0,,,172.016.112.194,197.218.177.069,FTP_Syst,,,52640,21,,
66764,1005355283.0,,,135.008.060.182,172.016.113.148,FTP_User,,,28112,21,,
66765,1005355284.0,,,172.016.115.020,172.016.114.050,Email_Ehlo,,,52721,25,,
66767,1005355289.0,,,172.016.114.050,195.115.218.108,SSH_Detected,,,22,28190,,
66768,1005355290.0,,,195.115.218.108,172.016.114.050,SSH_Detected,,,28190,22,,
66766,1005355294.0,,,135.008.060.182,172.016.113.148,FTP_Syst,,,28112,21,,
66769,1005355294.0,,,135.008.060.182,172.016.113.148,FTP_Pass,,,28112,21,,
66770,1005355384.0,,,,,EventCollector_Info,,,,,,
66771,1005355384.0,,,,,EventCollector_Info,,,,,,
66772,1005355384.0,,,,,EventCollector_Info,,,,,,
66773,1005355384.0,,,,,EventCollector_Info,,,,,,
66774,1005355384.0,,,,,EventCollector_Info,,,,,,
