0,1547835245,FW,ftp,216.39.36.183,74.125.103.25,ACCEPT,6,,,,,0
1,1547835248,FW,http,209.131.254.72,74.125.103.23,DROP,7,,,,,0
2,1547835249,FW,ftp,87.147.20.73,74.125.103.21,DROP,2,,,,,0
3,1547835251,WS,http,87.180.187.123,74.125.105.30,GET,5,,,,,0
4,1547835253,WS,http,209.147.11.202,74.125.103.20,GET,5,,,,,1
5,1547835254,WS,http,216.248.199.56,74.125.103.20,TRACE,7,,,,,0
6,1547835255,WS,http,209.147.11.202,74.125.105.31,CONNECT,8,,,,,1
7,1547835257,FW,http,87.180.187.123,74.125.103.23,ACCEPT,8,,,,,0
8,1547835258,FW,ftp,209.248.144.52,74.125.103.22,DROP,6,,,,,0
9,1547835259,WS,http,209.147.11.202,74.125.103.20,TRACE,6,,,,,1
10,1547835259,MS,smtp,68.147.22.81,74.125.103.25,DATA,4,,,,,0
11,1547835260,WS,http,87.180.187.123,74.125.103.20,POST,6,,,,,0
12,1547835261,WS,http,69.147.210.7,74.125.103.20,GET,5,,,,,2
13,1547835262,WS,http,209.180.46.58,74.125.103.20,GET,5,,,,,3
14,1547835263,WS,http,69.147.210.7,74.125.105.31,CONNECT,8,,,,,2
15,1547835263,WS,http,216.131.91.147,74.125.103.23,GET,5,,,,,0
16,1547835266,WS,http,209.180.46.58,74.125.105.31,CONNECT,8,,,,,3
17,1547835267,FW,ftp,87.39.179.212,74.125.105.31,DROP,5,,,,,0
18,1547835267,WS,http,69.147.210.7,74.125.103.20,TRACE,6,,,,,2
19,1547835268,FW,http,68.180.100.181,74.125.105.30,ACCEPT,3,,,,,0
20,1547835268,WS,http,209.180.46.58,74.125.103.20,TRACE,6,,,,,3
21,1547835271,WS,http,69.147.119.46,74.125.103.20,GET,5,,,,,4
22,1547835272,WS,http,216.147.159.138,74.125.105.31,OPTIONS,4,,,,,0
23,1547835274,WS,http,69.147.119.46,74.125.105.31,CONNECT,8,,,,,4
24,1547835275,MS,smtp,69.39.55.52,74.125.103.24,QUIT,6,,,,,0
25,1547835277,WS,http,69.147.119.46,74.125.103.20,TRACE,6,,,,,4
26,1547835277,MS,smtp,69.180.116.54,74.125.103.24,AUTH,2,,,,,0
27,1547835278,WS,http,68.131.113.209,74.125.103.22,PUT,3,,,,,0
28,1547835280,FW,http,69.39.214.203,74.125.103.21,DROP,9,,,,,0
29,1547835282,WS,http,87.39.192.123,74.125.105.31,GET,5,,,,,0
30,1547835284,WS,http,68.248.98.78,74.125.105.31,TRACE,4,,,,,0
31,1547835285,WS,http,216.147.159.138,74.125.103.20,GET,4,,,,,0
32,1547835287,WS,http,69.39.214.203,74.125.103.20,OPTIONS,7,,,,,0
33,1547835288,WS,http,216.131.5.109,74.125.105.31,GET,1,,,,,0
34,1547835288,FW,smtp,69.39.214.203,74.125.103.25,ACCEPT,9,,,,,0
35,1547835289,FW,ssh,68.147.194.204,74.125.103.23,ACCEPT,2,,,,,0
36,1547835291,WS,http,69.180.39.115,74.125.103.20,HEAD,5,,,,,0
37,1547835294,FW,ftp,209.248.208.126,74.125.103.23,DROP,7,,,,,0
38,1547835297,FW,http,69.248.195.11,74.125.103.20,ACCEPT,4,,,,,0
39,1547835298,MS,smtp,87.147.219.149,74.125.103.24,EHLO,7,,,,,0
40,1547835299,MS,smtp,209.248.18.238,74.125.103.25,AUTH,2,,,,,0
41,1547835301,FW,http,69.147.79.252,74.125.105.30,ACCEPT,9,,,,,0
42,1547835301,MS,smtp,69.39.26.119,74.125.103.24,DATA,9,,,,,0
43,1547835304,WS,http,68.180.52.141,74.125.103.20,GET,5,,,,,5
44,1547835306,FW,http,216.39.187.164,74.125.103.23,ACCEPT,8,,,,,0
45,1547835307,WS,http,69.180.22.77,74.125.103.20,CONNECT,7,,,,,0
46,1547835308,FW,http,69.39.26.119,74.125.105.30,DROP,3,,,,,0
47,1547835308,WS,http,68.180.52.141,74.125.105.31,CONNECT,8,,,,,5
48,1547835311,FW,ftp,87.180.5.85,74.125.105.30,ACCEPT,5,,,,,0
49,1547835311,WS,http,68.180.52.141,74.125.103.20,TRACE,6,,,,,5
50,1547835314,WS,http,209.39.121.28,74.125.105.30,GET,5,,,,,0
51,1547835315,FW,smtp,69.131.210.148,74.125.103.25,ACCEPT,10,,,,,0
52,1547835317,FW,http,216.180.152.14,74.125.105.30,DROP,1,,,,,0
53,1547835317,FW,http,209.39.121.28,74.125.103.23,ACCEPT,8,,,,,0
54,1547835319,FW,http,209.39.121.28,74.125.105.31,DROP,8,,,,,0
55,1547835320,FW,http,68.131.232.170,74.125.103.23,ACCEPT,6,,,,,0
56,1547835323,WS,http,209.39.121.28,74.125.103.20,POST,6,,,,,0
57,1547835323,FW,http,209.131.163.239,74.125.105.30,ACCEPT,9,,,,,0
58,1547835326,WS,http,69.147.53.58,74.125.103.23,POST,5,,,,,0
59,1547835329,WS,http,216.248.138.151,74.125.103.23,HEAD,2,,,,,0
60,1547835331,MS,smtp,216.147.124.196,74.125.103.25,HELO,4,,,,,0
61,1547835332,FW,http,216.180.251.88,74.125.103.21,ACCEPT,6,,,,,0
62,1547835333,WS,http,216.248.138.151,74.125.105.30,GET,6,,,,,0
63,1547835334,WS,http,216.180.152.14,74.125.103.21,OPTIONS,5,,,,,0
64,1547835334,WS,http,87.147.38.166,74.125.103.23,HEAD,2,,,,,0
65,1547835335,FW,http,216.248.138.151,74.125.105.30,ACCEPT,4,,,,,0
66,1547835336,WS,http,87.147.38.166,74.125.105.30,GET,6,,,,,0
67,1547835337,WS,http,209.131.254.72,74.125.103.20,POST,3,,,,,0
68,1547835337,FW,http,87.147.38.166,74.125.105.30,ACCEPT,4,,,,,0
69,1547835338,FW,smtp,209.39.243.107,74.125.103.25,DROP,5,,,,,0
70,1547835338,WS,http,216.131.5.109,74.125.103.20,GET,5,,,,,6
71,1547835338,FW,smtp,69.39.250.169,74.125.103.25,ACCEPT,5,,,,,0
72,1547835341,MS,smtp,209.180.164.81,74.125.103.24,RCPT_TO,4,,,,,0
73,1547835343,WS,http,216.131.5.109,74.125.105.31,CONNECT,8,,,,,6
74,1547835344,FW,smtp,216.39.229.164,74.125.103.24,DROP,8,,,,,0
75,1547835347,WS,http,216.131.5.109,74.125.103.20,TRACE,6,,,,,6
76,1547835348,FW,smtp,87.39.163.220,74.125.103.24,ACCEPT,9,,,,,0
77,1547835350,MS,smtp,69.147.193.25,74.125.103.24,HELO,5,,,,,0
78,1547835351,WS,http,216.39.77.64,74.125.105.31,GET,5,,,,,0
79,1547835351,FW,ftp,87.180.187.212,74.125.105.31,ACCEPT,5,,,,,0
80,1547835354,WS,http,209.131.254.72,74.125.103.20,GET,5,,,,,7
81,1547835354,FW,http,87.248.57.246,74.125.103.20,ACCEPT,7,,,,,0
82,1547835355,WS,http,209.131.254.72,74.125.105.31,CONNECT,8,,,,,7
83,1547835355,MS,smtp,216.147.26.144,74.125.103.25,DATA,4,,,,,0
84,1547835356,WS,http,209.39.37.215,74.125.105.30,TRACE,7,,,,,0
85,1547835356,FW,http,68.147.22.81,74.125.105.30,ACCEPT,3,,,,,0
86,1547835357,WS,http,209.131.254.72,74.125.103.20,TRACE,6,,,,,7
87,1547835357,FW,ftp,87.39.140.40,74.125.105.30,ACCEPT,4,,,,,0
88,1547835358,WS,http,209.180.40.244,74.125.103.23,HEAD,2,,,,,0
89,1547835361,WS,http,87.147.28.247,74.125.103.20,GET,5,,,,,8
90,1547835361,WS,http,87.147.28.247,74.125.105.31,CONNECT,8,,,,,8
91,1547835362,WS,http,87.147.28.247,74.125.103.20,TRACE,6,,,,,8
92,1547835365,WS,http,209.180.40.244,74.125.105.30,GET,6,,,,,0
93,1547835367,WS,http,209.147.23.207,74.125.105.31,POST,4,,,,,0
94,1547835367,FW,http,209.180.40.244,74.125.105.30,ACCEPT,4,,,,,0
95,1547835370,FW,ftp,87.180.5.85,74.125.103.20,ACCEPT,3,,,,,0
96,1547835371,FW,http,216.248.37.11,74.125.103.20,ACCEPT,1,,,,,0
97,1547835372,WS,http,87.180.144.228,74.125.103.20,GET,5,,,,,9
98,1547835372,FW,ssh,69.147.151.42,74.125.103.23,ACCEPT,2,,,,,0
99,1547835372,WS,http,87.180.144.228,74.125.105.31,CONNECT,8,,,,,9
100,1547835372,WS,http,87.180.144.228,74.125.103.20,TRACE,6,,,,,9
101,1547835375,FW,http,68.180.100.181,74.125.103.21,DROP,9,,,,,0
102,1547835375,WS,http,69.39.223.174,74.125.103.23,GET,6,,,,,0
103,1547835377,WS,http,68.180.100.181,74.125.103.20,OPTIONS,7,,,,,0
104,1547835377,FW,ftp,87.248.148.166,74.125.103.25,ACCEPT,3,,,,,0
105,1547835378,WS,http,87.147.28.247,74.125.105.31,GET,8,,,,,0
106,1547835381,FW,smtp,68.180.100.181,74.125.103.25,ACCEPT,9,,,,,0
107,1547835381,WS,http,209.180.104.159,74.125.103.20,GET,5,,,,,10
108,1547835381,FW,smtp,69.248.31.123,74.125.103.25,ACCEPT,7,,,,,0
109,1547835382,FW,http,68.248.247.91,74.125.103.21,DROP,1,,,,,0
110,1547835382,WS,http,68.180.87.11,74.125.103.20,HEAD,3,,,,,0
111,1547835383,WS,http,209.180.104.159,74.125.105.31,CONNECT,8,,,,,10
112,1547835383,WS,http,209.180.104.159,74.125.103.20,TRACE,6,,,,,10
113,1547835384,FW,http,69.131.22.254,74.125.103.23,DROP,4,,,,,0
114,1547835384,WS,http,68.147.22.81,74.125.103.20,GET,1,,,,,0
115,1547835384,MS,smtp,69.147.190.157,74.125.103.25,MAIL_FROM,2,,,,,0
116,1547835385,WS,http,68.180.100.181,74.125.105.31,CONNECT,5,,,,,0
117,1547835386,WS,http,68.131.243.52,74.125.103.20,GET,7,,,,,0
118,1547835388,FW,http,68.39.198.244,74.125.103.20,DROP,4,,,,,0
119,1547835388,WS,http,69.147.190.157,74.125.103.20,CONNECT,1,,,,,0
120,1547835388,MS,smtp,69.147.190.157,74.125.103.25,QUIT,2,,,,,0
121,1547835389,FW,http,69.147.210.7,74.125.103.22,DROP,3,,,,,0
122,1547835390,WS,http,68.180.220.180,74.125.103.20,GET,5,,,,,11
123,1547835392,FW,ftp,216.147.159.138,74.125.105.30,ACCEPT,8,,,,,0
124,1547835395,WS,http,209.180.180.179,74.125.103.22,GET,5,,,,,0
125,1547835396,WS,http,216.147.254.240,74.125.103.23,POST,4,,,,,0
126,1547835397,WS,http,68.180.220.180,74.125.105.31,CONNECT,8,,,,,11
127,1547835400,MS,smtp,87.180.205.250,74.125.103.25,RCPT_TO,4,,,,,0
128,1547835401,FW,http,87.39.163.220,74.125.103.22,DROP,6,,,,,0
129,1547835401,WS,http,68.180.220.180,74.125.103.20,TRACE,6,,,,,11
130,1547835401,FW,http,69.147.84.7,74.125.103.23,DROP,3,,,,,0
131,1547835401,WS,http,68.39.198.244,74.125.105.30,POST,9,,,,,0
132,1547835402,FW,http,87.180.187.123,74.125.103.20,DROP,7,,,,,0
133,1547835403,WS,http,209.131.30.197,74.125.103.23,GET,5,,,,,0
134,1547835404,WS,http,68.131.2.202,74.125.105.30,OPTIONS,6,,,,,0
135,1547835405,WS,http,69.39.250.169,74.125.103.23,HEAD,2,,,,,0
136,1547835406,WS,http,216.39.77.64,74.125.105.30,OPTIONS,7,,,,,0
137,1547835408,FW,ssh,87.147.127.81,74.125.103.23,DROP,6,,,,,0
138,1547835411,WS,http,69.39.250.169,74.125.105.30,GET,6,,,,,0
139,1547835412,FW,http,87.248.148.166,74.125.103.22,DROP,8,,,,,0
140,1547835413,WS,http,68.147.252.210,74.125.103.21,HEAD,6,,,,,0
141,1547835414,FW,http,69.39.250.169,74.125.105.30,ACCEPT,4,,,,,0
142,1547835414,FW,ftp,87.180.197.75,74.125.103.23,DROP,1,,,,,0
143,1547835416,MS,smtp,209.180.164.81,74.125.103.25,AUTH,4,,,,,0
144,1547835417,WS,http,68.180.240.139,74.125.103.20,GET,3,,,,,0
145,1547835418,MS,smtp,68.248.98.78,74.125.103.25,QUIT,6,,,,,0
146,1547835419,FW,http,87.147.227.168,74.125.105.31,DROP,1,,,,,0
147,1547835421,MS,smtp,68.180.3.220,74.125.103.24,MAIL_FROM,6,,,,,0
148,1547835423,MS,smtp,68.180.100.181,74.125.103.25,RSET,4,,,,,0
149,1547835424,WS,http,216.131.91.147,74.125.103.20,GET,5,,,,,12
150,1547835424,WS,http,216.131.91.147,74.125.105.31,CONNECT,8,,,,,12
151,1547835425,WS,http,69.180.251.177,74.125.105.30,POST,1,,,,,0
152,1547835426,WS,http,69.39.223.174,74.125.105.30,GET,5,,,,,0
153,1547835426,WS,http,216.131.91.147,74.125.103.20,TRACE,6,,,,,12
154,1547835426,WS,http,209.131.21.32,74.125.105.31,GET,8,,,,,0
155,1547835427,FW,http,69.39.223.174,74.125.103.23,ACCEPT,8,,,,,0
156,1547835428,WS,http,69.39.223.174,74.125.103.20,POST,6,,,,,0
157,1547835431,FW,http,87.131.210.65,74.125.103.20,ACCEPT,2,,,,,0
158,1547835432,WS,http,68.248.223.190,74.125.105.31,POST,6,,,,,0
159,1547835434,WS,http,209.131.163.239,74.125.103.22,GET,9,,,,,0
160,1547835437,WS,http,69.39.76.165,74.125.103.23,GET,2,,,,,0
161,1547835440,FW,http,209.248.106.243,74.125.103.20,DROP,4,,,,,0
162,1547835442,FW,ssh,68.147.153.151,74.125.103.22,ACCEPT,9,,,,,0
163,1547835444,WS,http,209.131.254.72,74.125.103.21,GET,4,,,,,0
164,1547835444,FW,ftp,68.248.53.89,74.125.103.22,DROP,6,,,,,0
165,1547835445,WS,http,68.131.249.232,74.125.105.30,GET,6,,,,,0
166,1547835445,FW,ftp,87.180.205.250,74.125.105.31,ACCEPT,8,,,,,0
167,1547835446,WS,http,69.39.141.60,74.125.103.22,HEAD,1,,,,,0
168,1547835446,MS,smtp,216.131.91.147,74.125.103.25,MAIL_FROM,3,,,,,0
169,1547835449,WS,http,209.147.228.55,74.125.103.23,GET,3,,,,,0
170,1547835449,FW,http,69.39.141.60,74.125.103.23,ACCEPT,8,,,,,0
171,1547835450,WS,http,209.131.42.163,74.125.103.22,HEAD,8,,,,,0
172,1547835450,FW,ftp,69.39.141.60,74.125.103.23,ACCEPT,3,,,,,0
173,1547835451,MS,smtp,69.39.124.52,74.125.103.25,NOOP,9,,,,,0
174,1547835451,WS,http,68.131.2.202,74.125.103.23,HEAD,6,,,,,0
175,1547835452,WS,http,68.131.199.71,74.125.103.20,GET,5,,,,,13
176,1547835453,WS,http,68.131.199.71,74.125.105.31,CONNECT,8,,,,,13
177,1547835455,WS,http,68.180.229.24,74.125.103.20,GET,5,,,,,14
178,1547835456,WS,http,68.180.229.24,74.125.105.31,CONNECT,8,,,,,14
179,1547835456,WS,http,68.131.199.71,74.125.103.20,TRACE,6,,,,,13
180,1547835456,WS,http,87.131.243.123,74.125.103.20,GET,5,,,,,15
181,1547835457,WS,http,68.180.229.24,74.125.103.20,TRACE,6,,,,,14
182,1547835460,WS,http,87.131.243.123,74.125.105.31,CONNECT,8,,,,,15
183,1547835462,WS,http,68.248.166.127,74.125.103.23,CONNECT,4,,,,,0
184,1547835463,WS,http,87.131.243.123,74.125.103.20,TRACE,6,,,,,15
185,1547835464,WS,http,87.180.5.85,74.125.103.20,OPTIONS,7,,,,,0
186,1547835465,WS,http,87.180.137.102,74.125.105.31,GET,1,,,,,0
187,1547835465,WS,http,209.248.34.236,74.125.105.30,HEAD,3,,,,,0
188,1547835466,MS,smtp,68.147.252.210,74.125.103.25,AUTH,3,,,,,0
189,1547835466,FW,ftp,87.147.119.99,74.125.103.25,ACCEPT,7,,,,,0
190,1547835466,FW,ftp,68.147.22.81,74.125.103.22,ACCEPT,4,,,,,0
191,1547835467,WS,http,87.147.56.210,74.125.103.23,GET,1,,,,,0
192,1547835470,WS,http,69.131.86.172,74.125.105.30,GET,5,,,,,0
193,1547835472,MS,smtp,216.180.152.14,74.125.103.25,AUTH,1,,,,,0
194,1547835473,FW,http,209.180.134.167,74.125.103.21,DROP,6,,,,,0
195,1547835475,WS,http,68.131.249.232,74.125.103.22,GET,4,,,,,0
196,1547835475,FW,http,69.131.86.172,74.125.103.23,ACCEPT,8,,,,,0
197,1547835477,MS,smtp,87.39.133.64,74.125.103.25,AUTH,4,,,,,0
198,1547835478,WS,http,87.147.127.81,74.125.103.20,GET,5,,,,,16
199,1547835479,WS,http,87.147.127.81,74.125.105.31,CONNECT,8,,,,,16
200,1547835480,WS,http,69.131.86.172,74.125.103.20,POST,6,,,,,0
201,1547835481,WS,http,87.147.127.81,74.125.103.20,TRACE,6,,,,,16
202,1547835483,FW,http,209.248.150.186,74.125.103.23,ACCEPT,2,,,,,0
203,1547835485,WS,http,209.180.164.81,74.125.103.20,GET,5,,,,,17
204,1547835485,WS,http,69.131.48.55,74.125.103.23,CONNECT,5,,,,,0
205,1547835486,WS,http,209.180.164.81,74.125.105.31,CONNECT,8,,,,,17
206,1547835488,WS,http,209.180.164.81,74.125.103.20,TRACE,6,,,,,17
207,1547835491,WS,http,216.147.159.138,74.125.105.31,GET,4,,,,,0
208,1547835493,WS,http,216.39.2.52,74.125.105.31,PUT,7,,,,,0
209,1547835494,WS,http,209.248.14.210,74.125.103.22,HEAD,4,,,,,0
210,1547835494,FW,http,87.248.107.50,74.125.105.30,ACCEPT,8,,,,,0
211,1547835495,WS,http,68.180.100.181,74.125.103.22,OPTIONS,4,,,,,0
212,1547835496,FW,smtp,209.248.229.149,74.125.103.25,DROP,9,,,,,0
213,1547835497,FW,ftp,87.147.52.86,74.125.103.25,ACCEPT,7,,,,,0
214,1547835497,WS,http,69.147.143.20,74.125.105.30,HEAD,8,,,,,0
215,1547835497,FW,http,216.147.192.209,74.125.103.22,ACCEPT,4,,,,,0
216,1547835498,FW,http,209.147.136.76,74.125.105.30,ACCEPT,7,,,,,0
217,1547835498,WS,http,216.180.243.184,74.125.103.21,TRACE,5,,,,,0
218,1547835500,WS,http,87.248.148.166,74.125.105.31,PUT,7,,,,,0
219,1547835503,FW,http,216.248.232.194,74.125.103.20,DROP,3,,,,,0
220,1547835503,FW,smtp,69.131.210.148,74.125.103.25,ACCEPT,1,,,,,0
221,1547835504,WS,http,87.147.117.128,74.125.103.20,GET,5,,,,,18
222,1547835504,FW,ssh,68.248.122.189,74.125.103.25,DROP,3,,,,,0
223,1547835506,MS,smtp,216.180.241.20,74.125.103.25,DATA,3,,,,,0
224,1547835507,MS,smtp,87.39.192.123,74.125.103.25,MAIL_FROM,2,,,,,0
225,1547835507,WS,http,87.147.117.128,74.125.105.31,CONNECT,8,,,,,18
226,1547835508,WS,http,87.147.117.128,74.125.103.20,TRACE,6,,,,,18
227,1547835510,FW,http,69.39.55.52,74.125.103.21,DROP,9,,,,,0
228,1547835511,WS,http,87.39.192.123,74.125.103.20,CONNECT,1,,,,,0
229,1547835511,FW,http,216.180.243.184,74.125.103.21,DROP,9,,,,,0
230,1547835511,MS,smtp,87.39.192.123,74.125.103.25,QUIT,2,,,,,0
231,1547835512,WS,http,69.39.55.52,74.125.103.20,OPTIONS,7,,,,,0
232,1547835512,FW,smtp,69.39.55.52,74.125.103.25,ACCEPT,9,,,,,0
233,1547835514,WS,http,216.180.243.184,74.125.103.20,OPTIONS,7,,,,,0
234,1547835514,WS,http,209.180.58.51,74.125.103.23,HEAD,2,,,,,0
235,1547835517,WS,http,209.180.58.51,74.125.105.30,GET,6,,,,,0
236,1547835518,WS,http,68.131.243.52,74.125.105.30,GET,2,,,,,0
237,1547835520,FW,smtp,216.180.243.184,74.125.103.25,ACCEPT,9,,,,,0
238,1547835521,FW,ftp,216.147.129.157,74.125.105.31,ACCEPT,2,,,,,0
239,1547835521,FW,http,209.180.58.51,74.125.105.30,ACCEPT,4,,,,,0
240,1547835521,WS,http,216.39.117.160,74.125.105.31,GET,9,,,,,0
241,1547835523,WS,http,87.131.31.152,74.125.103.22,HEAD,1,,,,,0
242,1547835525,FW,http,87.131.31.152,74.125.103.23,ACCEPT,8,,,,,0
243,1547835525,FW,ftp,87.131.31.152,74.125.103.23,ACCEPT,3,,,,,0
244,1547835526,FW,ssh,216.248.232.194,74.125.103.25,DROP,9,,,,,0
245,1547835529,WS,http,87.180.86.208,74.125.105.31,GET,1,,,,,0
246,1547835530,FW,ssh,209.147.137.150,74.125.103.23,ACCEPT,9,,,,,0
247,1547835532,WS,http,87.39.192.123,74.125.105.31,GET,8,,,,,0
248,1547835534,FW,http,216.39.15.60,74.125.103.21,ACCEPT,1,,,,,0
249,1547835535,FW,ftp,209.131.77.231,74.125.103.25,ACCEPT,4,,,,,0
250,1547835536,WS,http,69.147.124.126,74.125.103.23,HEAD,2,,,,,0
251,1547835538,MS,smtp,68.39.36.147,74.125.103.24,RCPT_TO,1,,,,,0
252,1547835540,FW,ftp,68.180.243.150,74.125.103.23,DROP,6,,,,,0
253,1547835540,FW,http,216.131.103.160,74.125.103.20,ACCEPT,1,,,,,0
254,1547835541,WS,http,69.147.124.126,74.125.105.30,GET,6,,,,,0
255,1547835542,FW,http,69.147.124.126,74.125.105.30,ACCEPT,4,,,,,0
256,1547835543,FW,http,87.180.86.208,74.125.103.23,ACCEPT,2,,,,,0
257,1547835543,FW,ftp,209.180.104.159,74.125.103.25,DROP,10,,,,,0
258,1547835543,FW,http,87.180.86.208,74.125.103.21,DROP,9,,,,,0
259,1547835546,WS,http,209.248.26.54,74.125.103.22,GET,8,,,,,0
260,1547835546,FW,ftp,68.180.220.180,74.125.105.31,DROP,4,,,,,0
261,1547835548,MS,smtp,209.147.170.206,74.125.103.24,AUTH,7,,,,,0
262,1547835548,WS,http,87.180.86.208,74.125.103.20,OPTIONS,7,,,,,0
263,1547835550,FW,smtp,87.180.86.208,74.125.103.25,ACCEPT,9,,,,,0
264,1547835552,FW,http,68.180.174.116,74.125.103.23,ACCEPT,4,,,,,0
265,1547835554,WS,http,216.147.146.155,74.125.103.20,GET,5,,,,,19
266,1547835556,WS,http,68.248.53.89,74.125.103.20,PUT,2,,,,,0
267,1547835557,FW,http,209.180.104.159,74.125.103.23,ACCEPT,10,,,,,0
268,1547835558,WS,http,69.180.41.245,74.125.103.23,HEAD,2,,,,,0
269,1547835559,WS,http,216.147.146.155,74.125.105.31,CONNECT,8,,,,,19
270,1547835561,WS,http,87.39.235.236,74.125.103.20,GET,5,,,,,20
271,1547835562,WS,http,216.147.146.155,74.125.103.20,TRACE,6,,,,,19
272,1547835563,WS,http,69.180.41.245,74.125.105.30,GET,6,,,,,0
273,1547835563,FW,http,69.180.41.245,74.125.105.30,ACCEPT,4,,,,,0
274,1547835564,WS,http,87.39.235.236,74.125.105.31,CONNECT,8,,,,,20
275,1547835565,FW,smtp,209.131.254.72,74.125.103.24,ACCEPT,6,,,,,0
276,1547835567,WS,http,87.39.235.236,74.125.103.20,TRACE,6,,,,,20
277,1547835568,FW,ftp,209.131.2.63,74.125.105.30,ACCEPT,6,,,,,0
278,1547835569,WS,http,209.147.23.207,74.125.103.22,HEAD,1,,,,,0
279,1547835571,WS,http,87.147.226.99,74.125.103.21,HEAD,1,,,,,0
280,1547835573,FW,http,209.147.23.207,74.125.103.23,ACCEPT,8,,,,,0
281,1547835575,FW,ftp,209.147.23.207,74.125.103.23,ACCEPT,3,,,,,0
282,1547835576,MS,smtp,68.131.232.170,74.125.103.24,SEND,3,,,,,0
283,1547835578,FW,ssh,69.147.133.5,74.125.103.21,ACCEPT,10,,,,,0
284,1547835578,FW,http,87.180.190.176,74.125.103.20,ACCEPT,1,,,,,0
285,1547835578,MS,smtp,216.39.2.52,74.125.103.25,MAIL_FROM,2,,,,,0
286,1547835579,WS,http,216.39.2.52,74.125.103.20,CONNECT,1,,,,,0
287,1547835580,FW,http,68.147.153.151,74.125.103.21,DROP,5,,,,,0
288,1547835581,MS,smtp,209.131.30.197,74.125.103.25,MAIL_FROM,2,,,,,0
289,1547835581,MS,smtp,216.39.2.52,74.125.103.25,QUIT,2,,,,,0
290,1547835582,FW,http,87.180.144.228,74.125.103.21,DROP,9,,,,,0
291,1547835583,FW,ssh,209.180.104.159,74.125.103.25,ACCEPT,1,,,,,0
292,1547835584,WS,http,209.131.30.197,74.125.103.20,CONNECT,1,,,,,0
293,1547835585,WS,http,87.180.144.228,74.125.103.20,OPTIONS,7,,,,,0
294,1547835586,FW,ftp,68.180.3.41,74.125.103.23,ACCEPT,5,,,,,0
295,1547835588,FW,smtp,87.180.144.228,74.125.103.25,ACCEPT,9,,,,,0
296,1547835589,MS,smtp,209.131.30.197,74.125.103.25,QUIT,2,,,,,0
297,1547835590,MS,smtp,209.39.243.107,74.125.103.25,AUTH,3,,,,,0
298,1547835591,MS,smtp,68.131.140.204,74.125.103.24,SEND,4,,,,,0
299,1547835593,FW,smtp,87.147.60.18,74.125.103.24,ACCEPT,4,,,,,0
300,1547835593,WS,http,87.39.147.228,74.125.105.31,GET,4,,,,,0
301,1547835595,MS,smtp,68.248.53.89,74.125.103.25,MAIL_FROM,2,,,,,0
302,1547835595,FW,http,216.180.28.188,74.125.103.21,DROP,8,,,,,0
303,1547835595,WS,http,68.248.53.89,74.125.103.20,CONNECT,1,,,,,0
304,1547835596,MS,smtp,68.248.223.190,74.125.103.25,AUTH,5,,,,,0
305,1547835597,MS,smtp,216.248.208.106,74.125.103.24,MAIL_FROM,7,,,,,0
306,1547835598,FW,ftp,87.39.163.220,74.125.103.20,DROP,9,,,,,0
307,1547835599,MS,smtp,68.248.53.89,74.125.103.25,QUIT,2,,,,,0
308,1547835599,MS,smtp,87.147.56.210,74.125.103.24,AUTH,5,,,,,0
309,1547835601,MS,smtp,87.131.39.8,74.125.103.25,MAIL_FROM,2,,,,,0
310,1547835601,WS,http,87.131.39.8,74.125.103.20,CONNECT,1,,,,,0
311,1547835601,WS,http,216.180.242.123,74.125.103.21,GET,9,,,,,0
312,1547835601,WS,http,216.147.253.7,74.125.103.20,GET,5,,,,,21
313,1547835601,MS,smtp,87.131.39.8,74.125.103.25,QUIT,2,,,,,0
314,1547835601,WS,http,216.147.253.7,74.125.105.31,CONNECT,8,,,,,21
315,1547835602,MS,smtp,69.131.16.72,74.125.103.24,MAIL_FROM,1,,,,,0
316,1547835604,WS,http,69.147.204.116,74.125.103.20,GET,5,,,,,22
317,1547835604,FW,http,68.131.84.10,74.125.103.23,DROP,2,,,,,0
318,1547835605,WS,http,216.147.253.7,74.125.103.20,TRACE,6,,,,,21
319,1547835605,WS,http,69.131.86.172,74.125.105.31,GET,1,,,,,0
320,1547835608,WS,http,69.147.204.116,74.125.105.31,CONNECT,8,,,,,22
321,1547835609,WS,http,68.248.46.120,74.125.105.30,OPTIONS,1,,,,,0
322,1547835609,WS,http,69.147.204.116,74.125.103.20,TRACE,6,,,,,22
323,1547835609,MS,smtp,87.131.31.152,74.125.103.25,NOOP,5,,,,,0
324,1547835610,MS,smtp,216.248.138.151,74.125.103.25,MAIL_FROM,5,,,,,0
325,1547835610,MS,smtp,68.147.194.204,74.125.103.25,EHLO,7,,,,,0
326,1547835611,WS,http,87.180.93.106,74.125.103.20,TRACE,7,,,,,0
327,1547835611,WS,http,69.180.121.142,74.125.105.31,TRACE,9,,,,,0
328,1547835612,MS,smtp,69.39.55.52,74.125.103.25,MAIL_FROM,3,,,,,0
329,1547835612,FW,ssh,209.131.83.73,74.125.105.31,ACCEPT,9,,,,,0
330,1547835613,FW,http,68.131.10.110,74.125.103.23,ACCEPT,2,,,,,0
331,1547835615,WS,http,69.147.133.5,74.125.103.20,GET,8,,,,,0
332,1547835615,FW,smtp,69.39.124.52,74.125.103.24,DROP,3,,,,,0
333,1547835617,WS,http,216.147.209.2,74.125.103.21,HEAD,7,,,,,0
334,1547835618,FW,http,87.39.133.188,74.125.105.30,DROP,5,,,,,0
335,1547835620,FW,http,209.180.38.13,74.125.105.31,ACCEPT,7,,,,,0
336,1547835620,WS,http,87.147.20.73,74.125.105.30,GET,9,,,,,0
337,1547835622,WS,http,209.180.38.13,74.125.103.22,HEAD,1,,,,,0
338,1547835623,FW,http,209.180.38.13,74.125.103.23,ACCEPT,8,,,,,0
339,1547835623,FW,ftp,209.180.38.13,74.125.103.23,ACCEPT,3,,,,,0
340,1547835625,WS,http,68.248.5.175,74.125.105.30,GET,5,,,,,0
341,1547835626,FW,http,68.248.5.175,74.125.103.23,ACCEPT,8,,,,,0
342,1547835627,FW,ftp,68.131.113.209,74.125.103.22,ACCEPT,4,,,,,0
343,1547835629,WS,http,68.131.249.232,74.125.103.21,TRACE,1,,,,,0
344,1547835630,WS,http,209.180.134.167,74.125.103.21,PUT,8,,,,,0
345,1547835630,WS,http,68.248.5.175,74.125.103.20,POST,6,,,,,0
346,1547835631,FW,smtp,69.248.20.97,74.125.103.24,ACCEPT,1,,,,,0
347,1547835632,FW,http,68.147.147.227,74.125.103.22,DROP,6,,,,,0
348,1547835635,WS,http,68.147.252.210,74.125.105.30,GET,5,,,,,0
349,1547835637,FW,ftp,209.180.234.201,74.125.103.23,DROP,4,,,,,0
350,1547835640,WS,http,69.39.140.222,74.125.105.31,TRACE,7,,,,,0
351,1547835641,FW,http,68.147.252.210,74.125.103.23,ACCEPT,8,,,,,0
352,1547835641,FW,http,87.147.20.73,74.125.105.31,ACCEPT,2,,,,,0
353,1547835642,FW,http,68.180.3.220,74.125.103.22,ACCEPT,4,,,,,0
354,1547835643,FW,http,69.147.7.248,74.125.103.21,DROP,2,,,,,0
355,1547835643,WS,http,68.147.252.210,74.125.103.20,POST,6,,,,,0
356,1547835645,MS,smtp,87.131.7.3,74.125.103.25,EHLO,5,,,,,0
357,1547835645,WS,http,209.248.14.210,74.125.103.20,GET,5,,,,,23
358,1547835645,WS,http,68.39.202.156,74.125.103.23,GET,9,,,,,0
359,1547835646,WS,http,209.147.176.42,74.125.103.20,GET,5,,,,,24
360,1547835648,WS,http,209.248.14.210,74.125.105.31,CONNECT,8,,,,,23
361,1547835649,WS,http,209.248.14.210,74.125.103.20,TRACE,6,,,,,23
362,1547835649,WS,http,209.147.161.129,74.125.105.31,OPTIONS,6,,,,,0
363,1547835649,WS,http,209.147.176.42,74.125.105.31,CONNECT,8,,,,,24
364,1547835649,WS,http,68.147.147.227,74.125.103.22,GET,8,,,,,0
365,1547835650,WS,http,209.147.176.42,74.125.103.20,TRACE,6,,,,,24
366,1547835652,WS,http,216.147.124.196,74.125.103.20,GET,5,,,,,25
367,1547835653,WS,http,69.180.121.142,74.125.103.20,HEAD,4,,,,,0
368,1547835654,WS,http,216.147.124.196,74.125.105.31,CONNECT,8,,,,,25
369,1547835654,WS,http,209.180.234.201,74.125.105.30,GET,6,,,,,0
370,1547835655,WS,http,216.180.251.88,74.125.103.20,PUT,4,,,,,0
371,1547835656,FW,ssh,87.180.187.123,74.125.103.20,DROP,5,,,,,0
372,1547835657,WS,http,216.147.124.196,74.125.103.20,TRACE,6,,,,,25
373,1547835657,FW,ftp,69.39.124.52,74.125.105.30,ACCEPT,7,,,,,0
374,1547835658,MS,smtp,68.180.199.126,74.125.103.24,EHLO,5,,,,,0
375,1547835658,FW,http,216.248.191.108,74.125.103.21,DROP,8,,,,,0
376,1547835659,FW,ftp,68.131.115.116,74.125.103.23,DROP,2,,,,,0
377,1547835660,WS,http,216.180.241.20,74.125.103.23,TRACE,2,,,,,0
378,1547835661,WS,http,87.131.227.89,74.125.103.20,GET,5,,,,,26
379,1547835661,WS,http,87.131.227.89,74.125.105.31,CONNECT,8,,,,,26
380,1547835662,FW,ssh,209.180.104.15,74.125.103.21,ACCEPT,1,,,,,0
381,1547835664,WS,http,87.180.197.75,74.125.103.22,HEAD,1,,,,,0
382,1547835667,FW,smtp,87.131.240.241,74.125.103.24,DROP,2,,,,,0
383,1547835667,WS,http,87.131.227.89,74.125.103.20,TRACE,6,,,,,26
384,1547835667,FW,http,87.180.197.75,74.125.103.23,ACCEPT,8,,,,,0
385,1547835668,WS,http,209.180.48.144,74.125.105.30,GET,5,,,,,0
386,1547835668,FW,http,209.248.14.210,74.125.103.21,DROP,9,,,,,0
387,1547835669,FW,ftp,87.180.197.75,74.125.103.23,ACCEPT,3,,,,,0
388,1547835669,MS,smtp,216.147.159.138,74.125.103.24,RCPT_TO,9,,,,,0
389,1547835670,WS,http,87.131.161.240,74.125.103.22,OPTIONS,2,,,,,0
390,1547835671,WS,http,209.248.14.210,74.125.103.20,OPTIONS,7,,,,,0
391,1547835671,WS,http,209.248.208.126,74.125.105.30,CONNECT,1,,,,,0
392,1547835674,FW,smtp,209.248.14.210,74.125.103.25,ACCEPT,9,,,,,0
393,1547835675,FW,http,87.39.252.143,74.125.103.22,ACCEPT,6,,,,,0
394,1547835676,WS,http,216.39.219.240,74.125.103.22,POST,3,,,,,0
395,1547835677,WS,http,87.147.56.32,74.125.103.20,GET,5,,,,,27
396,1547835680,WS,http,87.147.20.73,74.125.103.23,HEAD,5,,,,,0
397,1547835682,WS,http,87.147.56.32,74.125.105.31,CONNECT,8,,,,,27
398,1547835683,WS,http,216.147.254.240,74.125.103.23,HEAD,5,,,,,0
399,1547835684,WS,http,216.180.125.214,74.125.103.23,OPTIONS,7,,,,,0
400,1547835684,MS,smtp,216.147.254.240,74.125.103.25,DATA,1,,,,,0
401,1547835685,WS,http,87.147.56.32,74.125.103.20,TRACE,6,,,,,27
402,1547835688,FW,http,87.39.239.254,74.125.103.23,ACCEPT,5,,,,,0
403,1547835690,MS,smtp,69.131.178.61,74.125.103.24,EHLO,9,,,,,0
404,1547835691,WS,http,209.131.47.238,74.125.105.31,POST,2,,,,,0
405,1547835693,WS,http,209.147.161.129,74.125.103.20,PUT,3,,,,,0
406,1547835693,FW,http,69.147.7.248,74.125.103.23,DROP,4,,,,,0
407,1547835693,WS,http,87.180.190.176,74.125.103.20,POST,6,,,,,0
408,1547835693,WS,http,69.131.48.55,74.125.105.30,TRACE,6,,,,,0
409,1547835696,WS,http,87.248.148.166,74.125.105.30,PUT,4,,,,,0
410,1547835697,WS,http,69.180.39.115,74.125.103.23,HEAD,6,,,,,0
411,1547835698,WS,http,216.147.192.209,74.125.103.22,TRACE,8,,,,,0
412,1547835699,WS,http,68.147.65.182,74.125.103.23,TRACE,3,,,,,0
413,1547835700,FW,ftp,87.180.144.228,74.125.105.31,ACCEPT,2,,,,,0
414,1547835700,MS,smtp,87.248.107.50,74.125.103.24,HELO,2,,,,,0
415,1547835700,WS,http,87.147.38.229,74.125.103.20,GET,5,,,,,0
416,1547835701,FW,ssh,209.131.254.72,74.125.103.24,DROP,5,,,,,0
417,1547835702,FW,http,68.248.166.127,74.125.103.21,DROP,4,,,,,0
418,1547835704,WS,http,87.131.39.8,74.125.103.20,CONNECT,8,,,,,0
419,1547835707,WS,http,87.147.56.210,74.125.103.20,GET,5,,,,,28
420,1547835709,MS,smtp,209.147.137.150,74.125.103.24,RCPT_TO,5,,,,,0
421,1547835710,WS,http,87.147.56.210,74.125.105.31,CONNECT,8,,,,,28
422,1547835710,WS,http,87.147.56.210,74.125.103.20,TRACE,6,,,,,28
423,1547835710,MS,smtp,87.180.7.94,74.125.103.24,QUIT,3,,,,,0
424,1547835711,WS,http,87.248.57.246,74.125.103.23,HEAD,4,,,,,0
425,1547835713,WS,http,87.147.119.99,74.125.103.22,OPTIONS,3,,,,,0
426,1547835714,WS,http,68.39.202.156,74.125.103.21,PUT,4,,,,,0
427,1547835715,WS,http,209.131.2.63,74.125.103.20,POST,3,,,,,0
428,1547835717,FW,ftp,209.248.208.126,74.125.103.23,ACCEPT,3,,,,,0
429,1547835717,FW,ftp,68.147.202.135,74.125.103.24,ACCEPT,2,,,,,0
430,1547835718,WS,http,69.180.95.153,74.125.103.20,TRACE,4,,,,,0
431,1547835719,FW,ftp,209.180.11.171,74.125.103.20,ACCEPT,8,,,,,0
432,1547835722,WS,http,209.131.209.23,74.125.103.23,GET,6,,,,,0
433,1547835723,WS,http,68.248.98.78,74.125.103.20,GET,5,,,,,29
434,1547835726,FW,http,87.180.136.245,74.125.103.22,DROP,10,,,,,0
435,1547835726,WS,http,68.248.98.78,74.125.105.31,CONNECT,8,,,,,29
436,1547835726,MS,smtp,209.147.23.207,74.125.103.24,HELO,6,,,,,0
437,1547835727,WS,http,209.248.66.16,74.125.103.21,POST,4,,,,,0
438,1547835727,FW,ftp,209.248.18.238,74.125.103.25,ACCEPT,7,,,,,0
439,1547835728,WS,http,68.248.98.78,74.125.103.20,TRACE,6,,,,,29
440,1547835729,MS,smtp,209.131.163.239,74.125.103.25,MAIL_FROM,2,,,,,0
441,1547835732,WS,http,209.131.163.239,74.125.103.20,CONNECT,1,,,,,0
442,1547835733,MS,smtp,209.131.163.239,74.125.103.25,QUIT,2,,,,,0
443,1547835733,FW,http,209.147.199.219,74.125.103.21,DROP,9,,,,,0
444,1547835733,WS,http,209.147.199.219,74.125.103.20,OPTIONS,7,,,,,0
445,1547835734,FW,ftp,209.39.243.107,74.125.103.22,DROP,3,,,,,0
446,1547835736,WS,http,69.131.41.150,74.125.103.20,GET,4,,,,,0
447,1547835737,FW,http,216.39.2.52,74.125.103.22,ACCEPT,1,,,,,0
448,1547835738,FW,smtp,209.147.199.219,74.125.103.25,ACCEPT,9,,,,,0
449,1547835740,FW,http,87.147.219.149,74.125.103.21,ACCEPT,2,,,,,0
450,1547835742,WS,http,87.39.252.143,74.125.103.22,HEAD,6,,,,,0
451,1547835742,WS,http,68.131.160.42,74.125.103.20,GET,5,,,,,30
452,1547835743,MS,smtp,216.131.5.109,74.125.103.25,NOOP,8,,,,,0
453,1547835743,WS,http,68.131.160.42,74.125.105.31,CONNECT,8,,,,,30
454,1547835743,WS,http,209.180.48.144,74.125.103.23,HEAD,4,,,,,0
455,1547835746,WS,http,68.131.160.42,74.125.103.20,TRACE,6,,,,,30
456,1547835747,WS,http,87.131.90.201,74.125.103.23,HEAD,8,,,,,0
457,1547835747,FW,http,87.147.38.166,74.125.103.21,ACCEPT,5,,,,,0
458,1547835750,FW,ftp,69.39.223.174,74.125.103.20,DROP,1,,,,,0
459,1547835750,WS,http,68.147.65.182,74.125.105.31,TRACE,3,,,,,0
460,1547835751,FW,http,87.147.41.22,74.125.103.21,DROP,9,,,,,0
461,1547835754,WS,http,68.180.20.199,74.125.103.20,GET,5,,,,,31
462,1547835757,WS,http,68.180.20.199,74.125.105.31,CONNECT,8,,,,,31
463,1547835757,WS,http,87.147.41.22,74.125.103.20,OPTIONS,7,,,,,0
464,1547835758,FW,smtp,87.147.41.22,74.125.103.25,ACCEPT,9,,,,,0
465,1547835759,FW,ftp,69.131.41.150,74.125.105.31,ACCEPT,1,,,,,0
466,1547835760,WS,http,68.180.20.199,74.125.103.20,TRACE,6,,,,,31
467,1547835762,WS,http,68.248.53.89,74.125.103.22,OPTIONS,2,,,,,0
468,1547835763,FW,http,68.180.199.126,74.125.105.30,ACCEPT,9,,,,,0
469,1547835766,WS,http,68.131.249.232,74.125.105.30,GET,5,,,,,0
470,1547835768,FW,http,68.131.249.232,74.125.103.23,ACCEPT,8,,,,,0
471,1547835771,WS,http,68.131.249.232,74.125.103.20,POST,6,,,,,0
472,1547835771,WS,http,209.147.37.74,74.125.103.23,HEAD,8,,,,,0
473,1547835771,WS,http,216.180.44.123,74.125.103.23,HEAD,2,,,,,0
474,1547835771,WS,http,68.131.199.71,74.125.103.23,TRACE,3,,,,,0
475,1547835772,WS,http,216.180.44.123,74.125.105.30,GET,6,,,,,0
476,1547835774,FW,http,216.180.44.123,74.125.105.30,ACCEPT,4,,,,,0
477,1547835774,FW,ftp,87.39.133.188,74.125.103.24,DROP,6,,,,,0
478,1547835776,MS,smtp,68.180.16.56,74.125.103.24,HELO,4,,,,,0
479,1547835777,MS,smtp,209.147.161.245,74.125.103.25,NOOP,5,,,,,0
480,1547835778,MS,smtp,68.39.202.156,74.125.103.25,QUIT,6,,,,,0
481,1547835781,WS,http,68.180.87.11,74.125.103.20,GET,5,,,,,32
482,1547835783,WS,http,68.180.87.11,74.125.105.31,CONNECT,8,,,,,32
483,1547835786,WS,http,209.180.46.58,74.125.103.22,HEAD,1,,,,,0
484,1547835789,MS,smtp,216.39.77.64,74.125.103.24,SEND,6,,,,,0
485,1547835792,WS,http,68.180.87.11,74.125.103.20,TRACE,6,,,,,32
486,1547835794,MS,smtp,87.248.19.54,74.125.103.25,RCPT_TO,2,,,,,0
487,1547835797,WS,http,216.248.232.194,74.125.103.22,HEAD,7,,,,,0
488,1547835798,FW,http,68.248.46.120,74.125.103.21,ACCEPT,7,,,,,0
489,1547835800,FW,http,87.248.102.56,74.125.103.23,DROP,8,,,,,0
490,1547835800,WS,http,68.248.98.78,74.125.103.20,GET,5,,,,,33
491,1547835802,FW,ftp,209.131.83.73,74.125.105.30,ACCEPT,5,,,,,0
492,1547835803,WS,http,87.39.103.32,74.125.103.23,PUT,3,,,,,0
493,1547835803,MS,smtp,69.131.14.211,74.125.103.25,QUIT,3,,,,,0
494,1547835803,WS,http,68.248.98.78,74.125.105.31,CONNECT,8,,,,,33
495,1547835804,WS,http,209.39.121.28,74.125.103.20,GET,5,,,,,34
496,1547835806,WS,http,209.39.121.28,74.125.105.31,CONNECT,8,,,,,34
497,1547835807,WS,http,209.39.121.28,74.125.103.20,TRACE,6,,,,,34
498,1547835807,WS,http,68.248.98.78,74.125.103.20,TRACE,6,,,,,33
499,1547835807,FW,ftp,87.131.7.3,74.125.105.30,DROP,6,,,,,0
500,1547835808,FW,http,87.39.239.254,74.125.103.21,ACCEPT,10,,,,,0
501,1547835810,WS,http,209.147.228.55,74.125.105.30,OPTIONS,3,,,,,0
502,1547835812,MS,smtp,216.248.208.106,74.125.103.25,MAIL_FROM,2,,,,,0
503,1547835813,WS,http,69.147.51.55,74.125.103.22,CONNECT,5,,,,,0
504,1547835814,WS,http,216.248.208.106,74.125.103.20,CONNECT,1,,,,,0
505,1547835815,MS,smtp,216.248.208.106,74.125.103.25,QUIT,2,,,,,0
506,1547835816,MS,smtp,69.39.124.52,74.125.103.25,RCPT_TO,3,,,,,0
507,1547835817,WS,http,87.180.5.85,74.125.103.23,GET,2,,,,,0
508,1547835820,WS,http,209.248.66.16,74.125.105.31,TRACE,1,,,,,0
509,1547835821,FW,http,216.147.209.2,74.125.103.21,DROP,9,,,,,0
510,1547835821,WS,http,216.147.209.2,74.125.103.20,OPTIONS,7,,,,,0
511,1547835822,FW,smtp,216.147.209.2,74.125.103.25,ACCEPT,9,,,,,0
512,1547835823,FW,ftp,69.147.143.20,74.125.103.21,ACCEPT,7,,,,,0
513,1547835824,FW,ftp,87.131.220.173,74.125.103.23,ACCEPT,1,,,,,0
514,1547835824,WS,http,69.248.195.11,74.125.103.20,GET,5,,,,,35
515,1547835826,WS,http,87.248.19.54,74.125.103.20,GET,5,,,,,36
516,1547835828,FW,ftp,69.147.51.55,74.125.103.21,DROP,6,,,,,0
517,1547835829,WS,http,87.147.76.79,74.125.105.30,GET,6,,,,,0
518,1547835830,WS,http,69.248.195.11,74.125.105.31,CONNECT,8,,,,,35
519,1547835830,WS,http,87.248.19.54,74.125.105.31,CONNECT,8,,,,,36
520,1547835830,WS,http,69.248.195.11,74.125.103.20,TRACE,6,,,,,35
521,1547835830,FW,ftp,68.147.153.151,74.125.103.25,DROP,10,,,,,0
522,1547835833,WS,http,68.248.112.121,74.125.103.21,HEAD,7,,,,,0
523,1547835834,WS,http,87.248.19.54,74.125.103.20,TRACE,6,,,,,36
524,1547835835,FW,ssh,209.131.163.239,74.125.103.22,ACCEPT,6,,,,,0
525,1547835836,WS,http,216.248.37.11,74.125.105.30,GET,9,,,,,0
526,1547835836,WS,http,216.248.208.106,74.125.105.30,GET,9,,,,,0
527,1547835836,FW,ftp,68.180.3.220,74.125.103.20,ACCEPT,8,,,,,0
528,1547835838,MS,smtp,216.248.199.56,74.125.103.25,EHLO,7,,,,,0
529,1547835839,WS,http,209.180.40.244,74.125.103.21,OPTIONS,6,,,,,0
530,1547835841,MS,smtp,87.147.76.79,74.125.103.24,SEND,7,,,,,0
531,1547835843,WS,http,87.147.55.211,74.125.103.20,GET,5,,,,,0
532,1547835846,WS,http,87.131.39.8,74.125.103.23,HEAD,2,,,,,0
533,1547835847,FW,ftp,69.147.193.25,74.125.105.31,ACCEPT,8,,,,,0
534,1547835847,FW,http,209.180.58.51,74.125.103.22,ACCEPT,7,,,,,0
535,1547835848,WS,http,87.180.137.102,74.125.103.20,GET,5,,,,,37
536,1547835851,WS,http,68.39.198.244,74.125.103.20,GET,4,,,,,0
537,1547835853,MS,smtp,69.39.193.35,74.125.103.24,RSET,8,,,,,0
538,1547835854,WS,http,87.180.137.102,74.125.105.31,CONNECT,8,,,,,37
539,1547835856,WS,http,87.180.137.102,74.125.103.20,TRACE,6,,,,,37
540,1547835858,FW,http,216.39.2.52,74.125.103.23,ACCEPT,6,,,,,0
541,1547835860,WS,http,68.39.198.244,74.125.105.30,CONNECT,9,,,,,0
542,1547835862,WS,http,69.147.51.55,74.125.103.20,HEAD,2,,,,,0
543,1547835862,WS,http,209.131.25.112,74.125.103.20,TRACE,1,,,,,0
544,1547835862,MS,smtp,209.131.151.132,74.125.103.24,DATA,6,,,,,0
545,1547835862,WS,http,69.248.31.123,74.125.103.21,GET,7,,,,,0
546,1547835865,FW,http,69.180.116.54,74.125.103.21,DROP,9,,,,,0
547,1547835865,FW,http,87.180.187.123,74.125.105.30,DROP,2,,,,,0
548,1547835867,WS,http,209.39.17.166,74.125.103.20,GET,5,,,,,38
549,1547835868,WS,http,69.180.116.54,74.125.103.20,OPTIONS,7,,,,,0
550,1547835868,WS,http,209.39.17.166,74.125.105.31,CONNECT,8,,,,,38
551,1547835869,MS,smtp,209.131.209.23,74.125.103.25,EHLO,1,,,,,0
552,1547835870,FW,smtp,69.180.116.54,74.125.103.25,ACCEPT,9,,,,,0
553,1547835872,WS,http,209.147.11.202,74.125.103.20,GET,5,,,,,39
554,1547835875,WS,http,209.39.17.166,74.125.103.20,TRACE,6,,,,,38
555,1547835876,WS,http,209.147.11.202,74.125.105.31,CONNECT,8,,,,,39
556,1547835876,MS,smtp,69.180.109.106,74.125.103.24,NOOP,2,,,,,0
557,1547835877,WS,http,209.147.11.202,74.125.103.20,TRACE,6,,,,,39
558,1547835880,WS,http,69.147.217.234,74.125.105.30,GET,5,,,,,0
559,1547835882,FW,http,209.147.100.44,74.125.103.23,ACCEPT,3,,,,,0
560,1547835883,FW,http,68.131.115.116,74.125.103.20,DROP,5,,,,,0
561,1547835884,FW,http,209.131.2.63,74.125.103.21,DROP,9,,,,,0
562,1547835884,FW,http,69.147.217.234,74.125.103.23,ACCEPT,8,,,,,0
563,1547835887,WS,http,69.147.210.7,74.125.105.31,OPTIONS,4,,,,,0
564,1547835887,WS,http,209.180.40.244,74.125.105.30,GET,5,,,,,0
565,1547835890,WS,http,69.147.217.234,74.125.103.20,POST,6,,,,,0
566,1547835890,FW,http,209.180.40.244,74.125.103.23,ACCEPT,8,,,,,0
567,1547835891,WS,http,209.180.40.244,74.125.103.20,POST,6,,,,,0
568,1547835892,MS,smtp,68.248.109.232,74.125.103.25,SEND,9,,,,,0
569,1547835894,FW,http,216.248.228.156,74.125.103.23,ACCEPT,8,,,,,0
570,1547835895,FW,http,87.147.219.149,74.125.103.23,ACCEPT,8,,,,,0
571,1547835895,FW,http,216.180.244.200,74.125.103.21,DROP,9,,,,,0
572,1547835897,WS,http,68.180.100.181,74.125.103.20,HEAD,3,,,,,0
573,1547835897,WS,http,68.248.98.78,74.125.105.30,GET,5,,,,,0
574,1547835898,WS,http,216.180.244.200,74.125.103.20,OPTIONS,7,,,,,0
575,1547835901,FW,smtp,69.147.124.126,74.125.103.24,ACCEPT,5,,,,,0
576,1547835902,FW,ftp,68.131.232.170,74.125.103.21,DROP,5,,,,,0
577,1547835904,FW,http,68.248.98.78,74.125.103.23,ACCEPT,8,,,,,0
578,1547835904,FW,smtp,216.180.244.200,74.125.103.25,ACCEPT,9,,,,,0
579,1547835904,WS,http,209.147.170.206,74.125.103.23,GET,8,,,,,0
580,1547835906,FW,ftp,87.131.227.89,74.125.103.20,ACCEPT,7,,,,,0
581,1547835906,WS,http,68.248.98.78,74.125.103.20,POST,6,,,,,0
582,1547835906,WS,http,87.39.239.254,74.125.105.30,POST,9,,,,,0
583,1547835907,WS,http,209.147.103.70,74.125.103.21,GET,9,,,,,0
584,1547835908,FW,smtp,209.147.176.42,74.125.103.25,ACCEPT,2,,,,,0
585,1547835909,WS,http,209.131.21.32,74.125.103.20,GET,5,,,,,40
586,1547835910,WS,http,209.131.21.32,74.125.105.31,CONNECT,8,,,,,40
587,1547835912,MS,smtp,69.147.124.126,74.125.103.24,SEND,2,,,,,0
588,1547835913,WS,http,209.248.144.52,74.125.105.31,OPTIONS,6,,,,,0
589,1547835913,WS,http,209.39.17.166,74.125.103.22,HEAD,1,,,,,0
590,1547835913,WS,http,209.131.21.32,74.125.103.20,TRACE,6,,,,,40
591,1547835913,WS,http,87.147.38.166,74.125.105.30,GET,6,,,,,0
592,1547835914,FW,http,209.39.17.166,74.125.103.23,ACCEPT,8,,,,,0
593,1547835914,WS,http,69.180.41.245,74.125.103.20,TRACE,9,,,,,0
594,1547835917,FW,ftp,209.39.17.166,74.125.103.23,ACCEPT,3,,,,,0
595,1547835918,WS,http,209.248.14.210,74.125.105.30,GET,3,,,,,0
596,1547835918,WS,http,216.180.152.14,74.125.103.20,GET,5,,,,,41
597,1547835919,FW,ftp,216.248.208.106,74.125.103.25,ACCEPT,3,,,,,0
598,1547835919,WS,http,69.39.26.119,74.125.105.31,GET,5,,,,,0
599,1547835919,WS,http,87.180.121.22,74.125.103.22,TRACE,8,,,,,0
600,1547835920,WS,http,216.180.152.14,74.125.105.31,CONNECT,8,,,,,41
601,1547835920,FW,ftp,209.131.27.131,74.125.103.25,DROP,2,,,,,0
602,1547835923,MS,smtp,87.39.163.220,74.125.103.25,AUTH,9,,,,,0
603,1547835924,FW,http,216.180.241.20,74.125.103.20,DROP,7,,,,,0
604,1547835925,WS,http,216.180.152.14,74.125.103.20,TRACE,6,,,,,41
605,1547835926,MS,smtp,68.131.140.204,74.125.103.24,DATA,7,,,,,0
606,1547835927,WS,http,209.131.163.239,74.125.103.20,GET,5,,,,,42
607,1547835929,WS,http,69.131.182.158,74.125.103.22,POST,6,,,,,0
608,1547835929,WS,http,209.131.163.239,74.125.105.31,CONNECT,8,,,,,42
609,1547835930,FW,ssh,69.39.55.52,74.125.105.30,ACCEPT,4,,,,,0
610,1547835931,WS,http,87.147.38.166,74.125.105.31,GET,8,,,,,0
611,1547835932,WS,http,69.131.178.61,74.125.105.30,GET,5,,,,,0
612,1547835934,WS,http,209.131.163.239,74.125.103.20,TRACE,6,,,,,42
613,1547835934,MS,smtp,69.180.41.245,74.125.103.25,MAIL_FROM,7,,,,,0
614,1547835936,FW,http,69.131.178.61,74.125.103.23,ACCEPT,8,,,,,0
615,1547835939,WS,http,68.131.10.110,74.125.103.20,CONNECT,9,,,,,0
616,1547835939,WS,http,87.248.102.56,74.125.105.30,HEAD,1,,,,,0
617,1547835939,WS,http,209.131.107.185,74.125.103.20,POST,1,,,,,0
618,1547835940,WS,http,69.131.178.61,74.125.103.20,POST,6,,,,,0
619,1547835942,WS,http,209.248.18.238,74.125.105.31,PUT,5,,,,,0
620,1547835942,WS,http,69.131.210.148,74.125.103.22,GET,7,,,,,0
621,1547835945,FW,http,209.248.106.243,74.125.105.31,ACCEPT,6,,,,,0
622,1547835946,WS,http,216.180.187.133,74.125.103.22,OPTIONS,3,,,,,0
623,1547835947,WS,http,87.147.117.128,74.125.103.20,GET,5,,,,,43
624,1547835949,WS,http,209.131.2.63,74.125.103.20,GET,7,,,,,0
625,1547835949,FW,ssh,216.180.126.173,74.125.103.24,DROP,10,,,,,0
626,1547835949,WS,http,69.147.217.234,74.125.105.30,GET,5,,,,,0
627,1547835951,WS,http,87.147.117.128,74.125.105.31,CONNECT,8,,,,,43
628,1547835951,WS,http,69.131.41.150,74.125.105.31,GET,7,,,,,0
629,1547835952,WS,http,87.147.117.128,74.125.103.20,TRACE,6,,,,,43
630,1547835953,FW,http,69.147.217.234,74.125.103.23,ACCEPT,8,,,,,0
631,1547835954,WS,http,69.147.217.234,74.125.103.20,POST,6,,,,,0
632,1547835955,FW,ssh,69.131.178.61,74.125.103.22,DROP,10,,,,,0
633,1547835955,FW,ftp,69.180.116.54,74.125.103.20,ACCEPT,1,,,,,0
634,1547835956,WS,http,69.39.26.119,74.125.103.23,HEAD,3,,,,,0
635,1547835957,FW,http,209.131.25.112,74.125.103.22,ACCEPT,1,,,,,0
636,1547835958,MS,smtp,87.147.62.42,74.125.103.25,RCPT_TO,4,,,,,0
637,1547835959,WS,http,87.39.147.228,74.125.105.31,GET,7,,,,,0
638,1547835959,FW,http,216.39.219.240,74.125.103.21,DROP,5,,,,,0
639,1547835961,WS,http,69.248.9.128,74.125.105.31,POST,5,,,,,0
640,1547835962,WS,http,216.248.138.151,74.125.103.22,TRACE,7,,,,,0
641,1547835962,FW,ftp,216.39.57.30,74.125.105.31,ACCEPT,2,,,,,0
642,1547835965,FW,smtp,68.131.199.71,74.125.103.25,ACCEPT,7,,,,,0
643,1547835966,FW,http,216.39.229.164,74.125.103.21,ACCEPT,2,,,,,0
644,1547835967,MS,smtp,87.147.222.47,74.125.103.25,RSET,4,,,,,0
645,1547835968,WS,http,87.147.38.166,74.125.103.23,POST,7,,,,,0
646,1547835969,FW,ftp,69.147.204.116,74.125.105.31,DROP,4,,,,,0
647,1547835969,FW,ftp,87.180.187.123,74.125.103.23,ACCEPT,4,,,,,0
648,1547835969,WS,http,69.147.217.234,74.125.103.20,PUT,9,,,,,0
649,1547835969,WS,http,87.131.227.89,74.125.105.31,OPTIONS,4,,,,,0
650,1547835972,FW,smtp,209.180.180.179,74.125.103.24,DROP,8,,,,,0
651,1547835975,WS,http,69.248.195.11,74.125.103.21,POST,5,,,,,0
652,1547835976,FW,ssh,209.131.101.49,74.125.103.25,ACCEPT,2,,,,,0
653,1547835977,MS,smtp,209.180.48.144,74.125.103.25,NOOP,2,,,,,0
654,1547835978,WS,http,216.147.241.67,74.125.103.20,GET,5,,,,,44
655,1547835979,FW,http,87.147.117.128,74.125.103.21,ACCEPT,1,,,,,0
656,1547835979,WS,http,216.147.241.67,74.125.105.31,CONNECT,8,,,,,44
657,1547835980,MS,smtp,69.147.124.126,74.125.103.24,NOOP,5,,,,,0
658,1547835980,MS,smtp,209.180.46.58,74.125.103.24,RCPT_TO,4,,,,,0
659,1547835980,WS,http,216.147.241.67,74.125.103.20,TRACE,6,,,,,44
660,1547835981,WS,http,87.180.26.172,74.125.105.31,HEAD,1,,,,,0
661,1547835982,FW,http,209.248.70.40,74.125.103.22,ACCEPT,10,,,,,0
662,1547835983,WS,http,87.180.136.245,74.125.103.20,PUT,2,,,,,0
663,1547835983,WS,http,87.147.219.149,74.125.103.20,POST,8,,,,,0
664,1547835985,WS,http,87.180.136.245,74.125.103.20,GET,5,,,,,45
665,1547835985,WS,http,87.180.136.245,74.125.105.31,CONNECT,8,,,,,45
666,1547835985,FW,smtp,87.180.7.94,74.125.103.24,DROP,5,,,,,0
667,1547835985,WS,http,68.147.22.19,74.125.105.30,PUT,9,,,,,0
668,1547835987,WS,http,87.180.136.245,74.125.103.20,TRACE,6,,,,,45
669,1547835990,FW,http,69.147.119.46,74.125.103.22,ACCEPT,4,,,,,0
670,1547835991,WS,http,68.131.249.232,74.125.103.20,GET,6,,,,,0
671,1547835991,WS,http,87.131.161.240,74.125.103.22,HEAD,1,,,,,0
672,1547835992,WS,http,209.180.234.201,74.125.103.20,GET,8,,,,,0
673,1547835995,FW,ftp,209.180.180.179,74.125.105.31,ACCEPT,4,,,,,0
674,1547835996,WS,http,68.180.87.11,74.125.103.23,HEAD,2,,,,,0
675,1547835999,FW,http,87.131.161.240,74.125.103.23,ACCEPT,8,,,,,0
676,1547836000,FW,ftp,87.147.20.73,74.125.103.22,ACCEPT,5,,,,,0
677,1547836001,FW,ssh,68.147.65.182,74.125.103.22,DROP,10,,,,,0
678,1547836002,MS,smtp,209.180.104.159,74.125.103.25,MAIL_FROM,2,,,,,0
679,1547836003,FW,ftp,87.131.161.240,74.125.103.23,ACCEPT,3,,,,,0
680,1547836004,WS,http,209.180.104.159,74.125.103.20,CONNECT,1,,,,,0
681,1547836007,MS,smtp,209.180.104.159,74.125.103.25,QUIT,2,,,,,0
682,1547836008,MS,smtp,68.39.198.244,74.125.103.25,MAIL_FROM,2,,,,,0
683,1547836009,FW,ssh,209.131.107.185,74.125.103.22,ACCEPT,10,,,,,0
684,1547836012,MS,smtp,69.131.86.172,74.125.103.24,QUIT,9,,,,,0
685,1547836013,WS,http,68.39.198.244,74.125.103.20,CONNECT,1,,,,,0
686,1547836014,MS,smtp,68.39.198.244,74.125.103.25,QUIT,2,,,,,0
687,1547836014,WS,http,69.180.109.106,74.125.103.20,GET,5,,,,,46
688,1547836015,WS,http,216.39.144.242,74.125.103.20,GET,5,,,,,47
689,1547836016,WS,http,216.39.144.242,74.125.105.31,CONNECT,8,,,,,47
690,1547836017,WS,http,69.180.109.106,74.125.105.31,CONNECT,8,,,,,46
691,1547836019,WS,http,69.180.109.106,74.125.103.20,TRACE,6,,,,,46
692,1547836020,FW,http,87.147.138.243,74.125.105.30,DROP,4,,,,,0
693,1547836020,WS,http,216.39.144.242,74.125.103.20,TRACE,6,,,,,47
694,1547836021,MS,smtp,68.180.218.210,74.125.103.24,RCPT_TO,3,,,,,0
695,1547836021,FW,http,68.147.112.70,74.125.103.21,DROP,9,,,,,0
696,1547836023,WS,http,69.147.217.234,74.125.103.20,GET,5,,,,,48
697,1547836026,WS,http,68.147.112.70,74.125.103.20,OPTIONS,7,,,,,0
698,1547836026,FW,smtp,68.147.112.70,74.125.103.25,ACCEPT,9,,,,,0
699,1547836026,WS,http,216.39.219.240,74.125.105.31,POST,8,,,,,0
700,1547836028,WS,http,69.147.217.234,74.125.105.31,CONNECT,8,,,,,48
701,1547836029,WS,http,69.147.217.234,74.125.103.20,TRACE,6,,,,,48
702,1547836030,WS,http,87.147.38.229,74.125.103.23,GET,4,,,,,0
703,1547836032,WS,http,216.147.192.209,74.125.103.20,GET,5,,,,,49
704,1547836032,WS,http,216.147.192.209,74.125.105.31,CONNECT,8,,,,,49
705,1547836033,WS,http,68.248.211.164,74.125.103.20,GET,5,,,,,50
706,1547836034,WS,http,68.248.211.164,74.125.105.31,CONNECT,8,,,,,50
707,1547836034,WS,http,216.147.192.209,74.125.103.20,TRACE,6,,,,,49
708,1547836036,WS,http,68.248.211.164,74.125.103.20,TRACE,6,,,,,50
709,1547836036,WS,http,209.131.83.73,74.125.103.21,HEAD,6,,,,,0
710,1547836037,FW,smtp,216.180.243.184,74.125.103.24,ACCEPT,1,,,,,0
711,1547836039,WS,http,87.147.127.81,74.125.103.20,TRACE,5,,,,,0
712,1547836042,FW,http,209.39.121.28,74.125.105.31,ACCEPT,7,,,,,0
713,1547836043,WS,http,87.147.127.81,74.125.103.21,PUT,5,,,,,0
714,1547836044,MS,smtp,69.147.143.20,74.125.103.24,RSET,2,,,,,0
715,1547836045,WS,http,68.180.218.210,74.125.103.20,GET,5,,,,,51
716,1547836045,WS,http,68.180.218.210,74.125.105.31,CONNECT,8,,,,,51
717,1547836046,WS,http,68.180.218.210,74.125.103.20,TRACE,6,,,,,51
718,1547836049,FW,smtp,209.131.240.217,74.125.103.25,DROP,1,,,,,0
719,1547836049,FW,ssh,87.147.138.243,74.125.103.22,ACCEPT,6,,,,,0
720,1547836051,FW,smtp,209.147.105.214,74.125.103.24,ACCEPT,8,,,,,0
721,1547836053,WS,http,68.248.112.121,74.125.103.22,POST,6,,,,,0
722,1547836054,FW,http,209.39.243.107,74.125.103.21,DROP,9,,,,,0
723,1547836056,WS,http,209.39.243.107,74.125.103.20,OPTIONS,7,,,,,0
724,1547836058,FW,http,209.131.83.73,74.125.105.31,DROP,1,,,,,0
725,1547836060,MS,smtp,209.147.105.214,74.125.103.25,AUTH,4,,,,,0
726,1547836062,FW,smtp,209.39.243.107,74.125.103.25,ACCEPT,9,,,,,0
727,1547836062,WS,http,69.39.76.165,74.125.105.30,GET,5,,,,,0
728,1547836062,FW,http,87.147.76.79,74.125.103.22,ACCEPT,3,,,,,0
729,1547836063,WS,http,209.131.2.63,74.125.105.30,TRACE,4,,,,,0
730,1547836063,MS,smtp,216.39.245.91,74.125.103.25,MAIL_FROM,4,,,,,0
731,1547836063,FW,http,69.39.76.165,74.125.103.23,ACCEPT,8,,,,,0
732,1547836064,WS,http,69.39.76.165,74.125.103.20,POST,6,,,,,0
733,1547836066,WS,http,87.180.121.22,74.125.103.20,GET,5,,,,,52
734,1547836068,WS,http,69.180.121.142,74.125.103.20,GET,5,,,,,53
735,1547836069,WS,http,69.180.121.142,74.125.105.31,CONNECT,8,,,,,53
736,1547836070,WS,http,69.180.121.142,74.125.103.20,TRACE,6,,,,,53
737,1547836072,WS,http,87.180.121.22,74.125.105.31,CONNECT,8,,,,,52
738,1547836073,FW,ftp,209.180.40.244,74.125.103.25,ACCEPT,3,,,,,0
739,1547836075,WS,http,216.248.208.106,74.125.103.21,GET,5,,,,,0
740,1547836077,FW,http,216.248.37.11,74.125.105.30,DROP,6,,,,,0
741,1547836079,WS,http,87.180.121.22,74.125.103.20,TRACE,6,,,,,52
742,1547836080,WS,http,69.147.204.116,74.125.103.23,CONNECT,8,,,,,0
743,1547836081,WS,http,87.39.133.64,74.125.103.21,POST,4,,,,,0
744,1547836082,FW,http,68.131.73.172,74.125.103.22,ACCEPT,4,,,,,0
745,1547836083,FW,ftp,87.147.222.47,74.125.103.20,DROP,5,,,,,0
746,1547836085,FW,http,216.180.28.188,74.125.103.20,ACCEPT,7,,,,,0
747,1547836086,FW,http,87.248.107.50,74.125.103.22,ACCEPT,8,,,,,0
748,1547836087,WS,http,68.147.194.204,74.125.103.20,GET,5,,,,,54
749,1547836087,WS,http,209.147.136.76,74.125.103.23,GET,6,,,,,0
750,1547836089,WS,http,68.147.194.204,74.125.105.31,CONNECT,8,,,,,54
751,1547836092,MS,smtp,209.180.38.13,74.125.103.25,HELO,7,,,,,0
752,1547836092,MS,smtp,68.147.22.81,74.125.103.24,NOOP,1,,,,,0
753,1547836093,WS,http,68.147.194.204,74.125.103.20,TRACE,6,,,,,54
754,1547836094,FW,ftp,216.39.144.242,74.125.103.20,ACCEPT,3,,,,,0
755,1547836096,MS,smtp,69.248.131.163,74.125.103.24,RCPT_TO,8,,,,,0
756,1547836097,FW,ssh,209.180.104.15,74.125.105.30,ACCEPT,9,,,,,0
757,1547836097,WS,http,87.131.90.201,74.125.105.31,GET,1,,,,,0
758,1547836097,FW,ftp,87.39.140.40,74.125.103.25,ACCEPT,9,,,,,0
759,1547836099,FW,http,209.180.234.201,74.125.103.21,DROP,5,,,,,0
760,1547836099,MS,smtp,68.248.166.127,74.125.103.24,AUTH,1,,,,,0
761,1547836100,MS,smtp,216.147.192.209,74.125.103.24,EHLO,5,,,,,0
762,1547836100,WS,http,68.131.42.107,74.125.105.30,GET,3,,,,,0
763,1547836100,FW,http,209.180.134.167,74.125.103.21,DROP,9,,,,,0
764,1547836102,MS,smtp,69.39.154.89,74.125.103.24,RCPT_TO,6,,,,,0
765,1547836103,WS,http,68.147.153.151,74.125.103.21,TRACE,5,,,,,0
766,1547836106,MS,smtp,68.131.232.170,74.125.103.25,NOOP,2,,,,,0
767,1547836107,WS,http,209.180.134.167,74.125.103.20,OPTIONS,7,,,,,0
768,1547836109,WS,http,87.180.93.106,74.125.105.30,GET,2,,,,,0
769,1547836110,WS,http,216.180.152.14,74.125.103.20,GET,5,,,,,55
770,1547836113,WS,http,87.131.210.65,74.125.105.30,TRACE,6,,,,,0
771,1547836115,FW,smtp,209.180.134.167,74.125.103.25,ACCEPT,9,,,,,0
772,1547836116,FW,ssh,68.180.229.24,74.125.103.23,ACCEPT,5,,,,,0
773,1547836117,WS,http,216.180.152.14,74.125.105.31,CONNECT,8,,,,,55
774,1547836117,WS,http,209.180.11.171,74.125.105.30,GET,5,,,,,0
775,1547836118,FW,http,209.180.11.171,74.125.103.23,ACCEPT,8,,,,,0
776,1547836119,WS,http,209.147.37.74,74.125.103.20,OPTIONS,5,,,,,0
777,1547836122,WS,http,216.180.152.14,74.125.103.20,TRACE,6,,,,,55
778,1547836122,WS,http,209.180.11.171,74.125.103.20,POST,6,,,,,0
779,1547836123,WS,http,68.131.160.42,74.125.103.22,PUT,4,,,,,0
780,1547836124,WS,http,87.131.39.8,74.125.105.31,TRACE,4,,,,,0
781,1547836124,MS,smtp,68.180.241.21,74.125.103.25,MAIL_FROM,3,,,,,0
782,1547836125,WS,http,69.39.76.165,74.125.103.20,GET,5,,,,,56
783,1547836125,WS,http,209.147.199.219,74.125.103.23,GET,5,,,,,0
784,1547836126,MS,smtp,216.248.199.56,74.125.103.25,DATA,2,,,,,0
785,1547836127,WS,http,69.39.76.165,74.125.105.31,CONNECT,8,,,,,56
786,1547836128,WS,http,69.39.55.52,74.125.103.22,HEAD,1,,,,,0
787,1547836129,FW,http,69.39.55.52,74.125.103.23,ACCEPT,8,,,,,0
788,1547836131,WS,http,69.39.76.165,74.125.103.20,TRACE,6,,,,,56
789,1547836131,MS,smtp,216.131.103.160,74.125.103.25,NOOP,2,,,,,0
790,1547836133,FW,ftp,69.39.55.52,74.125.103.23,ACCEPT,3,,,,,0
791,1547836136,FW,ssh,69.248.195.11,74.125.103.23,ACCEPT,3,,,,,0
792,1547836136,FW,http,209.248.34.236,74.125.103.23,ACCEPT,2,,,,,0
793,1547836138,FW,http,69.131.86.172,74.125.103.21,ACCEPT,10,,,,,0
794,1547836138,FW,ftp,216.39.219.240,74.125.103.25,ACCEPT,1,,,,,0
795,1547836139,FW,http,68.180.52.141,74.125.105.30,ACCEPT,6,,,,,0
796,1547836142,FW,http,68.180.3.220,74.125.105.30,DROP,7,,,,,0
797,1547836144,WS,http,69.180.109.106,74.125.103.22,CONNECT,4,,,,,0
798,1547836144,WS,http,68.147.65.182,74.125.105.31,CONNECT,7,,,,,0
799,1547836146,FW,ftp,69.180.39.115,74.125.103.22,DROP,8,,,,,0
800,1547836149,WS,http,209.147.23.207,74.125.103.20,GET,2,,,,,0
801,1547836151,FW,http,216.248.191.108,74.125.103.21,DROP,9,,,,,0
802,1547836152,WS,http,216.248.191.108,74.125.103.20,OPTIONS,7,,,,,0
803,1547836153,WS,http,216.39.15.60,74.125.105.31,TRACE,1,,,,,0
804,1547836154,FW,ftp,69.131.182.158,74.125.103.21,DROP,10,,,,,0
805,1547836154,FW,smtp,216.248.191.108,74.125.103.25,ACCEPT,9,,,,,0
806,1547836157,FW,ftp,68.180.100.181,74.125.105.31,ACCEPT,7,,,,,0
807,1547836158,WS,http,209.131.209.23,74.125.103.20,HEAD,7,,,,,0
808,1547836161,FW,ssh,209.131.143.210,74.125.105.31,ACCEPT,10,,,,,0
809,1547836163,WS,http,216.248.37.11,74.125.103.23,TRACE,4,,,,,0
810,1547836163,MS,smtp,68.131.249.232,74.125.103.24,MAIL_FROM,7,,,,,0
811,1547836163,WS,http,68.248.211.164,74.125.103.22,GET,7,,,,,0
812,1547836164,FW,ssh,87.131.227.89,74.125.103.20,DROP,3,,,,,0
813,1547836164,WS,http,216.39.245.91,74.125.103.23,GET,3,,,,,0
814,1547836166,WS,http,87.39.179.212,74.125.105.30,PUT,8,,,,,0
815,1547836169,FW,http,87.248.167.136,74.125.105.31,ACCEPT,10,,,,,0
816,1547836172,MS,smtp,68.131.115.116,74.125.103.25,RSET,4,,,,,0
817,1547836175,WS,http,69.131.5.49,74.125.105.31,GET,1,,,,,0
818,1547836176,FW,ftp,209.131.65.127,74.125.105.30,ACCEPT,9,,,,,0
819,1547836177,MS,smtp,216.180.244.200,74.125.103.25,QUIT,5,,,,,0
820,1547836178,FW,http,68.248.122.189,74.125.103.22,ACCEPT,6,,,,,0
821,1547836180,FW,smtp,69.180.22.77,74.125.103.25,ACCEPT,6,,,,,0
822,1547836181,WS,http,209.248.66.16,74.125.105.30,PUT,7,,,,,0
823,1547836183,WS,http,216.131.103.160,74.125.103.21,GET,6,,,,,0
824,1547836184,WS,http,87.131.220.173,74.125.103.20,PUT,3,,,,,0
825,1547836187,WS,http,209.147.176.42,74.125.105.31,HEAD,8,,,,,0
826,1547836189,FW,ssh,209.248.229.149,74.125.103.23,ACCEPT,1,,,,,0
827,1547836190,FW,ssh,209.131.163.239,74.125.105.31,ACCEPT,10,,,,,0
828,1547836191,FW,http,69.248.195.11,74.125.105.31,ACCEPT,10,,,,,0
829,1547836192,MS,smtp,69.248.131.163,74.125.103.25,RCPT_TO,6,,,,,0
830,1547836194,MS,smtp,87.248.107.50,74.125.103.25,HELO,9,,,,,0
831,1547836195,WS,http,69.248.20.97,74.125.105.31,HEAD,6,,,,,0
832,1547836196,WS,http,68.248.112.121,74.125.103.21,TRACE,8,,,,,0
833,1547836198,WS,http,209.147.199.219,74.125.103.20,GET,9,,,,,0
834,1547836199,MS,smtp,87.39.239.254,74.125.103.25,MAIL_FROM,2,,,,,0
835,1547836201,FW,http,209.39.121.28,74.125.105.30,ACCEPT,1,,,,,0
836,1547836201,WS,http,87.39.239.254,74.125.103.20,CONNECT,1,,,,,0
837,1547836203,WS,http,69.39.76.165,74.125.105.30,PUT,1,,,,,0
838,1547836204,WS,http,69.39.26.119,74.125.103.23,HEAD,2,,,,,0
839,1547836207,MS,smtp,87.39.239.254,74.125.103.25,QUIT,2,,,,,0
840,1547836209,WS,http,87.147.222.47,74.125.105.31,TRACE,1,,,,,0
841,1547836211,WS,http,68.39.252.245,74.125.103.22,TRACE,9,,,,,0
842,1547836212,WS,http,209.131.132.183,74.125.105.30,OPTIONS,3,,,,,0
843,1547836212,WS,http,209.131.107.185,74.125.103.21,OPTIONS,8,,,,,0
844,1547836212,WS,http,87.39.163.220,74.125.103.21,PUT,8,,,,,0
845,1547836215,WS,http,209.147.100.44,74.125.103.20,TRACE,7,,,,,0
846,1547836216,WS,http,69.39.124.52,74.125.103.20,HEAD,3,,,,,0
847,1547836218,WS,http,216.248.37.11,74.125.103.22,HEAD,1,,,,,0
848,1547836221,FW,http,87.147.127.81,74.125.103.23,ACCEPT,3,,,,,0
849,1547836221,WS,http,87.147.127.81,74.125.103.21,GET,1,,,,,0
850,1547836221,FW,ssh,209.180.234.201,74.125.103.25,DROP,4,,,,,0
851,1547836222,FW,http,216.248.37.11,74.125.103.23,ACCEPT,8,,,,,0
852,1547836222,FW,ftp,216.248.37.11,74.125.103.23,ACCEPT,3,,,,,0
853,1547836223,MS,smtp,87.180.26.172,74.125.103.24,SEND,8,,,,,0
854,1547836225,WS,http,209.131.209.23,74.125.105.30,GET,1,,,,,0
855,1547836226,WS,http,216.248.37.11,74.125.103.20,GET,5,,,,,57
856,1547836227,WS,http,209.147.5.53,74.125.103.20,GET,9,,,,,0
857,1547836229,FW,ftp,87.147.222.47,74.125.103.24,ACCEPT,1,,,,,0
858,1547836229,WS,http,216.248.37.11,74.125.105.31,CONNECT,8,,,,,57
859,1547836229,WS,http,87.147.52.86,74.125.103.21,HEAD,3,,,,,0
860,1547836230,WS,http,216.248.37.11,74.125.103.20,TRACE,6,,,,,57
861,1547836230,FW,http,69.39.55.52,74.125.103.20,DROP,1,,,,,0
862,1547836231,WS,http,68.131.2.202,74.125.105.31,PUT,4,,,,,0
863,1547836232,WS,http,69.180.95.187,74.125.103.21,CONNECT,7,,,,,0
864,1547836234,FW,smtp,69.39.124.52,74.125.103.24,DROP,4,,,,,0
865,1547836234,WS,http,87.147.138.243,74.125.103.22,OPTIONS,3,,,,,0
866,1547836234,FW,http,87.180.197.75,74.125.103.20,ACCEPT,6,,,,,0
867,1547836234,WS,http,87.147.55.211,74.125.103.21,HEAD,5,,,,,0
868,1547836235,WS,http,216.39.117.160,74.125.103.23,HEAD,2,,,,,0
869,1547836235,FW,http,87.131.227.89,74.125.103.23,DROP,6,,,,,0
870,1547836235,WS,http,216.39.117.160,74.125.105.30,GET,6,,,,,0
871,1547836236,WS,http,209.147.103.70,74.125.103.20,GET,5,,,,,58
872,1547836238,FW,http,69.147.217.234,74.125.103.20,DROP,9,,,,,0
873,1547836240,FW,http,216.39.117.160,74.125.105.30,ACCEPT,4,,,,,0
874,1547836241,FW,ftp,68.131.115.116,74.125.103.21,DROP,2,,,,,0
875,1547836241,WS,http,209.147.103.70,74.125.105.31,CONNECT,8,,,,,58
876,1547836242,WS,http,209.147.103.70,74.125.103.20,TRACE,6,,,,,58
877,1547836243,WS,http,87.131.161.240,74.125.103.20,GET,5,,,,,59
878,1547836243,WS,http,87.131.227.89,74.125.103.21,CONNECT,3,,,,,0
879,1547836245,WS,http,87.248.103.114,74.125.103.21,CONNECT,5,,,,,0
880,1547836245,FW,ssh,69.147.143.20,74.125.103.23,ACCEPT,3,,,,,0
881,1547836246,WS,http,87.131.161.240,74.125.105.31,CONNECT,8,,,,,59
882,1547836249,WS,http,216.147.124.196,74.125.103.20,GET,5,,,,,60
883,1547836250,WS,http,216.147.124.196,74.125.105.31,CONNECT,8,,,,,60
884,1547836250,WS,http,216.147.124.196,74.125.103.20,TRACE,6,,,,,60
885,1547836253,WS,http,87.131.161.240,74.125.103.20,TRACE,6,,,,,59
886,1547836254,FW,http,69.147.51.55,74.125.103.20,ACCEPT,5,,,,,0
887,1547836255,MS,smtp,216.180.59.242,74.125.103.25,NOOP,2,,,,,0
888,1547836258,FW,http,68.180.52.141,74.125.103.22,DROP,8,,,,,0
889,1547836260,FW,http,69.131.48.55,74.125.103.22,ACCEPT,6,,,,,0
890,1547836260,FW,http,87.248.19.54,74.125.103.22,DROP,8,,,,,0
891,1547836260,WS,http,68.180.229.24,74.125.103.23,HEAD,2,,,,,0
892,1547836262,WS,http,209.131.30.197,74.125.103.23,PUT,9,,,,,0
893,1547836263,WS,http,68.180.229.24,74.125.105.30,GET,6,,,,,0
894,1547836264,FW,http,68.180.229.24,74.125.105.30,ACCEPT,4,,,,,0
895,1547836266,WS,http,69.39.124.52,74.125.103.23,PUT,4,,,,,0
896,1547836266,FW,ssh,87.180.187.123,74.125.103.25,ACCEPT,7,,,,,0
897,1547836266,FW,http,209.147.23.207,74.125.103.20,ACCEPT,9,,,,,0
898,1547836267,MS,smtp,209.131.42.163,74.125.103.24,QUIT,4,,,,,0
899,1547836268,MS,smtp,69.248.131.163,74.125.103.25,AUTH,1,,,,,0
900,1547836269,FW,ssh,69.147.79.252,74.125.103.21,ACCEPT,8,,,,,0
901,1547836270,WS,http,209.180.38.13,74.125.103.23,HEAD,2,,,,,0
902,1547836271,WS,http,209.180.38.13,74.125.105.30,GET,6,,,,,0
903,1547836271,FW,http,209.180.38.13,74.125.105.30,ACCEPT,4,,,,,0
904,1547836272,FW,smtp,68.180.218.210,74.125.103.25,ACCEPT,1,,,,,0
905,1547836275,MS,smtp,209.147.105.214,74.125.103.24,RSET,4,,,,,0
906,1547836276,WS,http,69.39.214.203,74.125.103.20,GET,5,,,,,61
907,1547836276,WS,http,68.147.202.135,74.125.103.20,OPTIONS,7,,,,,0
908,1547836277,FW,http,209.248.14.210,74.125.103.23,DROP,1,,,,,0
909,1547836277,WS,http,69.39.214.203,74.125.105.31,CONNECT,8,,,,,61
910,1547836278,MS,smtp,209.39.17.166,74.125.103.25,RCPT_TO,8,,,,,0
911,1547836278,WS,http,69.39.214.203,74.125.103.20,TRACE,6,,,,,61
912,1547836280,FW,ftp,209.131.25.112,74.125.105.31,ACCEPT,8,,,,,0
913,1547836280,MS,smtp,69.180.116.54,74.125.103.25,HELO,2,,,,,0
914,1547836280,FW,ssh,69.147.210.7,74.125.103.22,DROP,6,,,,,0
915,1547836281,WS,http,68.147.252.210,74.125.105.31,PUT,8,,,,,0
916,1547836283,FW,ftp,68.147.194.204,74.125.105.30,ACCEPT,4,,,,,0
917,1547836286,FW,smtp,209.180.58.51,74.125.103.24,ACCEPT,7,,,,,0
918,1547836286,WS,http,87.131.240.241,74.125.103.21,GET,1,,,,,0
919,1547836287,MS,smtp,209.147.105.214,74.125.103.25,NOOP,8,,,,,0
920,1547836288,WS,http,209.180.46.58,74.125.103.21,GET,9,,,,,0
921,1547836289,WS,http,68.131.2.202,74.125.103.23,GET,6,,,,,0
922,1547836289,WS,http,68.180.241.21,74.125.103.21,GET,9,,,,,0
923,1547836290,FW,ftp,87.131.253.92,74.125.103.25,DROP,8,,,,,0
924,1547836290,FW,http,216.248.138.151,74.125.105.31,DROP,9,,,,,0
925,1547836293,WS,http,68.39.198.244,74.125.103.20,GET,5,,,,,62
926,1547836293,WS,http,68.248.112.121,74.125.103.23,GET,3,,,,,0
927,1547836294,FW,ftp,68.131.243.52,74.125.103.25,ACCEPT,6,,,,,0
928,1547836295,FW,http,209.131.42.163,74.125.103.22,DROP,2,,,,,0
929,1547836295,WS,http,68.39.198.244,74.125.105.31,CONNECT,8,,,,,62
930,1547836295,WS,http,68.39.198.244,74.125.103.20,TRACE,6,,,,,62
931,1547836297,FW,smtp,68.147.22.19,74.125.103.25,DROP,7,,,,,0
932,1547836299,FW,http,69.180.41.245,74.125.103.21,DROP,9,,,,,0
933,1547836300,WS,http,209.131.151.132,74.125.105.30,CONNECT,4,,,,,0
934,1547836301,WS,http,69.180.41.245,74.125.103.20,OPTIONS,7,,,,,0
935,1547836303,FW,ssh,209.39.45.11,74.125.103.22,ACCEPT,10,,,,,0
936,1547836305,FW,smtp,69.180.41.245,74.125.103.25,ACCEPT,9,,,,,0
937,1547836305,WS,http,69.131.14.211,74.125.103.20,GET,5,,,,,63
938,1547836305,FW,ftp,69.147.151.42,74.125.105.30,DROP,10,,,,,0
939,1547836307,WS,http,87.180.93.106,74.125.105.31,GET,2,,,,,0
940,1547836308,WS,http,69.131.14.211,74.125.105.31,CONNECT,8,,,,,63
941,1547836309,WS,http,68.248.98.78,74.125.103.23,HEAD,2,,,,,0
942,1547836309,WS,http,87.147.60.18,74.125.103.21,GET,1,,,,,0
943,1547836309,WS,http,69.131.14.211,74.125.103.20,TRACE,6,,,,,63
944,1547836311,WS,http,68.248.98.78,74.125.105.30,GET,6,,,,,0
945,1547836312,FW,http,68.248.98.78,74.125.105.30,ACCEPT,4,,,,,0
946,1547836314,WS,http,209.147.176.42,74.125.103.23,HEAD,9,,,,,0
947,1547836315,MS,smtp,68.248.175.17,74.125.103.25,NOOP,2,,,,,0
948,1547836316,WS,http,209.39.17.166,74.125.103.23,TRACE,6,,,,,0
949,1547836319,MS,smtp,69.180.41.245,74.125.103.24,NOOP,1,,,,,0
950,1547836319,WS,http,68.180.52.141,74.125.103.20,HEAD,2,,,,,0
951,1547836321,MS,smtp,209.147.199.219,74.125.103.25,QUIT,7,,,,,0
952,1547836322,FW,smtp,87.147.127.81,74.125.103.25,ACCEPT,5,,,,,0
953,1547836323,WS,http,209.147.161.129,74.125.105.30,GET,4,,,,,0
954,1547836323,WS,http,209.131.209.23,74.125.103.20,GET,5,,,,,64
955,1547836323,WS,http,68.147.254.29,74.125.105.31,GET,3,,,,,0
956,1547836324,WS,http,209.180.11.171,74.125.103.22,GET,1,,,,,0
957,1547836326,FW,ssh,87.39.133.188,74.125.103.20,DROP,10,,,,,0
958,1547836326,WS,http,209.131.209.23,74.125.105.31,CONNECT,8,,,,,64
959,1547836327,WS,http,209.180.46.58,74.125.105.31,TRACE,6,,,,,0
960,1547836328,MS,smtp,87.131.31.152,74.125.103.24,EHLO,6,,,,,0
961,1547836330,FW,ssh,87.147.56.32,74.125.105.30,ACCEPT,9,,,,,0
962,1547836330,WS,http,209.131.209.23,74.125.103.20,TRACE,6,,,,,64
963,1547836330,WS,http,69.131.210.148,74.125.103.20,GET,5,,,,,65
964,1547836331,WS,http,209.180.46.58,74.125.103.20,GET,5,,,,,66
965,1547836332,WS,http,69.131.210.148,74.125.105.31,CONNECT,8,,,,,65
966,1547836333,WS,http,69.131.210.148,74.125.103.20,TRACE,6,,,,,65
967,1547836333,FW,http,87.147.62.42,74.125.105.30,ACCEPT,9,,,,,0
968,1547836336,WS,http,209.180.46.58,74.125.105.31,CONNECT,8,,,,,66
969,1547836336,WS,http,209.180.46.58,74.125.103.20,TRACE,6,,,,,66
970,1547836338,WS,http,216.180.125.11,74.125.103.23,HEAD,2,,,,,0
971,1547836340,WS,http,216.180.125.11,74.125.105.30,GET,6,,,,,0
972,1547836343,FW,ftp,68.180.3.41,74.125.103.23,ACCEPT,6,,,,,0
973,1547836344,FW,http,216.180.125.11,74.125.105.30,ACCEPT,4,,,,,0
974,1547836345,MS,smtp,87.147.117.128,74.125.103.25,HELO,1,,,,,0
975,1547836345,FW,ftp,69.147.217.234,74.125.103.20,ACCEPT,7,,,,,0
976,1547836346,FW,ftp,68.131.249.232,74.125.103.25,ACCEPT,3,,,,,0
977,1547836346,WS,http,87.180.86.208,74.125.103.22,CONNECT,7,,,,,0
978,1547836346,WS,http,68.248.211.164,74.125.103.22,GET,1,,,,,0
979,1547836348,FW,http,69.147.84.7,74.125.103.22,ACCEPT,8,,,,,0
980,1547836348,WS,http,69.39.186.174,74.125.103.22,GET,2,,,,,0
981,1547836349,FW,ssh,87.147.62.42,74.125.103.25,DROP,7,,,,,0
982,1547836350,WS,http,216.39.219.240,74.125.105.30,TRACE,8,,,,,0
983,1547836351,WS,http,69.180.95.187,74.125.105.30,POST,5,,,,,0
984,1547836352,WS,http,209.248.229.149,74.125.103.22,HEAD,1,,,,,0
985,1547836355,WS,http,87.180.86.208,74.125.103.23,GET,3,,,,,0
986,1547836356,FW,http,209.39.121.28,74.125.105.30,DROP,6,,,,,0
987,1547836357,MS,smtp,68.180.52.141,74.125.103.25,MAIL_FROM,2,,,,,0
988,1547836358,FW,http,209.248.229.149,74.125.103.23,ACCEPT,8,,,,,0
989,1547836360,MS,smtp,69.147.190.157,74.125.103.24,RSET,7,,,,,0
990,1547836363,WS,http,68.180.52.141,74.125.103.20,CONNECT,1,,,,,0
991,1547836363,FW,ftp,209.248.229.149,74.125.103.23,ACCEPT,3,,,,,0
992,1547836365,MS,smtp,68.180.52.141,74.125.103.25,QUIT,2,,,,,0
993,1547836366,WS,http,216.180.242.123,74.125.103.22,PUT,1,,,,,0
994,1547836366,WS,http,209.147.5.53,74.125.105.31,POST,5,,,,,0
995,1547836367,FW,http,209.131.101.49,74.125.105.31,ACCEPT,9,,,,,0
996,1547836368,FW,ftp,68.180.3.41,74.125.105.30,DROP,1,,,,,0
997,1547836370,WS,http,87.39.140.40,74.125.103.22,GET,6,,,,,0
998,1547836371,WS,http,216.180.59.242,74.125.103.23,TRACE,3,,,,,0
999,1547836371,WS,http,68.39.202.156,74.125.105.31,GET,9,,,,,0
