0,1547907422,WS,http,87.147.137.230,74.125.103.20,HEAD,2,,,,,0
1,1547907425,FW,http,209.180.78.229,74.125.103.21,ACCEPT,6,,,,,0
2,1547907426,MS,smtp,87.39.198.119,74.125.103.24,EHLO,7,,,,,0
3,1547907426,MS,smtp,209.131.201.152,74.125.103.25,QUIT,6,,,,,0
4,1547907427,FW,http,87.131.195.217,74.125.103.20,ACCEPT,1,,,,,0
5,1547907428,MS,smtp,216.131.220.32,74.125.103.24,MAIL_FROM,4,,,,,0
6,1547907428,FW,smtp,209.147.112.16,74.125.103.24,ACCEPT,4,,,,,0
7,1547907429,FW,http,69.147.93.200,74.125.103.21,DROP,1,,,,,0
8,1547907430,MS,smtp,68.147.71.45,74.125.103.25,NOOP,8,,,,,0
9,1547907432,WS,http,209.147.214.58,74.125.103.21,HEAD,4,,,,,0
10,1547907432,MS,smtp,216.248.41.175,74.125.103.25,EHLO,1,,,,,0
11,1547907433,WS,http,68.147.37.167,74.125.105.31,GET,5,,,,,0
12,1547907433,WS,http,87.147.72.77,74.125.105.30,TRACE,1,,,,,0
13,1547907434,WS,http,87.147.9.157,74.125.103.22,OPTIONS,3,,,,,0
14,1547907436,MS,smtp,87.147.72.77,74.125.103.25,AUTH,8,,,,,0
15,1547907438,MS,smtp,87.147.9.157,74.125.103.25,NOOP,6,,,,,0
16,1547907440,FW,http,87.147.9.157,74.125.103.20,ACCEPT,9,,,,,0
17,1547907441,WS,http,87.147.72.77,74.125.105.31,GET,1,,,,,0
18,1547907441,MS,smtp,209.147.158.171,74.125.103.24,AUTH,4,,,,,0
19,1547907442,FW,ftp,68.131.189.41,74.125.105.30,DROP,3,,,,,0
20,1547907442,FW,http,68.248.24.16,74.125.103.22,ACCEPT,8,,,,,0
21,1547907442,WS,http,87.180.156.157,74.125.103.23,GET,1,,,,,0
22,1547907445,WS,http,216.248.66.34,74.125.103.20,CONNECT,9,,,,,0
23,1547907446,WS,http,216.248.66.34,74.125.103.23,GET,1,,,,,0
24,1547907446,WS,http,87.39.151.130,74.125.103.23,CONNECT,9,,,,,0
25,1547907447,WS,http,87.39.198.119,74.125.105.31,PUT,5,,,,,0
26,1547907447,WS,http,87.39.5.41,74.125.103.20,CONNECT,6,,,,,0
27,1547907448,WS,http,69.180.57.110,74.125.103.22,CONNECT,1,,,,,0
28,1547907449,MS,smtp,69.147.239.159,74.125.103.24,DATA,5,,,,,0
29,1547907450,MS,smtp,87.147.125.96,74.125.103.24,RSET,7,,,,,0
30,1547907451,MS,smtp,216.248.183.242,74.125.103.24,DATA,6,,,,,0
31,1547907451,FW,http,68.180.239.5,74.125.103.21,DROP,1,,,,,0
32,1547907452,FW,http,87.39.198.119,74.125.105.31,ACCEPT,3,,,,,0
33,1547907454,MS,smtp,209.248.104.222,74.125.103.24,AUTH,5,,,,,0
34,1547907455,WS,http,87.39.182.133,74.125.105.31,PUT,6,,,,,0
35,1547907456,WS,http,68.39.149.104,74.125.105.31,POST,9,,,,,0
36,1547907456,MS,smtp,216.248.183.242,74.125.103.24,QUIT,2,,,,,0
37,1547907458,FW,ftp,87.248.82.202,74.125.103.25,ACCEPT,8,,,,,0
38,1547907458,MS,smtp,68.147.71.45,74.125.103.25,EHLO,4,,,,,0
39,1547907459,MS,smtp,209.131.160.7,74.125.103.24,DATA,5,,,,,0
40,1547907461,WS,http,69.147.186.37,74.125.105.30,PUT,9,,,,,0
41,1547907461,WS,http,69.180.6.117,74.125.103.20,OPTIONS,1,,,,,0
42,1547907462,WS,http,87.180.104.19,74.125.103.21,GET,8,,,,,0
43,1547907463,FW,http,87.131.141.246,74.125.103.20,DROP,5,,,,,0
44,1547907466,WS,http,68.248.9.134,74.125.105.31,HEAD,6,,,,,0
45,1547907468,WS,http,68.147.122.136,74.125.103.23,GET,8,,,,,0
46,1547907469,WS,http,68.131.150.134,74.125.103.21,GET,2,,,,,0
47,1547907470,FW,http,209.248.57.112,74.125.105.31,DROP,8,,,,,0
48,1547907472,FW,ftp,69.180.225.204,74.125.103.21,DROP,3,,,,,0
49,1547907473,FW,http,69.248.217.150,74.125.103.23,ACCEPT,9,,,,,0
50,1547907476,MS,smtp,216.248.102.113,74.125.103.24,DATA,3,,,,,0
51,1547907476,FW,http,69.248.217.150,74.125.103.21,ACCEPT,2,,,,,0
52,1547907477,MS,smtp,87.147.72.77,74.125.103.25,MAIL_FROM,9,,,,,0
53,1547907477,FW,http,69.131.6.223,74.125.103.23,ACCEPT,7,,,,,0
54,1547907479,WS,http,216.131.131.252,74.125.103.21,POST,7,,,,,0
55,1547907480,WS,http,87.131.21.202,74.125.105.30,TRACE,1,,,,,0
56,1547907481,WS,http,87.180.104.19,74.125.103.22,HEAD,9,,,,,0
57,1547907481,WS,http,87.131.141.246,74.125.103.23,POST,9,,,,,0
58,1547907484,WS,http,216.248.176.27,74.125.103.20,CONNECT,6,,,,,0
59,1547907486,FW,smtp,209.39.92.208,74.125.103.24,ACCEPT,6,,,,,0
60,1547907486,FW,ftp,216.248.176.27,74.125.103.24,ACCEPT,3,,,,,0
61,1547907488,FW,ssh,216.39.228.62,74.125.103.21,ACCEPT,1,,,,,0
62,1547907490,FW,http,216.248.176.27,74.125.103.20,ACCEPT,5,,,,,0
63,1547907490,FW,ssh,209.39.65.181,74.125.103.22,ACCEPT,5,,,,,0
64,1547907490,WS,http,69.180.197.248,74.125.103.21,TRACE,6,,,,,0
65,1547907492,MS,smtp,87.147.90.183,74.125.103.24,RCPT_TO,1,,,,,0
66,1547907492,FW,smtp,216.131.186.242,74.125.103.25,DROP,3,,,,,0
67,1547907492,MS,smtp,69.147.93.200,74.125.103.24,HELO,6,,,,,0
68,1547907492,WS,http,68.147.242.144,74.125.103.22,GET,5,,,,,0
69,1547907493,FW,http,69.248.92.51,74.125.103.21,ACCEPT,4,,,,,0
70,1547907494,FW,http,69.39.66.133,74.125.103.23,ACCEPT,5,,,,,0
71,1547907496,WS,http,69.248.139.227,74.125.103.23,CONNECT,4,,,,,0
72,1547907497,FW,ftp,69.39.127.235,74.125.103.20,ACCEPT,4,,,,,0
73,1547907499,WS,http,87.248.209.148,74.125.105.30,PUT,7,,,,,0
74,1547907499,WS,http,216.147.118.63,74.125.103.21,GET,1,,,,,0
75,1547907499,MS,smtp,68.248.120.75,74.125.103.24,RSET,9,,,,,0
76,1547907499,WS,http,209.39.150.136,74.125.103.20,CONNECT,6,,,,,0
77,1547907501,FW,ftp,68.147.144.126,74.125.105.31,DROP,5,,,,,0
78,1547907501,WS,http,69.131.185.222,74.125.105.30,GET,4,,,,,0
79,1547907503,FW,ssh,69.39.23.45,74.125.103.21,DROP,1,,,,,0
80,1547907503,FW,ftp,209.39.150.136,74.125.103.24,ACCEPT,3,,,,,0
81,1547907503,MS,smtp,69.147.149.175,74.125.103.24,SEND,3,,,,,0
82,1547907503,FW,http,87.39.251.241,74.125.105.31,DROP,7,,,,,0
83,1547907503,WS,http,216.147.250.6,74.125.103.20,TRACE,6,,,,,0
84,1547907504,FW,http,209.39.150.136,74.125.103.20,ACCEPT,5,,,,,0
85,1547907504,FW,http,69.39.163.177,74.125.103.21,DROP,6,,,,,0
86,1547907504,FW,smtp,68.131.144.118,74.125.103.24,DROP,7,,,,,0
87,1547907505,FW,smtp,209.131.246.89,74.125.103.24,DROP,9,,,,,0
88,1547907506,FW,smtp,69.131.85.183,74.125.103.24,DROP,8,,,,,0
89,1547907506,WS,http,69.147.59.22,74.125.103.20,TRACE,7,,,,,0
90,1547907509,MS,smtp,87.131.80.102,74.125.103.25,RCPT_TO,1,,,,,0
91,1547907511,WS,http,209.131.238.213,74.125.103.22,OPTIONS,3,,,,,0
92,1547907511,WS,http,87.131.188.66,74.125.105.31,TRACE,4,,,,,0
93,1547907511,WS,http,69.147.235.168,74.125.105.30,PUT,2,,,,,0
94,1547907513,MS,smtp,209.131.238.213,74.125.103.25,NOOP,6,,,,,0
95,1547907514,FW,http,209.131.238.213,74.125.103.20,ACCEPT,9,,,,,0
96,1547907514,MS,smtp,69.131.16.151,74.125.103.24,NOOP,5,,,,,0
97,1547907514,WS,http,87.180.104.19,74.125.105.31,GET,9,,,,,0
98,1547907514,FW,ftp,68.131.139.104,74.125.105.31,ACCEPT,6,,,,,0
99,1547907515,FW,http,69.147.239.159,74.125.103.23,ACCEPT,1,,,,,0
100,1547907517,FW,smtp,68.180.54.154,74.125.103.24,ACCEPT,1,,,,,0
101,1547907517,FW,ftp,209.131.201.152,74.125.103.22,ACCEPT,6,,,,,0
102,1547907518,FW,http,68.39.16.9,74.125.103.23,DROP,10,,,,,0
103,1547907520,WS,http,69.39.32.240,74.125.105.31,HEAD,6,,,,,0
104,1547907520,FW,http,209.39.89.56,74.125.103.23,ACCEPT,5,,,,,0
105,1547907522,FW,http,87.147.211.94,74.125.103.21,ACCEPT,10,,,,,0
106,1547907522,FW,ftp,68.180.239.5,74.125.103.24,ACCEPT,1,,,,,0
107,1547907525,WS,http,216.131.74.29,74.125.103.22,HEAD,7,,,,,0
108,1547907526,FW,ftp,209.131.154.162,74.125.103.25,ACCEPT,9,,,,,0
109,1547907527,FW,ftp,216.39.200.252,74.125.103.24,ACCEPT,6,,,,,0
110,1547907527,MS,smtp,87.39.251.241,74.125.103.24,NOOP,8,,,,,0
111,1547907528,MS,smtp,216.39.225.201,74.125.103.25,EHLO,6,,,,,0
112,1547907528,WS,http,69.147.81.17,74.125.103.22,GET,9,,,,,0
113,1547907529,MS,smtp,69.248.36.113,74.125.103.25,RCPT_TO,7,,,,,0
114,1547907530,FW,http,87.131.167.134,74.125.103.23,DROP,5,,,,,0
115,1547907530,FW,ssh,87.248.28.204,74.125.103.24,ACCEPT,2,,,,,0
116,1547907530,MS,smtp,69.131.193.227,74.125.103.25,MAIL_FROM,3,,,,,0
117,1547907531,FW,ftp,69.131.16.151,74.125.103.21,DROP,10,,,,,0
118,1547907531,WS,http,216.39.239.139,74.125.103.21,HEAD,5,,,,,0
119,1547907531,FW,ftp,68.180.196.140,74.125.103.25,ACCEPT,5,,,,,0
120,1547907533,WS,http,69.147.93.200,74.125.105.30,TRACE,1,,,,,0
121,1547907535,FW,http,216.180.242.5,74.125.103.21,DROP,10,,,,,0
122,1547907536,MS,smtp,69.147.93.200,74.125.103.25,AUTH,8,,,,,0
123,1547907538,FW,http,209.180.167.126,74.125.103.21,ACCEPT,10,,,,,0
124,1547907539,MS,smtp,69.39.207.253,74.125.103.25,AUTH,4,,,,,0
125,1547907540,FW,ssh,69.147.235.168,74.125.105.31,ACCEPT,3,,,,,0
126,1547907540,WS,http,69.147.93.200,74.125.105.31,GET,1,,,,,0
127,1547907541,FW,ftp,216.180.202.142,74.125.103.25,DROP,7,,,,,0
128,1547907542,MS,smtp,69.131.193.227,74.125.103.24,MAIL_FROM,6,,,,,0
129,1547907543,FW,http,87.248.28.204,74.125.103.23,ACCEPT,10,,,,,0
130,1547907544,WS,http,68.248.16.220,74.125.105.31,GET,5,,,,,0
131,1547907545,MS,smtp,68.131.144.129,74.125.103.24,QUIT,3,,,,,0
132,1547907546,WS,http,216.180.221.147,74.125.105.31,POST,8,,,,,0
133,1547907547,WS,http,68.39.155.104,74.125.103.23,POST,5,,,,,0
134,1547907548,FW,smtp,68.180.25.89,74.125.103.24,DROP,8,,,,,0
135,1547907550,MS,smtp,68.180.174.217,74.125.103.25,DATA,4,,,,,0
136,1547907551,FW,ftp,87.39.5.41,74.125.103.21,DROP,2,,,,,0
137,1547907551,FW,ftp,209.131.236.77,74.125.103.24,ACCEPT,1,,,,,0
138,1547907552,WS,http,69.39.76.212,74.125.103.20,TRACE,3,,,,,0
139,1547907553,WS,http,87.147.7.51,74.125.103.20,POST,8,,,,,0
140,1547907554,WS,http,209.147.204.235,74.125.105.31,CONNECT,4,,,,,0
141,1547907555,WS,http,69.248.36.113,74.125.103.23,GET,5,,,,,0
142,1547907556,MS,smtp,68.147.119.92,74.125.103.25,SEND,7,,,,,0
143,1547907557,MS,smtp,69.180.139.115,74.125.103.25,NOOP,3,,,,,0
144,1547907560,FW,http,87.248.30.65,74.125.103.22,ACCEPT,4,,,,,0
145,1547907560,FW,ftp,87.147.84.154,74.125.103.24,ACCEPT,3,,,,,0
146,1547907560,MS,smtp,209.180.201.189,74.125.103.25,NOOP,2,,,,,0
147,1547907560,WS,http,69.39.71.204,74.125.105.31,CONNECT,8,,,,,0
148,1547907561,WS,http,87.147.137.230,74.125.103.22,OPTIONS,5,,,,,0
149,1547907563,WS,http,216.39.161.207,74.125.103.23,PUT,3,,,,,0
150,1547907565,WS,http,68.39.138.144,74.125.103.22,OPTIONS,4,,,,,0
151,1547907567,MS,smtp,69.131.209.127,74.125.103.25,SEND,2,,,,,0
152,1547907567,MS,smtp,69.131.224.3,74.125.103.24,HELO,1,,,,,0
153,1547907567,FW,http,69.147.116.248,74.125.103.22,DROP,8,,,,,0
154,1547907568,FW,http,209.147.211.97,74.125.105.31,ACCEPT,3,,,,,0
155,1547907569,FW,ssh,68.248.24.16,74.125.103.24,ACCEPT,6,,,,,0
156,1547907569,WS,http,69.180.160.107,74.125.105.30,TRACE,1,,,,,0
157,1547907571,MS,smtp,69.39.127.235,74.125.103.24,DATA,1,,,,,0
158,1547907571,FW,ftp,216.131.3.65,74.125.103.24,ACCEPT,5,,,,,0
159,1547907572,FW,ftp,69.180.49.28,74.125.103.25,ACCEPT,4,,,,,0
160,1547907574,FW,ftp,69.131.209.127,74.125.103.21,DROP,8,,,,,0
161,1547907575,WS,http,68.248.246.182,74.125.105.31,POST,9,,,,,0
162,1547907575,FW,http,216.248.39.17,74.125.105.30,ACCEPT,3,,,,,0
163,1547907576,WS,http,68.180.157.179,74.125.105.30,GET,8,,,,,0
164,1547907577,FW,ftp,209.147.165.197,74.125.105.31,ACCEPT,1,,,,,0
165,1547907579,FW,http,216.39.78.50,74.125.103.21,ACCEPT,5,,,,,0
166,1547907579,MS,smtp,68.131.89.175,74.125.103.24,SEND,5,,,,,0
167,1547907579,FW,smtp,209.147.19.173,74.125.103.25,DROP,5,,,,,0
168,1547907580,FW,http,216.248.183.242,74.125.105.31,DROP,8,,,,,0
169,1547907580,FW,http,68.248.56.166,74.125.105.30,ACCEPT,7,,,,,0
170,1547907580,MS,smtp,69.147.239.159,74.125.103.24,SEND,6,,,,,0
171,1547907580,WS,http,209.147.158.171,74.125.103.21,POST,4,,,,,0
172,1547907582,WS,http,68.180.146.150,74.125.103.21,PUT,8,,,,,0
173,1547907583,FW,ftp,209.39.67.106,74.125.103.25,DROP,4,,,,,0
174,1547907584,FW,ftp,87.180.133.176,74.125.103.20,ACCEPT,1,,,,,0
175,1547907585,WS,http,209.147.211.97,74.125.103.21,POST,6,,,,,0
176,1547907586,WS,http,87.147.72.77,74.125.103.22,OPTIONS,3,,,,,0
177,1547907586,MS,smtp,69.180.84.245,74.125.103.25,NOOP,6,,,,,0
178,1547907587,WS,http,209.147.19.173,74.125.105.30,CONNECT,6,,,,,0
179,1547907588,WS,http,69.131.137.120,74.125.103.22,OPTIONS,3,,,,,0
180,1547907590,MS,smtp,68.39.189.218,74.125.103.25,EHLO,5,,,,,0
181,1547907590,MS,smtp,69.131.137.120,74.125.103.25,NOOP,6,,,,,0
182,1547907591,WS,http,68.180.77.216,74.125.105.31,GET,9,,,,,0
183,1547907593,WS,http,68.180.9.185,74.125.105.30,GET,8,,,,,0
184,1547907594,FW,http,69.131.137.120,74.125.103.20,ACCEPT,9,,,,,0
185,1547907596,WS,http,209.180.161.158,74.125.103.21,GET,8,,,,,0
186,1547907596,FW,http,69.39.142.95,74.125.103.20,DROP,7,,,,,0
187,1547907598,FW,smtp,209.147.238.122,74.125.103.25,DROP,5,,,,,0
188,1547907599,WS,http,216.39.161.207,74.125.105.30,TRACE,1,,,,,0
189,1547907602,MS,smtp,216.39.161.207,74.125.103.25,AUTH,8,,,,,0
190,1547907602,FW,smtp,209.147.238.122,74.125.103.25,DROP,8,,,,,0
191,1547907604,WS,http,87.180.237.162,74.125.103.22,GET,8,,,,,0
192,1547907607,WS,http,216.39.161.207,74.125.105.31,GET,1,,,,,0
193,1547907609,WS,http,209.147.238.122,74.125.103.23,HEAD,2,,,,,0
194,1547907611,FW,http,69.248.92.51,74.125.103.23,ACCEPT,7,,,,,0
195,1547907613,WS,http,68.147.242.144,74.125.103.22,GET,1,,,,,0
196,1547907616,MS,smtp,216.248.66.34,74.125.103.25,RSET,8,,,,,0
197,1547907616,FW,ftp,87.180.133.176,74.125.105.30,ACCEPT,7,,,,,0
198,1547907618,FW,ftp,216.147.147.148,74.125.103.21,DROP,8,,,,,0
199,1547907621,FW,http,216.248.39.17,74.125.103.21,ACCEPT,5,,,,,0
200,1547907624,FW,ftp,216.131.152.199,74.125.105.30,ACCEPT,1,,,,,0
201,1547907624,WS,http,87.39.182.133,74.125.103.22,GET,9,,,,,0
202,1547907624,WS,http,87.147.78.15,74.125.105.31,GET,9,,,,,0
203,1547907625,FW,ftp,216.39.228.62,74.125.103.21,ACCEPT,6,,,,,0
204,1547907626,FW,ssh,69.180.126.7,74.125.105.30,ACCEPT,2,,,,,0
205,1547907629,FW,smtp,69.131.16.151,74.125.103.25,DROP,5,,,,,0
206,1547907631,FW,http,68.180.71.219,74.125.103.22,ACCEPT,3,,,,,0
207,1547907631,WS,http,69.39.249.185,74.125.105.30,GET,9,,,,,0
208,1547907634,MS,smtp,216.39.161.207,74.125.103.24,AUTH,5,,,,,0
209,1547907636,WS,http,69.180.126.7,74.125.105.31,GET,9,,,,,0
210,1547907638,WS,http,87.39.127.204,74.125.105.31,HEAD,1,,,,,0
211,1547907638,MS,smtp,87.131.195.217,74.125.103.25,HELO,4,,,,,0
212,1547907641,MS,smtp,87.39.251.241,74.125.103.25,EHLO,6,,,,,0
213,1547907642,MS,smtp,209.39.37.27,74.125.103.24,EHLO,5,,,,,0
214,1547907643,WS,http,87.39.182.133,74.125.103.21,TRACE,2,,,,,0
215,1547907643,WS,http,216.180.137.105,74.125.105.31,PUT,4,,,,,0
216,1547907645,FW,ftp,216.39.196.21,74.125.103.25,DROP,3,,,,,0
217,1547907646,FW,ssh,68.248.187.77,74.125.103.22,ACCEPT,1,,,,,0
218,1547907646,WS,http,209.39.67.106,74.125.103.21,TRACE,2,,,,,0
219,1547907646,FW,http,216.131.74.29,74.125.105.31,DROP,7,,,,,0
220,1547907649,WS,http,87.147.90.183,74.125.105.30,PUT,2,,,,,0
221,1547907651,MS,smtp,209.180.172.160,74.125.103.24,EHLO,8,,,,,0
222,1547907652,FW,smtp,87.131.21.202,74.125.103.24,ACCEPT,5,,,,,0
223,1547907653,FW,ftp,216.39.78.50,74.125.103.20,DROP,3,,,,,0
224,1547907654,FW,http,209.180.254.183,74.125.103.23,DROP,5,,,,,0
225,1547907655,FW,ftp,69.39.87.158,74.125.103.20,DROP,8,,,,,0
226,1547907656,FW,ssh,209.131.20.238,74.125.103.23,ACCEPT,9,,,,,0
227,1547907657,FW,ftp,68.248.9.134,74.125.103.22,DROP,1,,,,,0
228,1547907657,WS,http,68.180.174.80,74.125.103.20,GET,7,,,,,0
229,1547907657,FW,smtp,69.147.81.17,74.125.103.24,DROP,5,,,,,0
230,1547907658,WS,http,69.180.197.248,74.125.103.23,GET,5,,,,,0
231,1547907661,FW,http,68.147.7.121,74.125.103.23,DROP,7,,,,,0
232,1547907662,MS,smtp,216.180.137.105,74.125.103.25,AUTH,9,,,,,0
233,1547907663,FW,ssh,216.131.214.78,74.125.103.20,ACCEPT,5,,,,,0
234,1547907665,FW,smtp,216.180.221.147,74.125.103.25,DROP,5,,,,,0
235,1547907666,WS,http,69.147.42.133,74.125.105.31,GET,5,,,,,0
236,1547907666,WS,http,69.248.200.103,74.125.105.31,PUT,8,,,,,0
237,1547907666,FW,smtp,216.180.221.147,74.125.103.25,DROP,8,,,,,0
238,1547907666,MS,smtp,68.248.172.33,74.125.103.25,NOOP,9,,,,,0
239,1547907667,WS,http,216.180.221.147,74.125.103.23,HEAD,2,,,,,0
240,1547907667,WS,http,87.131.195.217,74.125.103.23,GET,1,,,,,0
241,1547907669,FW,ftp,68.180.71.219,74.125.103.25,ACCEPT,3,,,,,0
242,1547907669,WS,http,69.39.76.212,74.125.103.23,TRACE,5,,,,,0
243,1547907671,WS,http,209.39.37.27,74.125.103.21,GET,9,,,,,0
244,1547907672,MS,smtp,87.248.138.185,74.125.103.24,EHLO,9,,,,,0
245,1547907674,WS,http,68.180.71.219,74.125.103.21,TRACE,4,,,,,0
246,1547907675,WS,http,68.180.71.219,74.125.103.22,POST,9,,,,,0
247,1547907675,FW,ssh,69.180.57.110,74.125.103.20,ACCEPT,9,,,,,0
248,1547907675,FW,ssh,68.248.216.186,74.125.103.21,ACCEPT,2,,,,,0
249,1547907677,WS,http,216.131.131.252,74.125.103.20,OPTIONS,3,,,,,0
250,1547907677,WS,http,68.147.125.84,74.125.103.21,GET,9,,,,,0
251,1547907680,WS,http,209.248.104.222,74.125.103.20,CONNECT,6,,,,,0
252,1547907681,FW,ftp,209.248.104.222,74.125.103.24,ACCEPT,3,,,,,0
253,1547907682,FW,http,209.248.104.222,74.125.103.20,ACCEPT,5,,,,,0
254,1547907685,FW,http,209.131.201.152,74.125.103.22,ACCEPT,9,,,,,0
255,1547907686,MS,smtp,216.147.38.231,74.125.103.25,SEND,2,,,,,0
256,1547907686,MS,smtp,87.147.222.231,74.125.103.25,EHLO,8,,,,,0
257,1547907688,FW,http,69.147.173.208,74.125.105.31,DROP,7,,,,,0
258,1547907688,WS,http,216.131.141.217,74.125.105.30,TRACE,1,,,,,0
259,1547907689,MS,smtp,69.147.96.122,74.125.103.24,AUTH,8,,,,,0
260,1547907691,WS,http,68.39.149.104,74.125.105.31,HEAD,6,,,,,0
261,1547907692,WS,http,209.180.167.126,74.125.103.22,OPTIONS,6,,,,,0
262,1547907693,MS,smtp,69.131.193.227,74.125.103.25,HELO,8,,,,,0
263,1547907695,MS,smtp,68.248.172.33,74.125.103.24,SEND,6,,,,,0
264,1547907697,MS,smtp,209.147.236.112,74.125.103.24,NOOP,9,,,,,0
265,1547907697,FW,http,69.39.66.133,74.125.103.23,ACCEPT,2,,,,,0
266,1547907698,MS,smtp,209.39.92.208,74.125.103.24,RCPT_TO,3,,,,,0
267,1547907701,WS,http,69.39.163.177,74.125.105.30,OPTIONS,1,,,,,0
268,1547907702,FW,http,68.180.6.11,74.125.105.31,ACCEPT,4,,,,,0
269,1547907703,WS,http,69.147.100.242,74.125.103.20,CONNECT,6,,,,,0
270,1547907704,FW,ftp,69.147.100.242,74.125.103.24,ACCEPT,3,,,,,0
271,1547907705,FW,ftp,68.131.231.60,74.125.105.31,ACCEPT,10,,,,,0
272,1547907707,WS,http,209.180.172.160,74.125.103.23,GET,4,,,,,0
273,1547907707,FW,http,69.147.100.242,74.125.103.20,ACCEPT,5,,,,,0
274,1547907708,WS,http,68.248.146.194,74.125.103.20,CONNECT,4,,,,,0
275,1547907708,WS,http,216.147.38.231,74.125.103.20,OPTIONS,9,,,,,0
276,1547907708,WS,http,216.248.41.175,74.125.103.23,PUT,9,,,,,0
277,1547907709,FW,ssh,87.147.78.15,74.125.103.21,ACCEPT,3,,,,,0
278,1547907709,WS,http,68.180.54.154,74.125.103.22,PUT,2,,,,,0
279,1547907710,FW,http,68.131.189.41,74.125.103.20,ACCEPT,9,,,,,0
280,1547907710,MS,smtp,216.131.220.32,74.125.103.24,DATA,5,,,,,0
281,1547907712,FW,http,69.39.207.253,74.125.103.22,DROP,10,,,,,0
282,1547907713,FW,http,69.147.16.149,74.125.103.20,ACCEPT,1,,,,,0
283,1547907714,WS,http,68.131.57.243,74.125.105.30,CONNECT,6,,,,,0
284,1547907714,WS,http,68.39.149.104,74.125.105.31,HEAD,6,,,,,0
285,1547907716,WS,http,216.147.115.231,74.125.103.20,POST,2,,,,,0
286,1547907717,FW,http,216.39.225.201,74.125.103.21,DROP,1,,,,,0
287,1547907719,WS,http,69.147.128.107,74.125.103.21,PUT,7,,,,,0
288,1547907721,FW,ssh,68.131.203.109,74.125.105.31,DROP,4,,,,,0
289,1547907721,WS,http,68.131.38.103,74.125.105.30,HEAD,2,,,,,0
290,1547907722,FW,http,87.39.251.241,74.125.103.21,DROP,2,,,,,0
291,1547907724,MS,smtp,209.147.204.235,74.125.103.24,QUIT,8,,,,,0
292,1547907727,WS,http,69.147.173.208,74.125.103.22,GET,5,,,,,0
293,1547907729,FW,smtp,87.147.90.183,74.125.103.25,ACCEPT,10,,,,,0
294,1547907729,MS,smtp,68.180.6.11,74.125.103.24,RCPT_TO,7,,,,,0
295,1547907729,FW,ftp,68.180.157.179,74.125.105.30,ACCEPT,8,,,,,0
296,1547907731,FW,ssh,69.147.173.208,74.125.105.31,ACCEPT,7,,,,,0
297,1547907734,FW,smtp,68.180.239.5,74.125.103.25,DROP,7,,,,,0
298,1547907735,FW,http,69.147.173.208,74.125.105.30,ACCEPT,1,,,,,0
299,1547907735,MS,smtp,68.180.196.140,74.125.103.24,SEND,3,,,,,0
300,1547907735,WS,http,209.180.167.126,74.125.103.21,HEAD,5,,,,,0
301,1547907735,FW,smtp,216.180.97.86,74.125.103.25,DROP,5,,,,,0
302,1547907735,FW,smtp,216.180.97.86,74.125.103.25,DROP,8,,,,,0
303,1547907737,FW,http,209.147.112.16,74.125.105.31,ACCEPT,8,,,,,0
304,1547907739,FW,ftp,216.180.202.142,74.125.103.23,ACCEPT,5,,,,,0
305,1547907740,WS,http,216.180.97.86,74.125.103.23,HEAD,2,,,,,0
306,1547907740,WS,http,216.147.42.143,74.125.103.21,GET,9,,,,,0
307,1547907741,WS,http,216.248.87.95,74.125.103.20,GET,5,,,,,0
308,1547907742,FW,ftp,68.180.20.148,74.125.103.24,ACCEPT,3,,,,,0
309,1547907742,MS,smtp,87.131.80.102,74.125.103.24,QUIT,4,,,,,0
310,1547907745,WS,http,216.147.102.18,74.125.103.21,PUT,9,,,,,0
311,1547907745,FW,http,209.131.195.181,74.125.103.21,ACCEPT,5,,,,,0
312,1547907747,MS,smtp,68.131.89.175,74.125.103.24,MAIL_FROM,5,,,,,0
313,1547907747,MS,smtp,87.147.72.77,74.125.103.24,RCPT_TO,2,,,,,0
314,1547907748,WS,http,209.131.236.77,74.125.105.31,HEAD,4,,,,,0
315,1547907748,WS,http,209.147.19.173,74.125.103.23,OPTIONS,1,,,,,0
316,1547907750,MS,smtp,68.39.149.104,74.125.103.24,RCPT_TO,1,,,,,0
317,1547907751,MS,smtp,69.131.6.223,74.125.103.25,HELO,6,,,,,0
318,1547907752,WS,http,68.180.196.140,74.125.103.23,HEAD,5,,,,,0
319,1547907753,WS,http,87.180.134.216,74.125.105.30,PUT,3,,,,,0
320,1547907753,WS,http,68.131.38.103,74.125.103.23,POST,8,,,,,0
321,1547907755,FW,http,216.39.200.252,74.125.103.20,ACCEPT,6,,,,,0
322,1547907755,FW,http,68.39.189.218,74.125.105.31,DROP,4,,,,,0
323,1547907755,MS,smtp,87.147.211.94,74.125.103.25,EHLO,9,,,,,0
324,1547907756,MS,smtp,87.131.80.102,74.125.103.24,MAIL_FROM,2,,,,,0
325,1547907759,WS,http,209.147.53.115,74.125.103.21,CONNECT,6,,,,,0
326,1547907761,FW,http,87.248.30.65,74.125.105.30,ACCEPT,4,,,,,0
327,1547907763,WS,http,216.131.186.242,74.125.105.31,HEAD,9,,,,,0
328,1547907764,FW,http,216.39.161.207,74.125.105.31,ACCEPT,10,,,,,0
329,1547907765,WS,http,216.147.167.23,74.125.103.20,PUT,1,,,,,0
330,1547907768,FW,smtp,87.147.84.154,74.125.103.25,DROP,5,,,,,0
331,1547907769,WS,http,69.147.128.107,74.125.105.31,POST,5,,,,,0
332,1547907772,MS,smtp,87.248.28.204,74.125.103.24,MAIL_FROM,6,,,,,0
333,1547907775,MS,smtp,69.180.126.7,74.125.103.24,AUTH,1,,,,,0
334,1547907776,FW,smtp,87.147.84.154,74.125.103.25,DROP,8,,,,,0
335,1547907777,WS,http,68.147.119.92,74.125.103.20,GET,9,,,,,0
336,1547907777,WS,http,216.131.131.252,74.125.103.21,PUT,9,,,,,0
337,1547907779,WS,http,216.147.90.129,74.125.105.31,HEAD,9,,,,,0
338,1547907780,WS,http,87.147.84.154,74.125.103.23,HEAD,2,,,,,0
339,1547907780,FW,ftp,87.180.156.157,74.125.103.24,DROP,5,,,,,0
340,1547907780,MS,smtp,69.39.32.240,74.125.103.24,QUIT,4,,,,,0
341,1547907780,FW,ftp,87.180.145.29,74.125.103.22,DROP,7,,,,,0
342,1547907780,WS,http,87.39.134.161,74.125.103.22,GET,6,,,,,0
343,1547907781,WS,http,69.180.250.178,74.125.105.30,HEAD,5,,,,,0
344,1547907782,WS,http,68.131.89.175,74.125.105.30,TRACE,3,,,,,0
345,1547907783,FW,ftp,87.180.5.242,74.125.103.25,ACCEPT,3,,,,,0
346,1547907784,WS,http,209.131.246.89,74.125.103.21,POST,7,,,,,0
347,1547907784,FW,ftp,216.147.90.129,74.125.103.20,DROP,7,,,,,0
348,1547907786,WS,http,87.180.5.242,74.125.103.21,TRACE,4,,,,,0
349,1547907786,FW,smtp,69.39.207.253,74.125.103.25,DROP,5,,,,,0
350,1547907787,MS,smtp,216.39.57.133,74.125.103.25,NOOP,8,,,,,0
351,1547907787,FW,smtp,69.39.207.253,74.125.103.25,DROP,8,,,,,0
352,1547907788,WS,http,87.180.5.242,74.125.103.22,POST,9,,,,,0
353,1547907789,FW,ftp,68.248.217.40,74.125.103.25,DROP,3,,,,,0
354,1547907790,FW,http,216.248.176.27,74.125.103.22,DROP,10,,,,,0
355,1547907790,WS,http,69.39.207.253,74.125.103.23,HEAD,2,,,,,0
356,1547907792,WS,http,69.147.186.37,74.125.103.20,GET,3,,,,,0
357,1547907792,FW,smtp,209.248.223.29,74.125.103.25,DROP,5,,,,,0
358,1547907792,WS,http,68.39.52.201,74.125.105.30,TRACE,1,,,,,0
359,1547907793,FW,smtp,209.248.223.29,74.125.103.25,DROP,8,,,,,0
360,1547907794,MS,smtp,68.39.52.201,74.125.103.25,AUTH,8,,,,,0
361,1547907794,WS,http,209.248.223.29,74.125.103.23,HEAD,2,,,,,0
362,1547907795,WS,http,216.39.47.251,74.125.103.20,OPTIONS,7,,,,,0
363,1547907796,MS,smtp,69.147.239.159,74.125.103.25,RCPT_TO,1,,,,,0
364,1547907797,WS,http,68.39.52.201,74.125.105.31,GET,1,,,,,0
365,1547907798,FW,http,209.180.147.109,74.125.103.22,DROP,4,,,,,0
366,1547907799,WS,http,69.39.249.185,74.125.103.20,OPTIONS,8,,,,,0
367,1547907799,MS,smtp,209.131.125.206,74.125.103.24,AUTH,5,,,,,0
368,1547907799,FW,http,69.147.100.242,74.125.103.21,ACCEPT,3,,,,,0
369,1547907799,WS,http,209.147.214.58,74.125.105.31,HEAD,3,,,,,0
370,1547907800,WS,http,87.131.141.246,74.125.103.22,POST,9,,,,,0
371,1547907801,FW,ftp,68.248.217.40,74.125.105.31,DROP,1,,,,,0
372,1547907801,WS,http,68.248.9.134,74.125.103.20,OPTIONS,8,,,,,0
373,1547907802,WS,http,216.131.3.65,74.125.103.22,GET,5,,,,,0
374,1547907802,FW,http,209.39.89.56,74.125.103.20,ACCEPT,4,,,,,0
375,1547907804,WS,http,68.180.77.216,74.125.103.22,OPTIONS,3,,,,,0
376,1547907806,FW,ssh,216.131.3.65,74.125.105.31,ACCEPT,7,,,,,0
377,1547907807,WS,http,216.147.167.23,74.125.105.31,POST,1,,,,,0
378,1547907807,MS,smtp,68.180.77.216,74.125.103.25,NOOP,6,,,,,0
379,1547907807,WS,http,216.248.39.17,74.125.103.21,CONNECT,4,,,,,0
380,1547907809,FW,http,216.131.3.65,74.125.105.30,ACCEPT,1,,,,,0
381,1547907811,FW,http,68.180.77.216,74.125.103.20,ACCEPT,9,,,,,0
382,1547907811,WS,http,87.180.22.47,74.125.103.20,GET,4,,,,,0
383,1547907812,FW,http,69.131.209.127,74.125.105.30,ACCEPT,5,,,,,0
384,1547907812,WS,http,69.131.43.194,74.125.103.22,GET,5,,,,,0
385,1547907813,FW,ssh,69.131.43.194,74.125.105.31,ACCEPT,7,,,,,0
386,1547907815,FW,http,69.131.43.194,74.125.105.30,ACCEPT,1,,,,,0
387,1547907817,WS,http,69.147.116.248,74.125.105.30,TRACE,1,,,,,0
388,1547907818,FW,ssh,216.39.4.181,74.125.103.20,DROP,5,,,,,0
389,1547907820,MS,smtp,69.147.116.248,74.125.103.25,AUTH,8,,,,,0
390,1547907820,FW,http,216.248.254.111,74.125.103.23,DROP,8,,,,,0
391,1547907821,WS,http,69.147.116.248,74.125.105.31,GET,1,,,,,0
392,1547907823,WS,http,87.147.101.249,74.125.103.22,GET,2,,,,,0
393,1547907825,WS,http,68.248.146.194,74.125.103.20,TRACE,4,,,,,0
394,1547907826,MS,smtp,68.180.159.34,74.125.103.24,QUIT,2,,,,,0
395,1547907829,WS,http,209.131.20.238,74.125.103.20,OPTIONS,9,,,,,0
396,1547907830,WS,http,68.248.34.235,74.125.103.22,GET,5,,,,,0
397,1547907833,FW,http,69.131.224.3,74.125.103.20,DROP,4,,,,,0
398,1547907836,MS,smtp,69.147.128.107,74.125.103.25,DATA,2,,,,,0
399,1547907836,FW,ssh,68.248.34.235,74.125.105.31,ACCEPT,7,,,,,0
400,1547907837,WS,http,216.131.251.201,74.125.103.21,TRACE,6,,,,,0
401,1547907838,FW,smtp,69.39.23.45,74.125.103.25,DROP,4,,,,,0
402,1547907840,FW,http,216.131.156.2,74.125.103.21,DROP,6,,,,,0
403,1547907840,FW,http,68.248.34.235,74.125.105.30,ACCEPT,1,,,,,0
404,1547907843,FW,http,216.39.200.252,74.125.105.30,DROP,1,,,,,0
405,1547907844,FW,ftp,69.147.16.197,74.125.103.25,ACCEPT,7,,,,,0
406,1547907844,WS,http,87.180.27.86,74.125.103.22,OPTIONS,3,,,,,0
407,1547907846,MS,smtp,87.180.27.86,74.125.103.25,NOOP,6,,,,,0
408,1547907848,MS,smtp,209.39.67.106,74.125.103.25,RCPT_TO,6,,,,,0
409,1547907849,WS,http,68.147.144.126,74.125.105.30,HEAD,9,,,,,0
410,1547907850,WS,http,69.180.13.28,74.125.103.20,CONNECT,6,,,,,0
411,1547907851,FW,http,87.180.27.86,74.125.103.20,ACCEPT,9,,,,,0
412,1547907852,WS,http,216.248.66.34,74.125.103.23,OPTIONS,1,,,,,0
413,1547907852,FW,ftp,69.180.13.28,74.125.103.24,ACCEPT,3,,,,,0
414,1547907853,FW,http,69.180.13.28,74.125.103.20,ACCEPT,5,,,,,0
415,1547907853,WS,http,216.248.66.34,74.125.103.20,GET,7,,,,,0
416,1547907854,WS,http,209.147.238.122,74.125.103.21,GET,6,,,,,0
417,1547907854,FW,ftp,216.248.254.111,74.125.105.31,ACCEPT,9,,,,,0
418,1547907854,WS,http,69.147.108.65,74.125.105.30,POST,5,,,,,0
419,1547907855,FW,ftp,69.248.94.145,74.125.105.31,ACCEPT,6,,,,,0
420,1547907856,WS,http,87.180.156.157,74.125.105.30,TRACE,1,,,,,0
421,1547907859,MS,smtp,87.180.156.157,74.125.103.25,AUTH,8,,,,,0
422,1547907859,MS,smtp,216.180.10.239,74.125.103.24,MAIL_FROM,2,,,,,0
423,1547907860,WS,http,87.180.134.216,74.125.103.20,CONNECT,1,,,,,0
424,1547907861,FW,ftp,209.131.195.181,74.125.103.20,ACCEPT,10,,,,,0
425,1547907862,WS,http,87.180.156.157,74.125.105.31,GET,1,,,,,0
426,1547907864,FW,http,87.248.30.65,74.125.103.23,ACCEPT,2,,,,,0
427,1547907865,FW,ftp,69.147.16.197,74.125.103.20,DROP,3,,,,,0
428,1547907866,FW,smtp,216.131.152.199,74.125.103.25,DROP,5,,,,,0
429,1547907869,FW,smtp,216.131.152.199,74.125.103.25,DROP,8,,,,,0
430,1547907871,FW,smtp,209.180.104.18,74.125.103.25,ACCEPT,4,,,,,0
431,1547907871,MS,smtp,216.180.137.105,74.125.103.24,RCPT_TO,9,,,,,0
432,1547907871,WS,http,216.131.152.199,74.125.103.23,HEAD,2,,,,,0
433,1547907872,MS,smtp,87.39.224.161,74.125.103.24,NOOP,9,,,,,0
434,1547907873,MS,smtp,216.147.250.6,74.125.103.24,NOOP,8,,,,,0
435,1547907875,MS,smtp,69.180.139.115,74.125.103.24,AUTH,1,,,,,0
436,1547907877,WS,http,69.147.235.168,74.125.103.23,HEAD,9,,,,,0
437,1547907878,FW,ftp,87.147.211.94,74.125.103.20,ACCEPT,9,,,,,0
438,1547907879,WS,http,87.39.182.133,74.125.103.23,GET,8,,,,,0
439,1547907881,FW,http,69.131.16.151,74.125.105.30,DROP,6,,,,,0
440,1547907882,FW,ftp,68.131.144.129,74.125.103.24,ACCEPT,3,,,,,0
441,1547907885,WS,http,209.39.92.208,74.125.103.22,OPTIONS,3,,,,,0
442,1547907885,WS,http,216.147.167.23,74.125.103.20,TRACE,8,,,,,0
443,1547907888,FW,smtp,87.147.101.249,74.125.103.25,DROP,5,,,,,0
444,1547907888,MS,smtp,209.39.92.208,74.125.103.25,NOOP,6,,,,,0
445,1547907888,FW,http,209.39.92.208,74.125.103.20,ACCEPT,9,,,,,0
446,1547907889,WS,http,68.180.157.179,74.125.103.21,PUT,9,,,,,0
447,1547907892,FW,smtp,87.147.101.249,74.125.103.25,DROP,8,,,,,0
448,1547907892,FW,http,68.39.132.77,74.125.103.22,DROP,6,,,,,0
449,1547907892,WS,http,87.147.101.249,74.125.103.23,HEAD,2,,,,,0
450,1547907894,WS,http,216.39.225.201,74.125.103.20,CONNECT,6,,,,,0
451,1547907894,FW,ftp,216.39.225.201,74.125.103.24,ACCEPT,3,,,,,0
452,1547907894,FW,http,216.39.225.201,74.125.103.20,ACCEPT,5,,,,,0
453,1547907895,WS,http,216.131.3.65,74.125.105.31,TRACE,6,,,,,0
454,1547907897,WS,http,216.248.176.27,74.125.103.23,CONNECT,8,,,,,0
455,1547907899,WS,http,68.131.203.109,74.125.105.30,POST,2,,,,,0
456,1547907901,WS,http,68.248.227.199,74.125.103.22,GET,3,,,,,0
457,1547907903,FW,ftp,209.39.67.106,74.125.103.22,ACCEPT,1,,,,,0
458,1547907904,MS,smtp,87.39.157.42,74.125.103.25,MAIL_FROM,8,,,,,0
459,1547907904,FW,http,87.39.182.133,74.125.103.21,ACCEPT,8,,,,,0
460,1547907905,FW,http,87.180.5.242,74.125.103.21,ACCEPT,5,,,,,0
461,1547907908,FW,http,216.131.214.78,74.125.103.21,ACCEPT,3,,,,,0
462,1547907908,WS,http,216.180.97.86,74.125.103.22,GET,5,,,,,0
463,1547907910,WS,http,68.131.50.29,74.125.103.22,GET,7,,,,,0
464,1547907911,WS,http,87.131.80.102,74.125.105.30,TRACE,1,,,,,0
465,1547907912,FW,ssh,69.147.108.65,74.125.103.20,ACCEPT,10,,,,,0
466,1547907912,FW,ssh,216.180.97.86,74.125.105.31,ACCEPT,7,,,,,0
467,1547907914,FW,http,216.180.97.86,74.125.105.30,ACCEPT,1,,,,,0
468,1547907914,MS,smtp,87.131.80.102,74.125.103.25,AUTH,8,,,,,0
469,1547907915,WS,http,87.131.80.102,74.125.105.31,GET,1,,,,,0
470,1547907915,WS,http,68.39.138.144,74.125.105.31,HEAD,9,,,,,0
471,1547907915,WS,http,69.39.237.244,74.125.105.31,HEAD,4,,,,,0
472,1547907915,MS,smtp,216.248.183.242,74.125.103.24,QUIT,9,,,,,0
473,1547907917,WS,http,68.248.120.75,74.125.103.21,CONNECT,9,,,,,0
474,1547907919,WS,http,68.248.9.134,74.125.105.31,HEAD,7,,,,,0
475,1547907921,WS,http,68.39.149.104,74.125.103.21,OPTIONS,7,,,,,0
476,1547907921,MS,smtp,68.131.38.103,74.125.103.24,RCPT_TO,3,,,,,0
477,1547907921,WS,http,216.147.250.6,74.125.105.30,TRACE,1,,,,,0
478,1547907921,MS,smtp,209.131.56.75,74.125.103.25,QUIT,9,,,,,0
479,1547907922,WS,http,216.39.57.133,74.125.103.21,OPTIONS,1,,,,,0
480,1547907923,MS,smtp,87.39.198.119,74.125.103.24,RCPT_TO,6,,,,,0
481,1547907924,FW,ftp,69.39.163.177,74.125.105.30,DROP,7,,,,,0
482,1547907925,FW,http,69.39.87.158,74.125.105.30,DROP,1,,,,,0
483,1547907925,WS,http,209.131.195.181,74.125.103.22,GET,7,,,,,0
484,1547907927,FW,smtp,69.248.92.51,74.125.103.25,ACCEPT,10,,,,,0
485,1547907927,WS,http,87.39.8.124,74.125.103.22,TRACE,6,,,,,0
486,1547907927,WS,http,68.131.203.109,74.125.105.30,GET,6,,,,,0
487,1547907929,WS,http,209.248.57.112,74.125.105.30,TRACE,1,,,,,0
488,1547907929,FW,smtp,216.39.239.139,74.125.103.25,DROP,5,,,,,0
489,1547907930,MS,smtp,209.248.57.112,74.125.103.25,AUTH,8,,,,,0
490,1547907930,FW,smtp,216.39.239.139,74.125.103.25,DROP,8,,,,,0
491,1547907930,WS,http,68.180.239.5,74.125.103.22,GET,8,,,,,0
492,1547907933,WS,http,209.248.57.112,74.125.105.31,GET,1,,,,,0
493,1547907934,WS,http,68.39.167.228,74.125.103.20,CONNECT,9,,,,,0
494,1547907935,WS,http,216.39.239.139,74.125.103.23,HEAD,2,,,,,0
495,1547907935,FW,ssh,68.39.52.201,74.125.103.24,DROP,10,,,,,0
496,1547907936,MS,smtp,68.131.50.29,74.125.103.24,EHLO,6,,,,,0
497,1547907938,FW,http,209.147.238.122,74.125.103.20,DROP,4,,,,,0
498,1547907939,FW,ftp,69.39.237.244,74.125.105.30,DROP,1,,,,,0
499,1547907942,FW,ftp,87.131.21.202,74.125.103.23,ACCEPT,10,,,,,0
500,1547907943,WS,http,209.131.39.149,74.125.105.30,POST,7,,,,,0
501,1547907944,MS,smtp,69.248.36.113,74.125.103.24,DATA,8,,,,,0
502,1547907944,WS,http,87.180.27.86,74.125.103.20,TRACE,5,,,,,0
503,1547907946,FW,ftp,69.131.67.48,74.125.103.24,DROP,4,,,,,0
504,1547907946,MS,smtp,87.248.30.65,74.125.103.25,MAIL_FROM,2,,,,,0
505,1547907947,WS,http,69.147.81.17,74.125.103.22,OPTIONS,3,,,,,0
506,1547907950,FW,ssh,216.248.61.60,74.125.103.23,DROP,7,,,,,0
507,1547907951,FW,http,209.131.246.89,74.125.103.22,ACCEPT,6,,,,,0
508,1547907951,WS,http,87.180.27.86,74.125.103.22,POST,7,,,,,0
509,1547907954,MS,smtp,69.147.81.17,74.125.103.25,NOOP,6,,,,,0
510,1547907957,MS,smtp,209.39.150.136,74.125.103.25,MAIL_FROM,7,,,,,0
511,1547907960,MS,smtp,69.180.18.106,74.125.103.24,NOOP,9,,,,,0
512,1547907960,WS,http,69.147.59.22,74.125.103.20,GET,3,,,,,0
513,1547907963,FW,http,69.147.81.17,74.125.103.20,ACCEPT,9,,,,,0
514,1547907963,MS,smtp,68.39.16.9,74.125.103.25,RSET,3,,,,,0
515,1547907965,WS,http,209.180.78.229,74.125.103.22,GET,6,,,,,0
516,1547907966,WS,http,216.131.131.252,74.125.103.22,OPTIONS,3,,,,,0
517,1547907966,WS,http,69.147.116.248,74.125.105.30,TRACE,1,,,,,0
518,1547907969,MS,smtp,69.147.116.248,74.125.103.25,AUTH,8,,,,,0
519,1547907969,MS,smtp,216.131.131.252,74.125.103.25,NOOP,6,,,,,0
520,1547907969,WS,http,69.147.116.248,74.125.105.31,GET,1,,,,,0
521,1547907972,FW,http,216.131.131.252,74.125.103.20,ACCEPT,9,,,,,0
522,1547907973,WS,http,69.147.96.122,74.125.103.22,GET,5,,,,,0
523,1547907974,FW,ftp,216.131.156.2,74.125.103.24,DROP,1,,,,,0
524,1547907975,FW,ssh,69.147.96.122,74.125.105.31,ACCEPT,7,,,,,0
525,1547907978,WS,http,87.147.125.96,74.125.105.30,TRACE,2,,,,,0
526,1547907979,FW,http,69.147.96.122,74.125.105.30,ACCEPT,1,,,,,0
527,1547907982,WS,http,69.39.76.212,74.125.103.20,HEAD,6,,,,,0
528,1547907983,WS,http,68.180.159.34,74.125.103.22,HEAD,8,,,,,0
529,1547907984,WS,http,209.147.53.115,74.125.103.20,HEAD,7,,,,,0
530,1547907984,FW,ftp,69.147.173.208,74.125.105.30,DROP,4,,,,,0
531,1547907984,FW,smtp,209.131.25.204,74.125.103.25,ACCEPT,2,,,,,0
532,1547907987,MS,smtp,69.147.235.168,74.125.103.25,AUTH,9,,,,,0
533,1547907989,MS,smtp,69.147.128.107,74.125.103.25,AUTH,5,,,,,0
534,1547907991,FW,http,68.131.203.109,74.125.103.20,DROP,9,,,,,0
535,1547907993,MS,smtp,69.147.42.133,74.125.103.25,HELO,3,,,,,0
536,1547907993,FW,http,68.39.138.144,74.125.103.22,ACCEPT,1,,,,,0
537,1547907993,WS,http,216.248.102.113,74.125.103.21,GET,6,,,,,0
538,1547907994,WS,http,87.180.104.19,74.125.103.22,GET,6,,,,,0
539,1547907994,WS,http,69.131.224.3,74.125.105.30,CONNECT,3,,,,,0
540,1547907996,WS,http,87.39.251.241,74.125.103.23,GET,1,,,,,0
541,1547907997,WS,http,69.248.94.145,74.125.105.31,CONNECT,8,,,,,0
542,1547907997,MS,smtp,87.248.138.185,74.125.103.25,QUIT,5,,,,,0
543,1547907997,WS,http,216.131.152.199,74.125.105.30,HEAD,2,,,,,0
544,1547907998,FW,ftp,69.39.142.95,74.125.103.21,ACCEPT,2,,,,,0
545,1547907998,MS,smtp,216.248.11.151,74.125.103.25,AUTH,9,,,,,0
546,1547907999,FW,ftp,209.147.211.97,74.125.103.22,ACCEPT,5,,,,,0
547,1547908001,WS,http,209.147.26.233,74.125.103.22,OPTIONS,3,,,,,0
548,1547908001,FW,ftp,216.248.11.151,74.125.103.23,ACCEPT,10,,,,,0
549,1547908001,WS,http,209.147.165.197,74.125.103.21,PUT,8,,,,,0
550,1547908002,MS,smtp,68.39.155.104,74.125.103.24,MAIL_FROM,7,,,,,0
551,1547908003,MS,smtp,209.147.26.233,74.125.103.25,NOOP,6,,,,,0
552,1547908006,FW,ftp,216.39.196.21,74.125.103.20,DROP,7,,,,,0
553,1547908006,WS,http,87.131.21.202,74.125.103.21,GET,3,,,,,0
554,1547908007,FW,http,209.147.26.233,74.125.103.20,ACCEPT,9,,,,,0
555,1547908008,MS,smtp,216.147.178.133,74.125.103.25,RSET,3,,,,,0
556,1547908010,FW,smtp,69.39.142.95,74.125.103.24,DROP,8,,,,,0
557,1547908011,FW,http,87.39.157.42,74.125.103.21,ACCEPT,2,,,,,0
558,1547908011,FW,ftp,68.248.9.134,74.125.103.20,ACCEPT,7,,,,,0
559,1547908012,WS,http,216.131.220.32,74.125.103.23,HEAD,8,,,,,0
560,1547908013,WS,http,216.39.78.50,74.125.105.30,OPTIONS,8,,,,,0
561,1547908013,MS,smtp,216.180.231.89,74.125.103.24,RSET,1,,,,,0
562,1547908016,WS,http,68.131.38.103,74.125.103.23,GET,2,,,,,0
563,1547908019,FW,http,68.248.217.40,74.125.103.22,DROP,5,,,,,0
564,1547908020,FW,http,216.147.118.63,74.125.103.21,DROP,1,,,,,0
565,1547908021,MS,smtp,68.180.157.179,74.125.103.24,NOOP,3,,,,,0
566,1547908022,MS,smtp,69.131.6.223,74.125.103.25,HELO,6,,,,,0
567,1547908023,WS,http,216.147.250.6,74.125.103.20,POST,1,,,,,0
568,1547908024,FW,http,209.39.37.27,74.125.103.20,DROP,2,,,,,0
569,1547908027,MS,smtp,87.39.66.173,74.125.103.25,MAIL_FROM,1,,,,,0
570,1547908027,FW,http,69.147.116.248,74.125.105.31,DROP,2,,,,,0
571,1547908027,MS,smtp,68.39.254.28,74.125.103.24,AUTH,1,,,,,0
572,1547908027,FW,ftp,87.39.157.42,74.125.103.21,ACCEPT,10,,,,,0
573,1547908028,WS,http,87.39.134.161,74.125.103.22,HEAD,5,,,,,0
574,1547908029,WS,http,87.39.157.42,74.125.105.31,CONNECT,2,,,,,0
575,1547908029,WS,http,87.39.151.130,74.125.103.23,TRACE,4,,,,,0
576,1547908029,FW,smtp,87.39.73.27,74.125.103.25,ACCEPT,8,,,,,0
577,1547908029,WS,http,87.147.137.230,74.125.103.23,TRACE,6,,,,,0
578,1547908032,WS,http,209.147.238.122,74.125.103.20,PUT,5,,,,,0
579,1547908033,FW,http,87.131.141.246,74.125.103.22,ACCEPT,10,,,,,0
580,1547908033,WS,http,69.39.71.204,74.125.103.23,GET,5,,,,,0
581,1547908033,FW,ssh,216.248.39.17,74.125.103.25,DROP,2,,,,,0
582,1547908034,WS,http,209.39.65.181,74.125.105.30,PUT,2,,,,,0
583,1547908036,WS,http,216.131.186.242,74.125.103.22,GET,8,,,,,0
584,1547908037,MS,smtp,216.131.45.66,74.125.103.25,AUTH,3,,,,,0
585,1547908037,WS,http,216.147.250.6,74.125.103.20,OPTIONS,2,,,,,0
586,1547908038,MS,smtp,209.131.25.204,74.125.103.24,RSET,5,,,,,0
587,1547908040,WS,http,216.39.183.196,74.125.103.20,CONNECT,6,,,,,0
588,1547908041,WS,http,87.180.143.177,74.125.103.20,HEAD,1,,,,,0
589,1547908044,FW,smtp,69.147.116.248,74.125.103.25,DROP,6,,,,,0
590,1547908044,WS,http,87.180.225.230,74.125.103.20,PUT,6,,,,,0
591,1547908045,FW,ftp,216.39.183.196,74.125.103.24,ACCEPT,3,,,,,0
592,1547908046,FW,ftp,68.248.246.182,74.125.103.20,ACCEPT,8,,,,,0
593,1547908049,WS,http,87.39.96.194,74.125.103.23,GET,8,,,,,0
594,1547908050,FW,http,216.39.183.196,74.125.103.20,ACCEPT,5,,,,,0
595,1547908052,WS,http,69.147.96.122,74.125.103.22,HEAD,9,,,,,0
596,1547908053,FW,http,69.180.139.115,74.125.103.23,DROP,9,,,,,0
597,1547908055,WS,http,69.131.6.223,74.125.105.31,OPTIONS,7,,,,,0
598,1547908055,WS,http,87.147.101.249,74.125.103.22,POST,2,,,,,0
599,1547908056,MS,smtp,68.180.100.31,74.125.103.25,AUTH,8,,,,,0
600,1547908059,FW,ftp,209.180.201.189,74.125.103.21,ACCEPT,8,,,,,0
601,1547908060,FW,ftp,87.180.5.242,74.125.105.31,ACCEPT,1,,,,,0
602,1547908061,MS,smtp,69.147.239.159,74.125.103.25,MAIL_FROM,2,,,,,0
603,1547908062,FW,ftp,68.39.211.90,74.125.105.31,ACCEPT,8,,,,,0
604,1547908064,WS,http,216.131.251.201,74.125.105.30,GET,8,,,,,0
605,1547908066,MS,smtp,69.180.49.28,74.125.103.25,QUIT,8,,,,,0
606,1547908067,WS,http,69.180.225.204,74.125.103.21,OPTIONS,7,,,,,0
607,1547908069,FW,ftp,216.131.149.50,74.125.103.21,ACCEPT,7,,,,,0
608,1547908072,MS,smtp,209.147.214.58,74.125.103.24,SEND,7,,,,,0
609,1547908075,FW,http,209.147.19.173,74.125.103.23,DROP,9,,,,,0
610,1547908075,WS,http,216.147.38.231,74.125.105.31,HEAD,6,,,,,0
611,1547908076,FW,ftp,69.147.235.168,74.125.103.23,DROP,9,,,,,0
612,1547908076,FW,http,68.248.187.77,74.125.103.22,ACCEPT,8,,,,,0
613,1547908079,FW,http,68.131.231.60,74.125.105.31,ACCEPT,5,,,,,0
614,1547908082,WS,http,69.131.224.3,74.125.103.22,OPTIONS,7,,,,,0
615,1547908083,WS,http,68.180.6.11,74.125.105.30,GET,9,,,,,0
616,1547908085,WS,http,87.248.138.185,74.125.103.20,HEAD,3,,,,,0
617,1547908086,WS,http,68.248.187.77,74.125.103.21,CONNECT,5,,,,,0
618,1547908086,WS,http,69.131.193.227,74.125.105.31,GET,6,,,,,0
619,1547908087,FW,http,209.180.201.189,74.125.105.30,ACCEPT,10,,,,,0
620,1547908088,FW,ftp,69.180.139.115,74.125.103.24,ACCEPT,6,,,,,0
621,1547908089,WS,http,216.131.45.66,74.125.103.23,POST,1,,,,,0
622,1547908090,FW,http,87.39.127.204,74.125.103.20,DROP,5,,,,,0
623,1547908090,MS,smtp,209.39.92.208,74.125.103.25,MAIL_FROM,2,,,,,0
624,1547908093,FW,ftp,216.180.137.105,74.125.103.25,ACCEPT,3,,,,,0
625,1547908094,WS,http,69.180.160.107,74.125.103.22,OPTIONS,9,,,,,0
626,1547908095,MS,smtp,69.39.23.45,74.125.103.25,SEND,2,,,,,0
627,1547908095,WS,http,216.180.137.105,74.125.103.21,TRACE,4,,,,,0
628,1547908095,WS,http,69.131.67.48,74.125.103.22,GET,7,,,,,0
629,1547908095,WS,http,216.180.137.105,74.125.103.22,POST,9,,,,,0
630,1547908097,FW,http,216.248.39.17,74.125.103.22,DROP,1,,,,,0
631,1547908097,WS,http,216.131.156.2,74.125.103.20,OPTIONS,9,,,,,0
632,1547908097,FW,http,87.147.125.96,74.125.103.23,ACCEPT,9,,,,,0
633,1547908098,WS,http,216.39.183.196,74.125.105.31,HEAD,5,,,,,0
634,1547908099,FW,http,209.39.65.181,74.125.103.23,ACCEPT,7,,,,,0
635,1547908102,WS,http,68.131.203.109,74.125.105.31,CONNECT,2,,,,,0
636,1547908103,FW,ftp,87.248.138.185,74.125.105.30,DROP,1,,,,,0
637,1547908103,WS,http,87.147.222.231,74.125.103.21,PUT,8,,,,,0
638,1547908104,WS,http,69.180.139.115,74.125.103.22,GET,2,,,,,0
639,1547908105,WS,http,69.39.242.42,74.125.105.30,TRACE,1,,,,,0
640,1547908108,WS,http,69.248.114.132,74.125.105.31,HEAD,6,,,,,0
641,1547908109,FW,http,68.248.16.220,74.125.103.20,DROP,2,,,,,0
642,1547908110,MS,smtp,69.39.242.42,74.125.103.25,AUTH,8,,,,,0
643,1547908110,FW,ftp,69.180.13.28,74.125.105.31,ACCEPT,4,,,,,0
644,1547908111,FW,http,87.131.21.202,74.125.105.30,DROP,7,,,,,0
645,1547908111,WS,http,69.39.242.42,74.125.105.31,GET,1,,,,,0
646,1547908113,WS,http,68.39.138.144,74.125.103.21,TRACE,4,,,,,0
647,1547908115,WS,http,87.39.127.204,74.125.103.23,GET,9,,,,,0
648,1547908117,FW,http,69.147.93.200,74.125.103.22,ACCEPT,2,,,,,0
649,1547908120,MS,smtp,216.248.102.113,74.125.103.25,NOOP,9,,,,,0
650,1547908123,FW,smtp,209.131.154.162,74.125.103.25,DROP,6,,,,,0
651,1547908123,MS,smtp,69.248.200.103,74.125.103.24,SEND,8,,,,,0
652,1547908125,FW,http,69.180.77.93,74.125.105.31,DROP,2,,,,,0
653,1547908127,FW,ftp,69.248.94.145,74.125.105.31,ACCEPT,10,,,,,0
654,1547908129,FW,http,216.147.178.133,74.125.103.21,ACCEPT,8,,,,,0
655,1547908129,FW,http,69.39.76.212,74.125.103.23,ACCEPT,6,,,,,0
656,1547908130,WS,http,87.39.96.194,74.125.103.22,POST,8,,,,,0
657,1547908130,WS,http,69.131.16.151,74.125.103.20,OPTIONS,6,,,,,0
658,1547908133,FW,ssh,68.131.50.29,74.125.105.31,ACCEPT,8,,,,,0
659,1547908133,WS,http,87.180.22.47,74.125.103.23,PUT,5,,,,,0
660,1547908133,FW,http,87.180.50.139,74.125.103.21,ACCEPT,5,,,,,0
661,1547908136,WS,http,69.180.139.115,74.125.103.21,GET,8,,,,,0
662,1547908137,FW,ssh,209.147.112.16,74.125.103.21,DROP,9,,,,,0
663,1547908140,FW,http,209.39.150.136,74.125.103.21,DROP,9,,,,,0
664,1547908141,WS,http,216.147.117.27,74.125.103.20,CONNECT,6,,,,,0
665,1547908141,FW,ftp,209.180.104.18,74.125.103.25,DROP,6,,,,,0
666,1547908142,FW,ssh,68.180.239.5,74.125.105.30,ACCEPT,1,,,,,0
667,1547908143,FW,smtp,69.180.84.245,74.125.103.25,ACCEPT,4,,,,,0
668,1547908146,FW,ftp,216.147.117.27,74.125.103.24,ACCEPT,3,,,,,0
669,1547908147,MS,smtp,209.39.65.181,74.125.103.24,RSET,3,,,,,0
670,1547908149,WS,http,69.131.67.48,74.125.103.20,GET,2,,,,,0
671,1547908151,WS,http,87.248.138.185,74.125.105.30,OPTIONS,7,,,,,0
672,1547908151,FW,http,216.147.117.27,74.125.103.20,ACCEPT,5,,,,,0
673,1547908152,FW,ssh,209.131.201.152,74.125.103.24,ACCEPT,2,,,,,0
674,1547908153,WS,http,216.131.3.65,74.125.105.30,GET,2,,,,,0
675,1547908153,MS,smtp,68.131.144.118,74.125.103.25,EHLO,8,,,,,0
676,1547908153,MS,smtp,209.131.236.77,74.125.103.24,AUTH,6,,,,,0
677,1547908153,WS,http,68.131.242.162,74.125.105.30,GET,5,,,,,0
678,1547908154,FW,ssh,209.131.25.204,74.125.103.20,ACCEPT,10,,,,,0
679,1547908155,MS,smtp,87.131.80.102,74.125.103.24,QUIT,2,,,,,0
680,1547908155,MS,smtp,216.39.228.62,74.125.103.25,HELO,7,,,,,0
681,1547908156,FW,smtp,216.131.186.242,74.125.103.25,ACCEPT,3,,,,,0
682,1547908157,WS,http,68.248.9.134,74.125.105.31,GET,8,,,,,0
683,1547908159,FW,http,87.39.157.42,74.125.105.31,ACCEPT,2,,,,,0
684,1547908160,FW,ftp,87.180.156.157,74.125.103.22,DROP,3,,,,,0
685,1547908162,FW,http,69.39.71.204,74.125.103.22,DROP,6,,,,,0
686,1547908163,WS,http,87.39.96.194,74.125.103.22,GET,5,,,,,0
687,1547908163,WS,http,87.131.188.66,74.125.103.20,GET,2,,,,,0
688,1547908164,FW,ssh,216.39.200.252,74.125.103.23,DROP,4,,,,,0
689,1547908164,WS,http,69.131.43.194,74.125.103.23,GET,4,,,,,0
690,1547908166,FW,http,69.180.225.204,74.125.105.31,ACCEPT,3,,,,,0
691,1547908166,FW,http,216.147.115.231,74.125.103.20,DROP,8,,,,,0
692,1547908167,WS,http,209.131.195.181,74.125.103.21,HEAD,8,,,,,0
693,1547908168,WS,http,87.180.23.178,74.125.103.23,OPTIONS,6,,,,,0
694,1547908170,FW,ssh,209.131.192.2,74.125.103.21,ACCEPT,6,,,,,0
695,1547908170,WS,http,69.180.225.204,74.125.103.21,POST,4,,,,,0
696,1547908171,FW,http,209.39.150.136,74.125.103.23,ACCEPT,4,,,,,0
697,1547908172,WS,http,69.147.96.122,74.125.105.30,GET,9,,,,,0
698,1547908172,MS,smtp,68.131.144.118,74.125.103.25,MAIL_FROM,7,,,,,0
699,1547908175,WS,http,68.248.120.75,74.125.103.22,GET,5,,,,,0
700,1547908178,FW,ftp,69.147.116.248,74.125.105.31,ACCEPT,2,,,,,0
701,1547908179,FW,ssh,68.248.120.75,74.125.105.31,ACCEPT,7,,,,,0
702,1547908180,FW,http,68.248.120.75,74.125.105.30,ACCEPT,1,,,,,0
703,1547908180,WS,http,69.248.92.51,74.125.105.31,PUT,2,,,,,0
704,1547908181,FW,ftp,216.180.97.86,74.125.103.25,DROP,8,,,,,0
705,1547908181,MS,smtp,216.248.39.17,74.125.103.25,DATA,2,,,,,0
706,1547908183,WS,http,216.180.10.239,74.125.105.30,TRACE,1,,,,,0
707,1547908184,FW,http,87.39.119.11,74.125.105.30,ACCEPT,2,,,,,0
708,1547908184,FW,ftp,69.131.16.151,74.125.103.25,ACCEPT,3,,,,,0
709,1547908184,FW,ssh,209.147.26.233,74.125.103.25,ACCEPT,1,,,,,0
710,1547908185,MS,smtp,216.180.10.239,74.125.103.25,AUTH,8,,,,,0
711,1547908186,WS,http,87.131.141.246,74.125.103.20,POST,1,,,,,0
712,1547908188,WS,http,69.131.16.151,74.125.103.21,TRACE,4,,,,,0
713,1547908189,WS,http,87.39.96.194,74.125.103.22,OPTIONS,4,,,,,0
714,1547908190,WS,http,216.180.10.239,74.125.105.31,GET,1,,,,,0
715,1547908193,WS,http,69.131.16.151,74.125.103.22,POST,9,,,,,0
716,1547908194,WS,http,216.131.74.29,74.125.105.30,TRACE,6,,,,,0
717,1547908194,FW,smtp,87.147.90.183,74.125.103.25,ACCEPT,2,,,,,0
718,1547908195,FW,ftp,69.39.163.177,74.125.103.25,ACCEPT,2,,,,,0
719,1547908195,FW,ftp,216.39.180.42,74.125.105.30,ACCEPT,3,,,,,0
720,1547908197,WS,http,68.180.174.80,74.125.103.21,TRACE,2,,,,,0
721,1547908197,WS,http,216.147.178.133,74.125.105.30,GET,1,,,,,0
722,1547908199,MS,smtp,68.147.119.92,74.125.103.25,RSET,6,,,,,0
723,1547908200,WS,http,216.147.118.63,74.125.103.21,OPTIONS,5,,,,,0
724,1547908201,WS,http,69.131.85.183,74.125.103.20,PUT,6,,,,,0
725,1547908203,WS,http,209.131.154.162,74.125.103.21,CONNECT,7,,,,,0
726,1547908205,WS,http,87.147.72.77,74.125.103.22,GET,5,,,,,0
727,1547908206,FW,ssh,87.147.72.77,74.125.105.31,ACCEPT,7,,,,,0
728,1547908207,FW,http,87.147.72.77,74.125.105.30,ACCEPT,1,,,,,0
729,1547908208,FW,ftp,87.39.96.194,74.125.105.31,ACCEPT,8,,,,,0
730,1547908209,FW,http,68.39.155.104,74.125.103.20,DROP,4,,,,,0
731,1547908210,WS,http,69.248.92.51,74.125.103.22,GET,5,,,,,0
732,1547908210,FW,http,69.131.85.183,74.125.105.31,ACCEPT,1,,,,,0
733,1547908211,FW,ssh,69.248.92.51,74.125.105.31,ACCEPT,7,,,,,0
734,1547908211,FW,http,209.131.154.162,74.125.103.20,ACCEPT,4,,,,,0
735,1547908213,WS,http,69.39.87.158,74.125.103.23,HEAD,1,,,,,0
736,1547908214,FW,http,69.248.92.51,74.125.105.30,ACCEPT,1,,,,,0
737,1547908217,FW,http,216.131.214.188,74.125.103.20,ACCEPT,3,,,,,0
738,1547908219,MS,smtp,68.180.100.31,74.125.103.24,RCPT_TO,9,,,,,0
739,1547908219,WS,http,209.147.204.235,74.125.105.30,HEAD,1,,,,,0
740,1547908219,WS,http,69.39.87.158,74.125.103.20,HEAD,7,,,,,0
741,1547908220,WS,http,68.180.146.150,74.125.103.22,GET,5,,,,,0
742,1547908220,WS,http,68.39.138.144,74.125.105.30,PUT,7,,,,,0
743,1547908220,MS,smtp,216.180.202.142,74.125.103.25,HELO,2,,,,,0
744,1547908222,MS,smtp,209.39.65.181,74.125.103.25,MAIL_FROM,7,,,,,0
745,1547908224,FW,ssh,68.180.146.150,74.125.105.31,ACCEPT,7,,,,,0
746,1547908224,WS,http,209.180.14.172,74.125.103.20,HEAD,8,,,,,0
747,1547908225,FW,smtp,69.39.207.253,74.125.103.24,ACCEPT,6,,,,,0
748,1547908226,FW,http,68.180.146.150,74.125.105.30,ACCEPT,1,,,,,0
749,1547908226,FW,ssh,68.131.203.109,74.125.105.30,DROP,3,,,,,0
750,1547908227,FW,smtp,209.131.192.2,74.125.103.24,ACCEPT,7,,,,,0
751,1547908228,MS,smtp,87.180.156.157,74.125.103.24,EHLO,1,,,,,0
752,1547908229,MS,smtp,68.248.246.182,74.125.103.25,QUIT,1,,,,,0
753,1547908230,WS,http,68.248.217.40,74.125.103.20,CONNECT,6,,,,,0
754,1547908232,FW,ftp,87.147.7.51,74.125.103.25,ACCEPT,3,,,,,0
755,1547908233,FW,ftp,68.248.217.40,74.125.103.24,ACCEPT,3,,,,,0
756,1547908236,FW,http,87.180.50.139,74.125.103.22,DROP,1,,,,,0
757,1547908237,FW,http,68.248.217.40,74.125.103.20,ACCEPT,5,,,,,0
758,1547908237,WS,http,87.147.7.51,74.125.103.21,TRACE,4,,,,,0
759,1547908239,MS,smtp,69.248.217.150,74.125.103.25,DATA,2,,,,,0
760,1547908240,WS,http,87.147.7.51,74.125.103.22,POST,9,,,,,0
761,1547908240,WS,http,87.248.30.65,74.125.105.30,OPTIONS,2,,,,,0
762,1547908241,WS,http,209.131.238.213,74.125.103.22,OPTIONS,3,,,,,0
763,1547908242,MS,smtp,87.180.22.47,74.125.103.24,SEND,9,,,,,0
764,1547908242,MS,smtp,68.39.254.28,74.125.103.25,MAIL_FROM,5,,,,,0
765,1547908242,WS,http,69.39.23.45,74.125.103.21,POST,6,,,,,0
766,1547908243,MS,smtp,209.131.238.213,74.125.103.25,NOOP,6,,,,,0
767,1547908245,WS,http,68.180.157.179,74.125.105.30,GET,6,,,,,0
768,1547908247,FW,http,209.131.238.213,74.125.103.20,ACCEPT,9,,,,,0
769,1547908247,WS,http,216.180.231.89,74.125.105.30,HEAD,7,,,,,0
770,1547908247,FW,smtp,209.39.37.27,74.125.103.24,ACCEPT,5,,,,,0
771,1547908247,FW,ssh,216.180.231.89,74.125.103.21,DROP,5,,,,,0
772,1547908248,FW,http,68.180.239.5,74.125.103.21,DROP,6,,,,,0
773,1547908249,MS,smtp,68.131.139.104,74.125.103.25,MAIL_FROM,3,,,,,0
774,1547908250,FW,ftp,68.248.120.75,74.125.103.25,ACCEPT,3,,,,,0
775,1547908251,WS,http,68.248.120.75,74.125.103.21,TRACE,4,,,,,0
776,1547908253,WS,http,68.248.120.75,74.125.103.22,POST,9,,,,,0
777,1547908254,WS,http,87.39.157.42,74.125.103.20,CONNECT,3,,,,,0
778,1547908254,FW,http,69.131.209.127,74.125.103.21,ACCEPT,8,,,,,0
779,1547908255,WS,http,68.180.196.140,74.125.103.21,POST,3,,,,,0
780,1547908257,WS,http,216.39.78.50,74.125.105.31,OPTIONS,5,,,,,0
781,1547908257,WS,http,209.180.161.158,74.125.103.20,TRACE,9,,,,,0
782,1547908258,FW,smtp,69.147.179.137,74.125.103.24,ACCEPT,10,,,,,0
783,1547908260,WS,http,87.39.182.133,74.125.105.30,HEAD,9,,,,,0
784,1547908261,WS,http,68.131.150.134,74.125.103.22,OPTIONS,6,,,,,0
785,1547908262,WS,http,216.147.115.231,74.125.103.20,POST,5,,,,,0
786,1547908264,WS,http,87.248.92.14,74.125.103.21,POST,3,,,,,0
787,1547908264,FW,http,216.39.225.201,74.125.103.22,DROP,7,,,,,0
788,1547908267,WS,http,69.147.128.107,74.125.103.20,CONNECT,2,,,,,0
789,1547908267,FW,http,209.180.201.189,74.125.103.20,ACCEPT,6,,,,,0
790,1547908268,WS,http,87.180.225.230,74.125.103.20,GET,7,,,,,0
791,1547908268,FW,ftp,68.180.174.80,74.125.103.21,ACCEPT,8,,,,,0
792,1547908269,WS,http,216.147.167.23,74.125.105.30,PUT,7,,,,,0
793,1547908270,MS,smtp,216.147.90.129,74.125.103.25,MAIL_FROM,4,,,,,0
794,1547908270,MS,smtp,68.39.18.96,74.125.103.24,AUTH,5,,,,,0
795,1547908271,FW,smtp,68.39.155.104,74.125.103.24,DROP,4,,,,,0
796,1547908272,FW,http,216.39.239.139,74.125.103.23,ACCEPT,4,,,,,0
797,1547908272,WS,http,69.180.160.107,74.125.103.23,OPTIONS,4,,,,,0
798,1547908273,WS,http,69.180.197.248,74.125.103.20,POST,1,,,,,0
799,1547908273,WS,http,69.147.100.242,74.125.105.31,GET,1,,,,,0
800,1547908275,WS,http,68.180.9.185,74.125.105.31,HEAD,8,,,,,0
801,1547908278,WS,http,209.39.92.208,74.125.103.20,PUT,5,,,,,0
802,1547908280,MS,smtp,69.180.160.107,74.125.103.24,RCPT_TO,8,,,,,0
803,1547908283,FW,http,69.180.18.106,74.125.105.31,ACCEPT,6,,,,,0
804,1547908284,WS,http,216.147.201.183,74.125.103.20,GET,5,,,,,0
805,1547908287,FW,http,68.180.228.200,74.125.105.30,DROP,5,,,,,0
806,1547908288,FW,http,216.39.105.161,74.125.103.23,ACCEPT,7,,,,,0
807,1547908289,WS,http,209.131.195.181,74.125.103.22,GET,5,,,,,0
808,1547908290,WS,http,209.131.246.89,74.125.103.21,CONNECT,4,,,,,0
809,1547908292,MS,smtp,68.248.217.40,74.125.103.24,QUIT,1,,,,,0
810,1547908293,MS,smtp,209.147.112.16,74.125.103.24,RCPT_TO,2,,,,,0
811,1547908294,FW,ssh,209.131.195.181,74.125.105.31,ACCEPT,7,,,,,0
812,1547908294,FW,http,209.131.195.181,74.125.105.30,ACCEPT,1,,,,,0
813,1547908294,MS,smtp,69.131.185.222,74.125.103.25,RCPT_TO,5,,,,,0
814,1547908295,FW,ftp,68.180.54.154,74.125.103.24,ACCEPT,3,,,,,0
815,1547908298,WS,http,216.180.242.5,74.125.103.20,GET,1,,,,,0
816,1547908300,MS,smtp,87.180.133.176,74.125.103.25,MAIL_FROM,5,,,,,0
817,1547908303,WS,http,69.248.94.145,74.125.103.23,OPTIONS,6,,,,,0
818,1547908304,MS,smtp,68.39.95.185,74.125.103.24,MAIL_FROM,5,,,,,0
819,1547908304,FW,http,68.147.7.121,74.125.103.22,DROP,7,,,,,0
820,1547908304,FW,smtp,87.39.5.41,74.125.103.25,DROP,6,,,,,0
821,1547908306,WS,http,87.39.251.241,74.125.103.22,GET,5,,,,,0
822,1547908308,FW,ssh,87.39.251.241,74.125.105.31,ACCEPT,7,,,,,0
823,1547908311,FW,smtp,209.180.150.74,74.125.103.25,ACCEPT,7,,,,,0
824,1547908312,FW,http,87.39.251.241,74.125.105.30,ACCEPT,1,,,,,0
825,1547908313,MS,smtp,68.39.189.218,74.125.103.25,AUTH,1,,,,,0
826,1547908315,FW,ftp,209.131.246.89,74.125.105.31,ACCEPT,6,,,,,0
827,1547908315,FW,ftp,69.248.217.150,74.125.105.30,DROP,4,,,,,0
828,1547908318,MS,smtp,87.147.125.96,74.125.103.25,RCPT_TO,6,,,,,0
829,1547908319,WS,http,87.39.143.136,74.125.103.23,OPTIONS,5,,,,,0
830,1547908319,WS,http,69.147.93.200,74.125.103.22,POST,9,,,,,0
831,1547908319,WS,http,68.248.16.220,74.125.103.21,GET,4,,,,,0
832,1547908319,WS,http,209.180.14.172,74.125.105.30,GET,3,,,,,0
833,1547908319,FW,smtp,68.39.52.201,74.125.103.24,ACCEPT,2,,,,,0
834,1547908320,FW,ssh,87.39.134.161,74.125.103.21,DROP,6,,,,,0
835,1547908320,WS,http,68.147.144.126,74.125.105.31,HEAD,3,,,,,0
836,1547908322,MS,smtp,69.147.128.107,74.125.103.25,MAIL_FROM,2,,,,,0
837,1547908323,WS,http,69.147.96.122,74.125.105.30,TRACE,1,,,,,0
838,1547908323,MS,smtp,69.147.96.122,74.125.103.25,AUTH,8,,,,,0
839,1547908323,FW,ftp,216.180.137.105,74.125.103.22,DROP,1,,,,,0
840,1547908326,FW,ftp,68.39.189.218,74.125.103.24,ACCEPT,3,,,,,0
841,1547908327,WS,http,69.147.96.122,74.125.105.31,GET,1,,,,,0
842,1547908330,WS,http,87.39.182.133,74.125.103.22,GET,5,,,,,0
843,1547908330,FW,http,69.248.114.132,74.125.103.20,ACCEPT,2,,,,,0
844,1547908332,FW,smtp,216.147.178.133,74.125.103.25,DROP,6,,,,,0
845,1547908334,FW,ftp,216.131.220.32,74.125.103.21,DROP,2,,,,,0
846,1547908336,FW,ssh,87.39.182.133,74.125.105.31,ACCEPT,7,,,,,0
847,1547908337,FW,smtp,216.131.74.29,74.125.103.24,ACCEPT,10,,,,,0
848,1547908338,WS,http,216.131.131.252,74.125.103.21,CONNECT,6,,,,,0
849,1547908341,WS,http,68.131.191.229,74.125.105.30,TRACE,1,,,,,0
850,1547908343,FW,http,87.39.182.133,74.125.105.30,ACCEPT,1,,,,,0
851,1547908344,WS,http,68.131.203.109,74.125.103.20,TRACE,2,,,,,0
852,1547908344,MS,smtp,68.131.191.229,74.125.103.25,AUTH,8,,,,,0
853,1547908345,FW,smtp,87.180.156.157,74.125.103.25,DROP,5,,,,,0
854,1547908347,WS,http,68.131.191.229,74.125.105.31,GET,1,,,,,0
855,1547908347,WS,http,68.180.25.89,74.125.105.30,HEAD,5,,,,,0
856,1547908348,FW,ssh,87.180.136.114,74.125.105.30,ACCEPT,3,,,,,0
857,1547908348,FW,smtp,87.180.156.157,74.125.103.25,DROP,8,,,,,0
858,1547908350,FW,smtp,87.248.30.65,74.125.103.24,DROP,4,,,,,0
859,1547908350,WS,http,87.180.156.157,74.125.103.23,HEAD,2,,,,,0
860,1547908350,WS,http,209.131.238.213,74.125.103.23,PUT,5,,,,,0
861,1547908351,FW,smtp,69.131.43.194,74.125.103.25,DROP,5,,,,,0
862,1547908352,FW,smtp,69.131.43.194,74.125.103.25,DROP,8,,,,,0
863,1547908352,WS,http,69.131.43.194,74.125.103.23,HEAD,2,,,,,0
864,1547908352,WS,http,209.147.238.122,74.125.105.31,POST,1,,,,,0
865,1547908354,FW,http,68.39.132.77,74.125.105.30,ACCEPT,8,,,,,0
866,1547908357,MS,smtp,216.131.152.199,74.125.103.25,HELO,3,,,,,0
867,1547908359,FW,smtp,216.147.115.231,74.125.103.25,DROP,5,,,,,0
868,1547908359,FW,ftp,87.180.134.216,74.125.103.20,ACCEPT,5,,,,,0
869,1547908360,FW,smtp,216.147.115.231,74.125.103.25,DROP,8,,,,,0
870,1547908362,WS,http,216.147.115.231,74.125.103.23,HEAD,2,,,,,0
871,1547908362,MS,smtp,68.180.159.34,74.125.103.25,DATA,1,,,,,0
872,1547908362,FW,ftp,209.180.14.172,74.125.103.21,DROP,1,,,,,0
873,1547908363,MS,smtp,216.147.117.27,74.125.103.24,EHLO,7,,,,,0
874,1547908364,MS,smtp,87.248.30.65,74.125.103.24,RCPT_TO,3,,,,,0
875,1547908365,WS,http,68.131.105.220,74.125.103.22,GET,7,,,,,0
876,1547908367,FW,http,87.180.23.178,74.125.103.20,DROP,1,,,,,0
877,1547908368,WS,http,87.180.133.176,74.125.103.23,TRACE,3,,,,,0
878,1547908368,FW,smtp,209.131.192.2,74.125.103.25,DROP,5,,,,,0
879,1547908368,MS,smtp,209.147.236.112,74.125.103.24,HELO,1,,,,,0
880,1547908369,WS,http,87.131.80.102,74.125.105.30,GET,7,,,,,0
881,1547908371,MS,smtp,69.131.139.243,74.125.103.24,HELO,7,,,,,0
882,1547908373,FW,smtp,209.131.192.2,74.125.103.25,DROP,8,,,,,0
883,1547908376,WS,http,69.131.43.194,74.125.103.20,HEAD,2,,,,,0
884,1547908376,WS,http,68.248.216.186,74.125.103.21,OPTIONS,6,,,,,0
885,1547908378,WS,http,209.131.192.2,74.125.103.23,HEAD,2,,,,,0
886,1547908379,WS,http,209.180.147.109,74.125.103.20,OPTIONS,6,,,,,0
887,1547908380,FW,http,216.147.102.18,74.125.103.22,ACCEPT,8,,,,,0
888,1547908380,WS,http,69.180.250.178,74.125.103.22,POST,2,,,,,0
889,1547908382,WS,http,216.248.11.151,74.125.105.30,TRACE,1,,,,,0
890,1547908384,MS,smtp,87.248.92.14,74.125.103.24,NOOP,4,,,,,0
891,1547908385,FW,smtp,69.39.237.244,74.125.103.25,DROP,10,,,,,0
892,1547908387,MS,smtp,216.248.11.151,74.125.103.25,AUTH,8,,,,,0
893,1547908389,WS,http,216.248.11.151,74.125.105.31,GET,1,,,,,0
894,1547908390,FW,http,87.147.222.231,74.125.103.23,ACCEPT,1,,,,,0
895,1547908391,WS,http,209.147.158.171,74.125.105.30,GET,9,,,,,0
896,1547908393,FW,ftp,216.147.118.63,74.125.103.24,ACCEPT,5,,,,,0
897,1547908393,WS,http,68.39.167.228,74.125.103.22,GET,5,,,,,0
898,1547908396,WS,http,216.131.214.188,74.125.103.21,PUT,9,,,,,0
899,1547908396,MS,smtp,216.180.242.5,74.125.103.25,HELO,8,,,,,0
900,1547908397,FW,ssh,68.39.167.228,74.125.105.31,ACCEPT,7,,,,,0
901,1547908398,FW,http,68.39.167.228,74.125.105.30,ACCEPT,1,,,,,0
902,1547908399,FW,smtp,216.248.87.95,74.125.103.24,ACCEPT,3,,,,,0
903,1547908402,FW,smtp,216.147.42.143,74.125.103.24,ACCEPT,3,,,,,0
904,1547908402,FW,http,69.147.149.175,74.125.103.20,ACCEPT,1,,,,,0
905,1547908403,FW,http,216.131.141.217,74.125.103.20,DROP,8,,,,,0
906,1547908406,FW,http,68.248.216.186,74.125.103.23,ACCEPT,8,,,,,0
907,1547908406,WS,http,216.39.239.139,74.125.103.20,CONNECT,6,,,,,0
908,1547908407,FW,ftp,209.180.167.126,74.125.103.20,ACCEPT,8,,,,,0
909,1547908408,FW,ftp,216.39.239.139,74.125.103.24,ACCEPT,3,,,,,0
910,1547908408,WS,http,68.39.211.90,74.125.103.22,GET,5,,,,,0
911,1547908408,FW,ssh,68.39.211.90,74.125.105.31,ACCEPT,7,,,,,0
912,1547908408,FW,http,216.39.239.139,74.125.103.20,ACCEPT,5,,,,,0
913,1547908408,FW,http,68.131.57.243,74.125.105.30,ACCEPT,3,,,,,0
914,1547908411,FW,http,68.39.211.90,74.125.105.30,ACCEPT,1,,,,,0
915,1547908413,FW,http,69.248.114.132,74.125.105.31,ACCEPT,5,,,,,0
916,1547908414,FW,http,209.147.36.50,74.125.103.22,ACCEPT,6,,,,,0
917,1547908414,FW,http,68.248.216.186,74.125.103.22,DROP,5,,,,,0
918,1547908417,FW,http,69.147.68.211,74.125.103.22,ACCEPT,1,,,,,0
919,1547908419,WS,http,68.147.119.92,74.125.103.21,PUT,5,,,,,0
920,1547908419,WS,http,216.248.102.113,74.125.103.22,GET,9,,,,,0
921,1547908420,MS,smtp,68.131.89.175,74.125.103.25,NOOP,5,,,,,0
922,1547908420,WS,http,216.180.97.86,74.125.105.31,GET,9,,,,,0
923,1547908420,WS,http,68.248.120.75,74.125.103.23,CONNECT,6,,,,,0
924,1547908422,FW,http,68.248.187.77,74.125.103.23,DROP,10,,,,,0
925,1547908423,WS,http,209.180.161.158,74.125.103.23,POST,2,,,,,0
926,1547908424,MS,smtp,69.39.142.95,74.125.103.25,MAIL_FROM,7,,,,,0
927,1547908427,FW,ftp,216.147.167.23,74.125.103.21,DROP,8,,,,,0
928,1547908428,MS,smtp,68.180.227.90,74.125.103.24,NOOP,4,,,,,0
929,1547908429,MS,smtp,68.131.189.41,74.125.103.25,NOOP,2,,,,,0
930,1547908431,FW,smtp,69.39.249.185,74.125.103.24,DROP,10,,,,,0
931,1547908434,WS,http,69.39.23.45,74.125.103.20,PUT,6,,,,,0
932,1547908437,FW,ssh,87.131.80.102,74.125.103.21,DROP,9,,,,,0
933,1547908437,WS,http,69.147.192.63,74.125.105.30,TRACE,9,,,,,0
934,1547908437,FW,http,68.180.239.5,74.125.105.30,DROP,4,,,,,0
935,1547908437,WS,http,216.147.115.231,74.125.103.21,TRACE,2,,,,,0
936,1547908438,FW,http,69.147.186.37,74.125.103.22,ACCEPT,9,,,,,0
937,1547908439,WS,http,87.39.73.27,74.125.103.22,OPTIONS,3,,,,,0
938,1547908441,FW,http,216.39.200.252,74.125.105.31,DROP,7,,,,,0
939,1547908442,MS,smtp,69.39.158.248,74.125.103.24,RCPT_TO,7,,,,,0
940,1547908442,MS,smtp,87.39.73.27,74.125.103.25,NOOP,6,,,,,0
941,1547908443,FW,ssh,68.39.95.185,74.125.103.21,DROP,8,,,,,0
942,1547908444,FW,http,87.39.73.27,74.125.103.20,ACCEPT,9,,,,,0
943,1547908444,FW,http,68.180.6.11,74.125.103.23,DROP,6,,,,,0
944,1547908446,MS,smtp,216.147.201.183,74.125.103.25,RSET,7,,,,,0
945,1547908446,FW,http,68.147.122.136,74.125.103.23,ACCEPT,5,,,,,0
946,1547908447,FW,http,216.180.202.142,74.125.105.31,ACCEPT,6,,,,,0
947,1547908450,FW,ftp,69.147.81.17,74.125.103.24,DROP,9,,,,,0
948,1547908453,FW,ftp,87.131.195.217,74.125.103.22,ACCEPT,5,,,,,0
949,1547908454,FW,ftp,209.180.167.126,74.125.105.31,DROP,10,,,,,0
950,1547908456,WS,http,209.131.238.213,74.125.103.23,GET,8,,,,,0
951,1547908457,WS,http,209.131.192.2,74.125.103.22,TRACE,1,,,,,0
952,1547908458,MS,smtp,87.147.137.230,74.125.103.24,HELO,9,,,,,0
953,1547908459,WS,http,68.39.18.96,74.125.103.20,TRACE,7,,,,,0
954,1547908460,FW,ftp,209.131.56.75,74.125.103.25,ACCEPT,3,,,,,0
955,1547908460,WS,http,68.180.54.154,74.125.103.20,CONNECT,6,,,,,0
956,1547908460,FW,ftp,68.180.54.154,74.125.103.24,ACCEPT,3,,,,,0
957,1547908460,WS,http,209.131.56.75,74.125.103.21,TRACE,4,,,,,0
958,1547908461,WS,http,209.131.56.75,74.125.103.22,POST,9,,,,,0
959,1547908464,FW,smtp,69.131.193.227,74.125.103.25,DROP,5,,,,,0
960,1547908465,FW,http,68.180.54.154,74.125.103.20,ACCEPT,5,,,,,0
961,1547908465,FW,smtp,69.131.193.227,74.125.103.25,DROP,8,,,,,0
962,1547908468,FW,http,69.180.57.110,74.125.103.20,ACCEPT,4,,,,,0
963,1547908469,WS,http,216.131.131.252,74.125.103.21,HEAD,5,,,,,0
964,1547908472,WS,http,69.131.193.227,74.125.103.23,HEAD,2,,,,,0
965,1547908473,FW,ftp,87.147.125.96,74.125.103.22,DROP,6,,,,,0
966,1547908475,WS,http,69.39.23.45,74.125.103.23,POST,3,,,,,0
967,1547908476,WS,http,69.39.142.95,74.125.105.30,GET,7,,,,,0
968,1547908477,WS,http,216.131.3.65,74.125.103.22,OPTIONS,3,,,,,0
969,1547908478,MS,smtp,69.147.16.197,74.125.103.25,RSET,4,,,,,0
970,1547908479,WS,http,216.147.178.133,74.125.103.22,POST,6,,,,,0
971,1547908481,MS,smtp,216.131.3.65,74.125.103.25,NOOP,6,,,,,0
972,1547908483,MS,smtp,68.180.174.80,74.125.103.24,MAIL_FROM,4,,,,,0
973,1547908484,FW,http,209.147.36.50,74.125.103.23,ACCEPT,5,,,,,0
974,1547908485,FW,http,209.131.20.238,74.125.103.23,ACCEPT,7,,,,,0
975,1547908486,FW,http,216.131.3.65,74.125.103.20,ACCEPT,9,,,,,0
976,1547908489,WS,http,68.180.77.216,74.125.105.31,CONNECT,3,,,,,0
977,1547908490,MS,smtp,68.39.189.218,74.125.103.24,EHLO,6,,,,,0
978,1547908490,FW,ftp,69.248.148.104,74.125.103.25,ACCEPT,10,,,,,0
979,1547908493,FW,ssh,87.39.182.133,74.125.103.22,ACCEPT,5,,,,,0
980,1547908493,MS,smtp,69.131.43.194,74.125.103.24,RCPT_TO,1,,,,,0
981,1547908494,MS,smtp,87.180.22.47,74.125.103.25,EHLO,4,,,,,0
982,1547908495,MS,smtp,69.147.108.65,74.125.103.24,MAIL_FROM,7,,,,,0
983,1547908497,FW,http,69.248.114.132,74.125.103.23,DROP,4,,,,,0
984,1547908499,FW,ftp,69.147.116.248,74.125.103.25,ACCEPT,3,,,,,0
985,1547908500,WS,http,69.147.116.248,74.125.103.21,TRACE,4,,,,,0
986,1547908500,MS,smtp,68.180.159.34,74.125.103.25,QUIT,4,,,,,0
987,1547908502,WS,http,216.131.156.2,74.125.105.31,GET,5,,,,,0
988,1547908502,WS,http,68.180.239.5,74.125.105.31,TRACE,5,,,,,0
989,1547908502,WS,http,69.147.116.248,74.125.103.22,POST,9,,,,,0
990,1547908503,WS,http,68.180.54.154,74.125.103.20,PUT,5,,,,,0
991,1547908505,FW,http,87.180.143.177,74.125.103.22,DROP,3,,,,,0
992,1547908506,FW,http,69.248.148.104,74.125.103.21,ACCEPT,3,,,,,0
993,1547908507,WS,http,209.248.223.29,74.125.103.23,HEAD,5,,,,,0
994,1547908508,FW,http,209.147.165.197,74.125.103.23,DROP,3,,,,,0
995,1547908508,FW,ftp,69.147.173.208,74.125.103.22,ACCEPT,7,,,,,0
996,1547908511,FW,http,216.39.239.139,74.125.103.23,DROP,5,,,,,0
997,1547908512,FW,http,87.39.119.11,74.125.105.30,ACCEPT,9,,,,,0
998,1547908512,FW,http,69.147.149.175,74.125.103.20,DROP,2,,,,,0
999,1547908513,WS,http,69.180.84.245,74.125.103.21,PUT,9,,,,,0
