0,1547922002,MS,smtp,68.131.115.183,74.125.103.25,RSET,1,,,,,0
1,1547922003,FW,smtp,69.248.25.161,74.125.103.24,DROP,6,,,,,0
2,1547922003,FW,http,87.39.55.208,74.125.103.21,DROP,7,,,,,0
3,1547922003,WS,http,216.39.237.142,74.125.103.21,OPTIONS,6,,,,,0
4,1547922004,WS,http,69.131.192.80,74.125.105.31,GET,1,,,,,0
5,1547922006,FW,http,216.131.230.107,74.125.105.30,ACCEPT,5,,,,,0
6,1547922007,MS,smtp,68.147.23.237,74.125.103.24,RCPT_TO,1,,,,,0
7,1547922008,FW,ftp,216.131.192.211,74.125.103.22,ACCEPT,5,,,,,0
8,1547922008,MS,smtp,69.39.102.198,74.125.103.25,MAIL_FROM,2,,,,,0
9,1547922009,MS,smtp,68.180.45.246,74.125.103.24,HELO,4,,,,,0
10,1547922009,WS,http,68.248.184.196,74.125.103.22,OPTIONS,5,,,,,0
11,1547922011,FW,http,68.180.45.246,74.125.103.20,DROP,4,,,,,0
12,1547922012,WS,http,68.180.209.126,74.125.105.31,TRACE,8,,,,,0
13,1547922015,WS,http,68.248.21.141,74.125.103.21,HEAD,7,,,,,0
14,1547922016,WS,http,68.248.106.74,74.125.103.23,POST,1,,,,,0
15,1547922017,WS,http,68.131.213.114,74.125.105.30,POST,9,,,,,0
16,1547922018,WS,http,216.248.241.87,74.125.103.20,GET,3,,,,,0
17,1547922018,FW,http,68.131.22.62,74.125.103.23,DROP,10,,,,,0
18,1547922019,FW,http,69.131.171.15,74.125.103.21,DROP,6,,,,,0
19,1547922020,MS,smtp,68.180.118.172,74.125.103.24,AUTH,3,,,,,0
20,1547922022,WS,http,216.180.54.95,74.125.103.20,HEAD,6,,,,,0
21,1547922024,WS,http,69.39.144.159,74.125.105.31,GET,3,,,,,0
22,1547922025,WS,http,209.39.184.11,74.125.103.20,PUT,1,,,,,0
23,1547922026,FW,smtp,209.131.26.43,74.125.103.24,ACCEPT,5,,,,,0
24,1547922028,FW,http,69.180.119.78,74.125.105.31,ACCEPT,8,,,,,0
25,1547922029,WS,http,209.147.25.77,74.125.103.22,TRACE,4,,,,,0
26,1547922030,WS,http,68.180.45.246,74.125.105.31,HEAD,8,,,,,0
27,1547922030,WS,http,209.39.75.66,74.125.103.22,GET,1,,,,,0
28,1547922032,WS,http,69.39.71.180,74.125.103.23,POST,1,,,,,0
29,1547922032,FW,ftp,68.39.43.36,74.125.105.31,DROP,2,,,,,0
30,1547922033,WS,http,87.131.248.193,74.125.103.21,CONNECT,8,,,,,0
31,1547922034,FW,ftp,87.147.105.163,74.125.103.24,DROP,7,,,,,0
32,1547922034,WS,http,69.248.94.252,74.125.103.22,TRACE,9,,,,,0
33,1547922035,MS,smtp,68.39.138.135,74.125.103.24,RCPT_TO,5,,,,,0
34,1547922036,FW,smtp,69.131.15.190,74.125.103.25,ACCEPT,8,,,,,0
35,1547922038,WS,http,69.248.94.252,74.125.103.20,POST,6,,,,,0
36,1547922040,WS,http,69.39.111.84,74.125.105.31,GET,5,,,,,0
37,1547922041,FW,ftp,68.131.36.128,74.125.105.30,ACCEPT,2,,,,,0
38,1547922041,FW,http,87.180.13.243,74.125.105.31,ACCEPT,10,,,,,0
39,1547922041,WS,http,68.147.34.104,74.125.105.31,POST,6,,,,,0
40,1547922041,FW,http,68.248.185.230,74.125.105.30,ACCEPT,9,,,,,0
41,1547922042,MS,smtp,87.180.164.80,74.125.103.24,QUIT,1,,,,,0
42,1547922042,FW,http,87.180.136.101,74.125.103.23,ACCEPT,8,,,,,0
43,1547922042,WS,http,216.248.160.111,74.125.103.21,CONNECT,8,,,,,0
44,1547922042,WS,http,87.248.218.202,74.125.103.20,HEAD,5,,,,,0
45,1547922043,WS,http,68.131.80.193,74.125.103.21,HEAD,5,,,,,0
46,1547922045,WS,http,68.131.80.193,74.125.105.30,HEAD,6,,,,,0
47,1547922046,WS,http,216.147.190.96,74.125.103.23,GET,8,,,,,0
48,1547922046,FW,ssh,209.180.67.173,74.125.103.22,DROP,2,,,,,0
49,1547922048,MS,smtp,68.147.91.56,74.125.103.24,MAIL_FROM,8,,,,,0
50,1547922049,FW,ssh,87.248.144.117,74.125.103.25,DROP,4,,,,,0
51,1547922050,FW,http,68.131.139.94,74.125.103.21,ACCEPT,3,,,,,0
52,1547922051,FW,http,68.248.179.113,74.125.105.31,ACCEPT,1,,,,,0
53,1547922051,FW,ftp,216.39.176.182,74.125.105.30,ACCEPT,9,,,,,0
54,1547922052,WS,http,87.248.218.202,74.125.103.21,CONNECT,3,,,,,0
55,1547922053,MS,smtp,209.147.25.77,74.125.103.25,NOOP,7,,,,,0
56,1547922054,MS,smtp,69.248.128.71,74.125.103.25,DATA,6,,,,,0
57,1547922057,WS,http,69.39.92.126,74.125.103.21,OPTIONS,8,,,,,0
58,1547922058,MS,smtp,87.180.164.80,74.125.103.24,RCPT_TO,1,,,,,0
59,1547922060,MS,smtp,216.147.190.96,74.125.103.24,NOOP,6,,,,,0
60,1547922060,FW,http,68.39.228.123,74.125.105.30,ACCEPT,1,,,,,0
61,1547922062,WS,http,68.131.193.14,74.125.105.30,HEAD,2,,,,,0
62,1547922063,WS,http,216.180.211.232,74.125.103.20,CONNECT,5,,,,,0
63,1547922065,WS,http,69.147.6.11,74.125.103.23,CONNECT,2,,,,,0
64,1547922066,MS,smtp,209.39.93.95,74.125.103.24,EHLO,6,,,,,0
65,1547922069,FW,http,68.39.18.97,74.125.103.20,ACCEPT,3,,,,,0
66,1547922072,MS,smtp,216.180.96.187,74.125.103.24,HELO,9,,,,,0
67,1547922074,MS,smtp,87.248.160.63,74.125.103.24,EHLO,8,,,,,0
68,1547922076,WS,http,87.39.30.28,74.125.103.22,PUT,2,,,,,0
69,1547922077,MS,smtp,209.131.26.43,74.125.103.25,RSET,9,,,,,0
70,1547922080,WS,http,209.39.216.99,74.125.103.20,GET,3,,,,,0
71,1547922080,FW,ftp,68.131.140.215,74.125.105.31,DROP,8,,,,,0
72,1547922081,FW,ssh,68.248.74.169,74.125.105.31,ACCEPT,7,,,,,0
73,1547922083,WS,http,216.39.176.182,74.125.103.22,GET,7,,,,,0
74,1547922084,WS,http,216.39.190.7,74.125.103.21,GET,2,,,,,0
75,1547922086,WS,http,209.131.129.84,74.125.103.23,CONNECT,8,,,,,0
76,1547922087,WS,http,209.39.226.26,74.125.103.23,POST,5,,,,,0
77,1547922089,WS,http,216.147.231.154,74.125.105.31,OPTIONS,5,,,,,0
78,1547922090,WS,http,216.131.230.107,74.125.103.20,OPTIONS,5,,,,,0
79,1547922090,WS,http,209.248.108.243,74.125.103.20,CONNECT,2,,,,,0
80,1547922091,FW,http,87.180.164.80,74.125.103.23,DROP,7,,,,,0
81,1547922092,MS,smtp,216.147.190.96,74.125.103.25,NOOP,3,,,,,0
82,1547922092,FW,http,69.248.206.34,74.125.103.22,ACCEPT,5,,,,,0
83,1547922092,WS,http,68.131.139.94,74.125.105.31,POST,7,,,,,0
84,1547922095,FW,ssh,216.248.146.179,74.125.105.30,ACCEPT,1,,,,,0
85,1547922096,FW,http,216.248.228.217,74.125.105.30,DROP,1,,,,,0
86,1547922097,MS,smtp,87.39.187.228,74.125.103.24,SEND,7,,,,,0
87,1547922098,FW,ssh,69.248.206.34,74.125.103.20,DROP,1,,,,,0
88,1547922099,MS,smtp,87.147.200.186,74.125.103.25,AUTH,2,,,,,0
89,1547922099,WS,http,216.147.237.36,74.125.105.31,TRACE,1,,,,,0
90,1547922100,WS,http,69.180.129.79,74.125.105.31,TRACE,1,,,,,0
91,1547922100,FW,smtp,209.131.79.152,74.125.103.24,ACCEPT,5,,,,,0
92,1547922101,WS,http,209.147.25.77,74.125.105.31,GET,2,,,,,0
93,1547922103,FW,ssh,209.39.212.207,74.125.103.22,DROP,9,,,,,0
94,1547922105,FW,http,68.131.115.183,74.125.103.20,ACCEPT,3,,,,,0
95,1547922107,WS,http,216.147.6.108,74.125.105.30,CONNECT,2,,,,,0
96,1547922107,MS,smtp,209.147.164.160,74.125.103.25,NOOP,7,,,,,0
97,1547922108,WS,http,68.39.18.97,74.125.103.21,PUT,9,,,,,0
98,1547922109,FW,http,209.131.79.152,74.125.105.30,ACCEPT,10,,,,,0
99,1547922109,FW,http,216.248.146.179,74.125.103.23,DROP,9,,,,,0
100,1547922111,MS,smtp,87.39.85.113,74.125.103.25,QUIT,2,,,,,0
101,1547922111,FW,http,216.147.237.164,74.125.103.20,ACCEPT,5,,,,,0
102,1547922113,WS,http,209.131.26.43,74.125.105.30,GET,6,,,,,0
103,1547922115,FW,ftp,216.147.237.36,74.125.103.25,ACCEPT,6,,,,,0
104,1547922116,MS,smtp,216.39.53.135,74.125.103.24,EHLO,7,,,,,1
105,1547922118,WS,http,216.39.246.166,74.125.103.20,GET,6,,,,,0
106,1547922121,WS,http,87.248.160.63,74.125.105.30,TRACE,2,,,,,0
107,1547922122,FW,ssh,69.39.190.97,74.125.103.21,DROP,10,,,,,0
108,1547922123,WS,http,209.147.164.160,74.125.105.31,GET,2,,,,,0
109,1547922126,MS,smtp,69.147.197.108,74.125.103.24,EHLO,7,,,,,2
110,1547922128,FW,http,216.248.228.217,74.125.103.20,ACCEPT,4,,,,,0
111,1547922129,WS,http,216.180.177.220,74.125.105.31,OPTIONS,9,,,,,0
112,1547922129,FW,ftp,87.248.214.127,74.125.103.22,ACCEPT,3,,,,,0
113,1547922130,MS,smtp,87.180.217.155,74.125.103.24,EHLO,7,,,,,3
114,1547922133,MS,smtp,216.131.201.175,74.125.103.24,QUIT,2,,,,,0
115,1547922133,WS,http,87.180.217.155,74.125.105.31,HEAD,6,,,,,3
116,1547922133,WS,http,209.39.93.95,74.125.103.21,HEAD,5,,,,,0
117,1547922133,FW,http,209.147.164.160,74.125.103.21,ACCEPT,4,,,,,0
118,1547922135,WS,http,69.147.197.108,74.125.105.31,HEAD,6,,,,,2
119,1547922136,WS,http,216.248.66.96,74.125.103.21,GET,6,,,,,0
120,1547922137,FW,ftp,69.180.129.79,74.125.103.25,ACCEPT,6,,,,,0
121,1547922139,MS,smtp,209.248.216.241,74.125.103.25,AUTH,1,,,,,0
122,1547922141,FW,http,69.39.211.131,74.125.103.23,ACCEPT,7,,,,,0
123,1547922142,FW,http,209.147.25.77,74.125.103.21,ACCEPT,4,,,,,0
124,1547922142,WS,http,216.147.237.36,74.125.105.30,GET,6,,,,,0
125,1547922143,MS,smtp,69.131.221.109,74.125.103.25,AUTH,2,,,,,0
126,1547922145,WS,http,68.131.115.183,74.125.103.21,PUT,9,,,,,0
127,1547922145,WS,http,216.147.42.124,74.125.103.23,HEAD,4,,,,,0
128,1547922145,WS,http,87.180.84.74,74.125.105.31,OPTIONS,1,,,,,0
129,1547922146,WS,http,68.131.51.32,74.125.103.22,PUT,6,,,,,0
130,1547922148,WS,http,87.180.217.155,74.125.103.23,HEAD,5,,,,,3
131,1547922150,MS,smtp,87.180.15.87,74.125.103.24,EHLO,7,,,,,4
132,1547922151,MS,smtp,68.131.146.69,74.125.103.25,RSET,5,,,,,0
133,1547922152,MS,smtp,209.39.96.12,74.125.103.25,QUIT,1,,,,,0
134,1547922152,WS,http,209.147.77.236,74.125.105.31,OPTIONS,9,,,,,0
135,1547922152,FW,smtp,209.39.248.159,74.125.103.24,DROP,2,,,,,0
136,1547922153,FW,ssh,209.147.25.77,74.125.103.21,DROP,1,,,,,0
137,1547922155,WS,http,87.248.189.187,74.125.105.31,TRACE,1,,,,,0
138,1547922156,FW,ssh,68.39.18.97,74.125.103.24,ACCEPT,9,,,,,0
139,1547922159,FW,http,216.131.61.72,74.125.103.23,ACCEPT,4,,,,,0
140,1547922160,WS,http,216.39.53.135,74.125.105.31,HEAD,6,,,,,1
141,1547922161,MS,smtp,209.39.93.95,74.125.103.25,EHLO,8,,,,,0
142,1547922162,MS,smtp,209.131.79.152,74.125.103.25,RSET,9,,,,,0
143,1547922162,WS,http,68.180.235.244,74.125.103.21,GET,6,,,,,0
144,1547922165,MS,smtp,69.147.59.9,74.125.103.25,NOOP,7,,,,,0
145,1547922165,FW,smtp,68.39.43.36,74.125.103.24,ACCEPT,5,,,,,0
146,1547922166,MS,smtp,209.39.93.95,74.125.103.24,HELO,4,,,,,0
147,1547922168,WS,http,69.131.55.145,74.125.103.21,PUT,5,,,,,0
148,1547922169,WS,http,69.180.129.79,74.125.105.30,GET,6,,,,,0
149,1547922169,MS,smtp,87.39.30.28,74.125.103.24,HELO,4,,,,,0
150,1547922170,MS,smtp,87.180.75.87,74.125.103.25,DATA,9,,,,,0
151,1547922171,MS,smtp,87.248.160.63,74.125.103.24,AUTH,4,,,,,0
152,1547922174,FW,ssh,68.131.115.183,74.125.103.24,ACCEPT,9,,,,,0
153,1547922174,FW,http,209.39.93.95,74.125.103.20,DROP,4,,,,,0
154,1547922177,WS,http,216.147.200.242,74.125.105.31,OPTIONS,8,,,,,0
155,1547922178,FW,http,216.248.146.179,74.125.103.22,DROP,6,,,,,0
156,1547922180,MS,smtp,68.180.111.150,74.125.103.24,EHLO,7,,,,,5
157,1547922181,FW,ftp,87.248.189.187,74.125.103.25,ACCEPT,6,,,,,0
158,1547922182,FW,http,216.39.237.142,74.125.103.23,ACCEPT,1,,,,,0
159,1547922183,WS,http,69.147.59.9,74.125.105.31,GET,2,,,,,0
160,1547922183,FW,smtp,209.147.62.156,74.125.103.24,ACCEPT,5,,,,,0
161,1547922183,WS,http,68.180.111.150,74.125.105.31,HEAD,6,,,,,5
162,1547922184,WS,http,87.39.55.208,74.125.105.31,POST,4,,,,,0
163,1547922184,MS,smtp,68.147.148.113,74.125.103.24,HELO,4,,,,,0
164,1547922184,WS,http,87.180.15.87,74.125.105.31,HEAD,6,,,,,4
165,1547922184,MS,smtp,69.180.196.39,74.125.103.24,EHLO,7,,,,,6
166,1547922186,WS,http,69.147.197.108,74.125.103.23,HEAD,5,,,,,2
167,1547922187,WS,http,87.180.84.74,74.125.103.21,TRACE,4,,,,,0
168,1547922190,WS,http,69.180.115.66,74.125.103.20,CONNECT,4,,,,,0
169,1547922191,WS,http,209.131.79.152,74.125.105.30,GET,6,,,,,0
170,1547922192,MS,smtp,69.39.50.205,74.125.103.24,EHLO,7,,,,,7
171,1547922194,MS,smtp,87.180.136.101,74.125.103.25,AUTH,3,,,,,0
172,1547922197,WS,http,69.39.50.205,74.125.105.31,HEAD,6,,,,,7
173,1547922198,MS,smtp,68.39.18.97,74.125.103.24,HELO,4,,,,,0
174,1547922201,FW,ssh,68.147.63.145,74.125.103.22,ACCEPT,4,,,,,0
175,1547922203,MS,smtp,87.180.75.87,74.125.103.24,EHLO,7,,,,,8
176,1547922204,FW,ssh,209.180.108.94,74.125.103.21,DROP,4,,,,,0
177,1547922205,MS,smtp,209.147.62.156,74.125.103.25,RSET,9,,,,,0
178,1547922207,WS,http,209.147.62.156,74.125.105.30,GET,6,,,,,0
179,1547922208,FW,http,87.39.30.28,74.125.103.20,DROP,4,,,,,0
180,1547922208,WS,http,216.39.53.135,74.125.103.23,HEAD,5,,,,,1
181,1547922209,WS,http,209.39.93.95,74.125.105.31,HEAD,8,,,,,0
182,1547922209,FW,http,69.147.6.11,74.125.103.20,DROP,2,,,,,0
183,1547922210,MS,smtp,209.180.190.225,74.125.103.24,SEND,1,,,,,0
184,1547922210,MS,smtp,68.39.43.36,74.125.103.25,RSET,9,,,,,0
185,1547922210,WS,http,68.180.111.150,74.125.103.23,HEAD,5,,,,,5
186,1547922212,WS,http,216.180.146.5,74.125.105.31,GET,5,,,,,0
187,1547922213,WS,http,68.131.115.183,74.125.103.21,GET,6,,,,,0
188,1547922214,MS,smtp,68.131.161.169,74.125.103.24,HELO,9,,,,,0
189,1547922214,WS,http,87.39.30.28,74.125.105.31,HEAD,8,,,,,0
190,1547922217,WS,http,87.248.189.187,74.125.105.30,GET,6,,,,,0
191,1547922218,WS,http,69.180.196.39,74.125.105.31,HEAD,6,,,,,6
192,1547922218,WS,http,69.180.196.39,74.125.103.23,HEAD,5,,,,,6
193,1547922220,MS,smtp,216.147.237.36,74.125.103.25,RCPT_TO,6,,,,,0
194,1547922220,MS,smtp,87.248.224.226,74.125.103.24,SEND,9,,,,,0
195,1547922222,WS,http,68.180.235.244,74.125.103.22,POST,3,,,,,0
196,1547922224,FW,smtp,87.180.235.242,74.125.103.24,ACCEPT,4,,,,,0
197,1547922227,WS,http,87.131.59.61,74.125.103.21,POST,6,,,,,0
198,1547922228,WS,http,87.180.75.87,74.125.105.31,HEAD,6,,,,,8
199,1547922228,FW,ftp,87.39.69.107,74.125.103.24,ACCEPT,3,,,,,0
200,1547922230,MS,smtp,216.248.66.96,74.125.103.24,HELO,4,,,,,0
201,1547922231,FW,http,69.147.59.9,74.125.103.21,ACCEPT,4,,,,,0
202,1547922231,WS,http,68.248.27.91,74.125.103.20,HEAD,5,,,,,0
203,1547922232,FW,http,216.248.66.96,74.125.103.20,DROP,4,,,,,0
204,1547922233,WS,http,68.39.138.135,74.125.103.23,GET,5,,,,,0
205,1547922234,WS,http,87.180.75.87,74.125.103.23,HEAD,5,,,,,8
206,1547922234,FW,ftp,69.180.129.79,74.125.103.20,DROP,1,,,,,0
207,1547922234,MS,smtp,87.131.248.193,74.125.103.24,RSET,8,,,,,0
208,1547922237,WS,http,69.39.71.180,74.125.103.22,GET,2,,,,,0
209,1547922239,WS,http,87.131.186.73,74.125.105.31,OPTIONS,4,,,,,0
210,1547922240,FW,http,68.147.148.113,74.125.103.20,DROP,4,,,,,0
211,1547922241,WS,http,216.147.118.115,74.125.105.31,TRACE,1,,,,,0
212,1547922244,WS,http,216.248.66.96,74.125.105.31,HEAD,8,,,,,0
213,1547922245,MS,smtp,68.180.91.68,74.125.103.24,DATA,9,,,,,0
214,1547922246,FW,http,68.39.18.97,74.125.103.20,DROP,4,,,,,0
215,1547922249,WS,http,87.180.15.87,74.125.103.23,HEAD,5,,,,,4
216,1547922249,WS,http,69.131.221.109,74.125.103.22,HEAD,8,,,,,0
217,1547922249,WS,http,216.39.154.92,74.125.105.30,GET,6,,,,,0
218,1547922249,WS,http,209.248.43.103,74.125.105.31,HEAD,6,,,,,0
219,1547922250,MS,smtp,216.147.237.164,74.125.103.25,NOOP,6,,,,,0
220,1547922251,WS,http,209.180.117.82,74.125.105.30,POST,5,,,,,0
221,1547922252,WS,http,69.39.50.205,74.125.103.23,HEAD,5,,,,,7
222,1547922254,WS,http,69.180.119.78,74.125.105.30,OPTIONS,9,,,,,0
223,1547922254,MS,smtp,69.180.90.163,74.125.103.24,MAIL_FROM,2,,,,,0
224,1547922254,FW,smtp,216.39.224.68,74.125.103.24,ACCEPT,5,,,,,0
225,1547922256,FW,ftp,69.248.65.38,74.125.105.30,DROP,6,,,,,0
226,1547922258,MS,smtp,87.180.15.87,74.125.103.25,SEND,5,,,,,0
227,1547922259,WS,http,69.39.111.84,74.125.103.20,TRACE,8,,,,,0
228,1547922259,FW,http,68.147.63.145,74.125.103.23,DROP,5,,,,,0
229,1547922262,FW,ssh,87.180.164.80,74.125.105.30,ACCEPT,7,,,,,0
230,1547922262,MS,smtp,69.147.19.132,74.125.103.24,QUIT,5,,,,,0
231,1547922263,WS,http,68.39.43.36,74.125.105.30,GET,6,,,,,0
232,1547922264,WS,http,209.131.43.222,74.125.103.22,OPTIONS,1,,,,,0
233,1547922264,MS,smtp,69.131.222.46,74.125.103.25,MAIL_FROM,4,,,,,0
234,1547922267,WS,http,68.39.235.69,74.125.105.31,TRACE,1,,,,,0
235,1547922269,WS,http,68.39.18.97,74.125.105.31,HEAD,8,,,,,0
236,1547922270,FW,http,87.248.83.37,74.125.105.30,DROP,9,,,,,0
237,1547922270,WS,http,216.131.73.86,74.125.105.30,PUT,8,,,,,0
238,1547922271,MS,smtp,209.39.184.11,74.125.103.24,NOOP,1,,,,,0
239,1547922273,FW,ssh,209.248.181.83,74.125.103.20,DROP,8,,,,,0
240,1547922274,FW,ftp,209.39.155.177,74.125.105.30,ACCEPT,10,,,,,0
241,1547922275,MS,smtp,209.131.63.202,74.125.103.24,EHLO,7,,,,,9
242,1547922275,FW,ftp,209.39.80.86,74.125.103.23,DROP,1,,,,,0
243,1547922278,MS,smtp,216.147.132.141,74.125.103.24,RSET,7,,,,,0
244,1547922279,WS,http,68.147.148.113,74.125.105.31,HEAD,8,,,,,0
245,1547922281,WS,http,216.39.176.182,74.125.105.30,PUT,3,,,,,0
246,1547922282,FW,ftp,68.131.213.114,74.125.103.20,ACCEPT,7,,,,,0
247,1547922285,MS,smtp,216.39.224.68,74.125.103.25,RSET,9,,,,,0
248,1547922285,FW,http,216.131.95.80,74.125.103.23,ACCEPT,2,,,,,0
249,1547922286,FW,http,68.131.81.40,74.125.103.20,ACCEPT,3,,,,,0
250,1547922286,WS,http,69.248.232.103,74.125.105.31,TRACE,1,,,,,0
251,1547922287,FW,smtp,87.39.55.208,74.125.103.25,ACCEPT,3,,,,,0
252,1547922288,FW,ssh,209.248.186.130,74.125.103.24,ACCEPT,5,,,,,0
253,1547922288,WS,http,216.248.160.111,74.125.105.31,HEAD,6,,,,,0
254,1547922291,FW,smtp,87.248.83.37,74.125.103.24,DROP,4,,,,,0
255,1547922292,WS,http,69.147.197.108,74.125.103.22,TRACE,2,,,,,0
256,1547922293,FW,http,216.248.228.217,74.125.103.20,ACCEPT,3,,,,,0
257,1547922293,WS,http,216.39.224.68,74.125.105.30,GET,6,,,,,0
258,1547922295,FW,ssh,209.39.157.162,74.125.105.30,ACCEPT,8,,,,,0
259,1547922295,MS,smtp,69.147.59.9,74.125.103.25,EHLO,7,,,,,0
260,1547922297,FW,ftp,216.147.118.115,74.125.103.25,ACCEPT,6,,,,,0
261,1547922297,WS,http,209.39.50.207,74.125.103.21,POST,6,,,,,0
262,1547922297,FW,http,69.147.197.108,74.125.105.30,DROP,5,,,,,0
263,1547922299,WS,http,68.131.161.169,74.125.105.31,TRACE,1,,,,,0
264,1547922300,WS,http,209.131.63.202,74.125.105.31,HEAD,6,,,,,9
265,1547922301,MS,smtp,68.248.248.87,74.125.103.25,EHLO,9,,,,,0
266,1547922301,MS,smtp,68.248.106.74,74.125.103.25,SEND,3,,,,,0
267,1547922302,FW,ftp,69.248.232.103,74.125.103.25,ACCEPT,6,,,,,0
268,1547922305,MS,smtp,69.147.238.13,74.125.103.24,EHLO,7,,,,,10
269,1547922306,WS,http,87.180.136.101,74.125.105.30,CONNECT,2,,,,,0
270,1547922307,FW,ftp,209.248.179.49,74.125.105.30,ACCEPT,4,,,,,0
271,1547922310,WS,http,216.248.228.217,74.125.103.21,PUT,9,,,,,0
272,1547922312,MS,smtp,69.39.17.213,74.125.103.24,AUTH,7,,,,,0
273,1547922313,MS,smtp,68.39.180.133,74.125.103.25,RSET,2,,,,,0
274,1547922314,FW,ssh,69.39.185.148,74.125.103.23,DROP,10,,,,,0
275,1547922314,WS,http,216.180.177.128,74.125.103.23,GET,1,,,,,0
276,1547922314,FW,ftp,87.131.59.11,74.125.103.23,DROP,5,,,,,0
277,1547922316,WS,http,87.180.220.222,74.125.103.23,PUT,2,,,,,0
278,1547922317,MS,smtp,69.180.224.219,74.125.103.24,HELO,4,,,,,0
279,1547922317,WS,http,216.131.61.72,74.125.105.31,OPTIONS,3,,,,,0
280,1547922317,FW,http,87.180.88.148,74.125.103.22,DROP,3,,,,,0
281,1547922320,WS,http,69.147.238.13,74.125.105.31,HEAD,6,,,,,10
282,1547922321,MS,smtp,87.180.15.87,74.125.103.24,EHLO,7,,,,,11
283,1547922322,FW,ftp,68.39.235.69,74.125.103.25,ACCEPT,6,,,,,0
284,1547922325,FW,http,209.147.20.193,74.125.105.30,DROP,8,,,,,0
285,1547922325,MS,smtp,216.39.53.135,74.125.103.24,EHLO,7,,,,,12
286,1547922326,MS,smtp,216.180.95.183,74.125.103.24,QUIT,8,,,,,0
287,1547922327,WS,http,69.248.219.111,74.125.105.30,GET,3,,,,,0
288,1547922327,FW,smtp,209.180.117.82,74.125.103.25,DROP,3,,,,,0
289,1547922328,MS,smtp,87.39.55.208,74.125.103.24,EHLO,7,,,,,13
290,1547922329,FW,ftp,69.147.19.132,74.125.105.30,DROP,8,,,,,0
291,1547922330,WS,http,216.147.118.115,74.125.105.30,GET,6,,,,,0
292,1547922332,MS,smtp,68.248.179.113,74.125.103.25,NOOP,7,,,,,0
293,1547922332,FW,http,69.180.224.219,74.125.103.20,DROP,4,,,,,0
294,1547922333,WS,http,68.131.81.40,74.125.103.21,PUT,9,,,,,0
295,1547922334,FW,ftp,216.248.241.87,74.125.103.20,DROP,3,,,,,0
296,1547922337,MS,smtp,69.147.238.121,74.125.103.24,EHLO,7,,,,,14
297,1547922338,MS,smtp,209.39.224.86,74.125.103.24,DATA,7,,,,,0
298,1547922339,FW,ftp,68.131.51.32,74.125.103.23,DROP,10,,,,,0
299,1547922341,FW,ftp,216.180.25.198,74.125.103.21,DROP,5,,,,,0
300,1547922342,FW,ftp,68.131.161.169,74.125.103.25,ACCEPT,6,,,,,0
301,1547922343,MS,smtp,87.248.55.117,74.125.103.24,EHLO,7,,,,,15
302,1547922343,FW,smtp,209.147.182.157,74.125.103.25,DROP,8,,,,,0
303,1547922344,WS,http,68.39.235.69,74.125.105.30,PUT,5,,,,,0
304,1547922345,WS,http,87.131.186.73,74.125.105.31,TRACE,6,,,,,0
305,1547922345,FW,ftp,68.39.235.69,74.125.103.25,DROP,5,,,,,0
306,1547922345,WS,http,87.39.55.208,74.125.105.31,HEAD,6,,,,,13
307,1547922346,WS,http,87.180.15.87,74.125.105.31,HEAD,6,,,,,11
308,1547922348,FW,http,216.248.66.96,74.125.105.31,DROP,2,,,,,0
309,1547922349,WS,http,216.39.53.135,74.125.105.31,HEAD,6,,,,,12
310,1547922352,FW,ftp,209.180.190.225,74.125.103.21,DROP,1,,,,,0
311,1547922353,MS,smtp,69.180.75.187,74.125.103.25,AUTH,7,,,,,0
312,1547922353,WS,http,69.180.224.219,74.125.105.31,HEAD,8,,,,,0
313,1547922354,FW,ssh,68.131.81.40,74.125.103.24,ACCEPT,9,,,,,0
314,1547922354,WS,http,209.131.63.202,74.125.103.23,HEAD,5,,,,,9
315,1547922355,FW,ftp,87.180.235.242,74.125.103.20,ACCEPT,2,,,,,0
316,1547922356,WS,http,69.248.232.103,74.125.105.30,GET,6,,,,,0
317,1547922357,WS,http,69.147.238.13,74.125.103.23,HEAD,5,,,,,10
318,1547922359,FW,http,209.248.186.130,74.125.103.20,ACCEPT,3,,,,,0
319,1547922359,WS,http,87.180.55.94,74.125.103.20,GET,7,,,,,0
320,1547922360,MS,smtp,69.39.17.188,74.125.103.25,NOOP,7,,,,,0
321,1547922361,WS,http,87.180.132.200,74.125.103.22,POST,4,,,,,0
322,1547922362,FW,ssh,216.248.228.217,74.125.103.24,ACCEPT,9,,,,,0
323,1547922363,FW,ftp,69.147.19.132,74.125.103.22,DROP,3,,,,,0
324,1547922363,FW,http,69.147.59.9,74.125.105.31,DROP,1,,,,,0
325,1547922365,MS,smtp,216.131.73.86,74.125.103.25,EHLO,3,,,,,0
326,1547922366,FW,http,216.147.132.141,74.125.105.30,ACCEPT,2,,,,,0
327,1547922368,MS,smtp,87.248.214.127,74.125.103.25,RCPT_TO,5,,,,,0
328,1547922370,WS,http,87.248.55.117,74.125.105.31,HEAD,6,,,,,15
329,1547922372,WS,http,87.131.186.73,74.125.103.21,POST,8,,,,,0
330,1547922375,WS,http,68.39.235.69,74.125.105.30,GET,6,,,,,0
331,1547922376,WS,http,69.147.238.121,74.125.105.31,HEAD,6,,,,,14
332,1547922376,MS,smtp,69.39.201.216,74.125.103.24,EHLO,7,,,,,16
333,1547922378,WS,http,216.39.53.135,74.125.103.23,HEAD,5,,,,,12
334,1547922380,WS,http,87.147.200.186,74.125.103.22,TRACE,9,,,,,0
335,1547922380,FW,http,68.39.18.97,74.125.105.30,ACCEPT,2,,,,,0
336,1547922383,FW,ftp,68.39.228.123,74.125.103.22,ACCEPT,1,,,,,0
337,1547922384,WS,http,68.248.179.113,74.125.105.31,GET,2,,,,,0
338,1547922384,WS,http,209.147.62.156,74.125.103.21,GET,1,,,,,0
339,1547922385,FW,http,69.131.126.216,74.125.103.20,ACCEPT,4,,,,,0
340,1547922386,WS,http,69.147.238.121,74.125.103.23,HEAD,5,,,,,14
341,1547922388,WS,http,69.39.17.188,74.125.105.31,GET,2,,,,,0
342,1547922389,FW,http,68.131.158.8,74.125.105.30,DROP,10,,,,,0
343,1547922391,FW,ssh,69.180.198.122,74.125.103.24,DROP,8,,,,,0
344,1547922392,WS,http,87.39.55.208,74.125.103.23,HEAD,5,,,,,13
345,1547922394,WS,http,216.39.208.53,74.125.105.31,GET,2,,,,,0
346,1547922394,WS,http,87.131.59.61,74.125.103.23,POST,2,,,,,0
347,1547922394,WS,http,209.147.251.236,74.125.103.22,GET,5,,,,,0
348,1547922396,WS,http,68.131.161.169,74.125.105.30,GET,6,,,,,0
349,1547922399,WS,http,87.180.15.87,74.125.103.23,HEAD,5,,,,,11
350,1547922399,FW,ftp,68.39.235.69,74.125.103.23,DROP,3,,,,,0
351,1547922399,FW,ftp,87.39.85.113,74.125.103.23,ACCEPT,2,,,,,0
352,1547922400,FW,smtp,68.180.235.244,74.125.103.24,ACCEPT,5,,,,,0
353,1547922400,WS,http,69.39.201.216,74.125.105.31,HEAD,6,,,,,16
354,1547922401,FW,ftp,87.248.65.77,74.125.103.21,DROP,1,,,,,0
355,1547922404,MS,smtp,216.248.228.217,74.125.103.24,NOOP,4,,,,,0
356,1547922406,FW,ssh,69.147.165.177,74.125.105.30,ACCEPT,2,,,,,0
357,1547922407,WS,http,209.248.186.130,74.125.103.21,PUT,9,,,,,0
358,1547922407,MS,smtp,87.180.88.148,74.125.103.25,AUTH,6,,,,,0
359,1547922407,FW,http,216.180.25.198,74.125.105.30,DROP,3,,,,,0
360,1547922407,WS,http,87.248.55.117,74.125.103.23,HEAD,5,,,,,15
361,1547922407,MS,smtp,68.180.16.252,74.125.103.25,DATA,3,,,,,0
362,1547922409,MS,smtp,69.180.75.187,74.125.103.25,AUTH,3,,,,,0
363,1547922410,FW,http,209.147.182.157,74.125.103.21,ACCEPT,3,,,,,0
364,1547922410,WS,http,216.131.73.86,74.125.103.21,HEAD,2,,,,,0
365,1547922412,FW,ftp,68.147.100.253,74.125.105.30,DROP,5,,,,,0
366,1547922413,WS,http,87.180.217.155,74.125.103.20,OPTIONS,3,,,,,0
367,1547922415,FW,ssh,209.147.173.157,74.125.103.21,ACCEPT,8,,,,,0
368,1547922415,WS,http,216.39.189.124,74.125.103.21,PUT,5,,,,,0
369,1547922415,FW,http,69.39.17.188,74.125.103.21,ACCEPT,4,,,,,0
370,1547922416,FW,ftp,68.180.156.46,74.125.103.24,DROP,1,,,,,0
371,1547922417,FW,http,209.147.106.135,74.125.103.22,ACCEPT,4,,,,,0
372,1547922420,MS,smtp,68.180.235.244,74.125.103.24,HELO,4,,,,,0
373,1547922421,FW,http,68.248.179.113,74.125.103.21,ACCEPT,4,,,,,0
374,1547922422,FW,http,68.180.235.244,74.125.103.20,DROP,4,,,,,0
375,1547922424,WS,http,68.180.235.244,74.125.105.31,HEAD,8,,,,,0
376,1547922426,WS,http,68.147.23.237,74.125.105.30,CONNECT,7,,,,,0
377,1547922428,FW,http,209.180.134.212,74.125.103.20,ACCEPT,3,,,,,0
378,1547922428,WS,http,69.147.50.4,74.125.103.22,CONNECT,5,,,,,0
379,1547922429,FW,http,216.39.208.53,74.125.103.21,ACCEPT,1,,,,,0
380,1547922429,FW,smtp,87.248.182.62,74.125.103.25,DROP,10,,,,,0
381,1547922429,WS,http,69.39.201.216,74.125.103.23,HEAD,5,,,,,16
382,1547922429,MS,smtp,87.131.217.66,74.125.103.24,HELO,4,,,,,0
383,1547922430,FW,http,209.131.79.152,74.125.103.20,ACCEPT,10,,,,,0
384,1547922431,FW,http,68.147.107.210,74.125.105.31,DROP,10,,,,,0
385,1547922432,MS,smtp,69.147.239.125,74.125.103.24,EHLO,7,,,,,17
386,1547922433,WS,http,69.39.128.3,74.125.105.30,GET,8,,,,,0
387,1547922434,FW,http,87.131.217.66,74.125.103.20,DROP,4,,,,,0
388,1547922435,WS,http,69.147.239.125,74.125.105.31,HEAD,6,,,,,17
389,1547922435,WS,http,69.147.238.121,74.125.103.20,HEAD,1,,,,,0
390,1547922438,FW,http,87.248.182.62,74.125.103.21,ACCEPT,4,,,,,0
391,1547922438,MS,smtp,209.147.251.236,74.125.103.24,RSET,4,,,,,0
392,1547922439,WS,http,68.180.91.68,74.125.103.22,POST,3,,,,,0
393,1547922440,MS,smtp,87.248.160.63,74.125.103.24,AUTH,1,,,,,0
394,1547922440,MS,smtp,68.180.235.244,74.125.103.25,RSET,9,,,,,0
395,1547922441,MS,smtp,209.131.93.219,74.125.103.25,HELO,5,,,,,0
396,1547922442,MS,smtp,69.180.75.187,74.125.103.24,HELO,3,,,,,0
397,1547922444,FW,http,68.180.133.88,74.125.103.21,DROP,2,,,,,0
398,1547922445,FW,smtp,87.131.186.73,74.125.103.24,DROP,4,,,,,0
399,1547922446,WS,http,209.180.134.212,74.125.103.21,PUT,9,,,,,0
400,1547922449,WS,http,209.39.50.207,74.125.103.23,GET,6,,,,,0
401,1547922449,MS,smtp,87.39.30.28,74.125.103.25,DATA,4,,,,,0
402,1547922450,WS,http,87.131.217.66,74.125.105.31,HEAD,8,,,,,0
403,1547922450,MS,smtp,68.131.53.193,74.125.103.25,NOOP,7,,,,,0
404,1547922451,MS,smtp,69.147.50.4,74.125.103.24,HELO,9,,,,,0
405,1547922453,WS,http,69.39.111.84,74.125.105.31,TRACE,1,,,,,0
406,1547922454,WS,http,68.131.158.8,74.125.103.21,CONNECT,3,,,,,0
407,1547922455,FW,ssh,209.248.186.130,74.125.103.24,ACCEPT,9,,,,,0
408,1547922456,WS,http,216.39.208.53,74.125.103.22,POST,5,,,,,0
409,1547922456,WS,http,209.248.177.126,74.125.103.20,GET,2,,,,,0
410,1547922457,MS,smtp,87.39.69.107,74.125.103.25,AUTH,9,,,,,0
411,1547922459,WS,http,69.147.165.177,74.125.105.30,HEAD,6,,,,,0
412,1547922460,WS,http,68.147.99.189,74.125.105.31,GET,7,,,,,0
413,1547922460,MS,smtp,209.147.62.156,74.125.103.25,MAIL_FROM,2,,,,,0
414,1547922462,MS,smtp,68.39.235.69,74.125.103.24,EHLO,7,,,,,18
415,1547922462,MS,smtp,69.180.75.187,74.125.103.24,DATA,3,,,,,0
416,1547922463,WS,http,69.39.201.216,74.125.103.23,PUT,1,,,,,0
417,1547922463,MS,smtp,68.180.68.41,74.125.103.24,EHLO,7,,,,,19
418,1547922464,WS,http,69.147.239.125,74.125.103.23,HEAD,5,,,,,17
419,1547922464,MS,smtp,87.39.138.84,74.125.103.24,HELO,9,,,,,0
420,1547922466,FW,ftp,68.180.45.246,74.125.103.21,DROP,4,,,,,0
421,1547922467,FW,http,209.248.108.243,74.125.103.22,ACCEPT,10,,,,,0
422,1547922467,WS,http,69.248.12.183,74.125.103.21,GET,5,,,,,0
423,1547922468,FW,ssh,209.180.134.212,74.125.103.24,ACCEPT,9,,,,,0
424,1547922469,WS,http,68.180.235.244,74.125.105.30,GET,6,,,,,0
425,1547922469,FW,http,216.147.133.143,74.125.105.30,DROP,7,,,,,0
426,1547922470,FW,ftp,68.39.228.123,74.125.103.20,ACCEPT,9,,,,,0
427,1547922470,WS,http,87.248.55.117,74.125.103.20,CONNECT,5,,,,,0
428,1547922471,FW,ssh,216.147.6.108,74.125.103.21,ACCEPT,1,,,,,0
429,1547922471,WS,http,209.248.74.108,74.125.103.23,GET,5,,,,,0
430,1547922472,FW,ssh,209.39.50.207,74.125.103.21,ACCEPT,8,,,,,0
431,1547922474,WS,http,68.131.53.193,74.125.105.31,GET,2,,,,,0
432,1547922475,WS,http,68.39.235.69,74.125.105.31,HEAD,6,,,,,18
433,1547922475,FW,ftp,87.248.92.229,74.125.103.23,ACCEPT,3,,,,,0
434,1547922476,FW,smtp,216.248.228.217,74.125.103.24,ACCEPT,5,,,,,0
435,1547922476,MS,smtp,209.39.224.86,74.125.103.25,DATA,3,,,,,0
436,1547922476,MS,smtp,216.131.81.191,74.125.103.25,RSET,7,,,,,0
437,1547922478,FW,ftp,69.180.196.39,74.125.103.23,ACCEPT,5,,,,,0
438,1547922478,WS,http,68.39.235.69,74.125.103.23,HEAD,5,,,,,18
439,1547922479,FW,ftp,209.147.173.157,74.125.103.20,ACCEPT,1,,,,,0
440,1547922480,WS,http,68.180.68.41,74.125.105.31,HEAD,6,,,,,19
441,1547922480,FW,ftp,216.147.237.232,74.125.103.22,ACCEPT,9,,,,,0
442,1547922481,MS,smtp,68.180.207.73,74.125.103.24,SEND,3,,,,,0
443,1547922484,WS,http,69.248.158.17,74.125.103.23,GET,6,,,,,0
444,1547922486,FW,ftp,209.248.246.38,74.125.103.23,ACCEPT,2,,,,,0
445,1547922486,FW,ftp,69.39.111.84,74.125.103.25,ACCEPT,6,,,,,0
446,1547922486,FW,http,69.248.12.183,74.125.103.22,ACCEPT,10,,,,,0
447,1547922487,FW,ftp,69.39.2.18,74.125.105.30,ACCEPT,4,,,,,0
448,1547922488,FW,http,68.131.53.193,74.125.103.21,ACCEPT,4,,,,,0
449,1547922489,FW,http,68.180.45.246,74.125.105.30,DROP,3,,,,,0
450,1547922491,WS,http,87.39.30.28,74.125.103.23,CONNECT,6,,,,,0
451,1547922492,FW,smtp,68.39.235.69,74.125.103.24,DROP,5,,,,,0
452,1547922494,WS,http,209.39.245.56,74.125.105.31,TRACE,1,,,,,0
453,1547922495,MS,smtp,69.147.50.4,74.125.103.24,EHLO,7,,,,,20
454,1547922495,FW,ftp,87.147.107.181,74.125.103.20,ACCEPT,3,,,,,0
455,1547922496,MS,smtp,216.147.200.242,74.125.103.25,NOOP,4,,,,,0
456,1547922496,FW,smtp,87.180.55.94,74.125.103.24,ACCEPT,10,,,,,0
457,1547922498,WS,http,209.131.189.92,74.125.105.30,CONNECT,6,,,,,0
458,1547922499,FW,ftp,209.180.67.173,74.125.103.20,DROP,4,,,,,0
459,1547922501,WS,http,216.180.91.197,74.125.103.23,HEAD,5,,,,,0
460,1547922502,MS,smtp,87.131.186.73,74.125.103.24,SEND,4,,,,,0
461,1547922504,WS,http,87.131.59.61,74.125.103.22,PUT,7,,,,,0
462,1547922504,WS,http,69.147.19.132,74.125.103.23,TRACE,1,,,,,0
463,1547922505,FW,ssh,68.180.68.41,74.125.103.22,ACCEPT,3,,,,,0
464,1547922506,MS,smtp,87.39.240.234,74.125.103.24,EHLO,7,,,,,21
465,1547922509,FW,ftp,87.180.217.155,74.125.103.25,ACCEPT,2,,,,,0
466,1547922509,WS,http,69.39.111.84,74.125.105.30,GET,6,,,,,0
467,1547922511,WS,http,209.131.63.202,74.125.103.21,PUT,8,,,,,0
468,1547922514,FW,ssh,209.248.74.108,74.125.103.25,ACCEPT,4,,,,,0
469,1547922514,FW,http,87.248.83.37,74.125.105.30,ACCEPT,10,,,,,0
470,1547922516,WS,http,68.39.67.127,74.125.103.20,HEAD,5,,,,,0
471,1547922517,WS,http,68.180.68.41,74.125.103.23,HEAD,5,,,,,19
472,1547922519,FW,http,69.248.12.183,74.125.103.22,ACCEPT,3,,,,,0
473,1547922521,MS,smtp,216.180.96.187,74.125.103.25,NOOP,9,,,,,0
474,1547922522,FW,ftp,87.180.132.200,74.125.103.22,ACCEPT,3,,,,,0
475,1547922522,FW,http,87.131.59.61,74.125.103.22,DROP,6,,,,,0
476,1547922522,WS,http,216.39.53.135,74.125.103.21,GET,2,,,,,0
477,1547922522,MS,smtp,87.180.164.80,74.125.103.24,EHLO,7,,,,,22
478,1547922523,FW,http,216.147.237.232,74.125.103.23,ACCEPT,1,,,,,0
479,1547922523,FW,http,87.131.59.61,74.125.103.21,ACCEPT,8,,,,,0
480,1547922525,MS,smtp,216.248.228.217,74.125.103.25,RSET,9,,,,,0
481,1547922527,MS,smtp,209.147.77.236,74.125.103.24,SEND,8,,,,,0
482,1547922527,WS,http,69.147.50.4,74.125.105.31,HEAD,6,,,,,20
483,1547922528,MS,smtp,87.248.218.202,74.125.103.24,EHLO,7,,,,,23
484,1547922529,FW,ftp,69.147.239.125,74.125.103.20,DROP,8,,,,,0
485,1547922530,FW,ftp,209.39.157.162,74.125.105.31,DROP,7,,,,,0
486,1547922530,MS,smtp,68.180.101.29,74.125.103.24,HELO,4,,,,,0
487,1547922530,WS,http,68.180.209.126,74.125.103.22,GET,1,,,,,0
488,1547922530,FW,http,87.39.69.107,74.125.105.30,ACCEPT,10,,,,,0
489,1547922530,WS,http,87.180.164.80,74.125.105.31,HEAD,6,,,,,22
490,1547922532,WS,http,87.180.84.74,74.125.103.21,PUT,4,,,,,0
491,1547922532,FW,http,68.180.101.29,74.125.103.20,DROP,4,,,,,0
492,1547922535,WS,http,87.39.240.234,74.125.105.31,HEAD,6,,,,,21
493,1547922538,MS,smtp,216.131.73.86,74.125.103.24,RSET,7,,,,,0
494,1547922540,FW,ftp,209.39.245.56,74.125.103.25,ACCEPT,6,,,,,0
495,1547922543,WS,http,209.147.198.148,74.125.103.22,GET,5,,,,,0
496,1547922543,FW,http,209.248.186.130,74.125.103.20,ACCEPT,3,,,,,0
497,1547922544,MS,smtp,69.131.55.145,74.125.103.25,RSET,3,,,,,0
498,1547922545,MS,smtp,68.180.133.88,74.125.103.25,DATA,9,,,,,0
499,1547922546,MS,smtp,216.180.211.232,74.125.103.24,SEND,4,,,,,0
500,1547922547,WS,http,209.248.186.130,74.125.103.21,PUT,9,,,,,0
501,1547922550,WS,http,68.180.111.150,74.125.103.21,HEAD,6,,,,,0
502,1547922551,FW,ssh,68.131.140.215,74.125.103.22,DROP,5,,,,,0
503,1547922552,WS,http,68.248.160.163,74.125.103.21,TRACE,8,,,,,0
504,1547922553,WS,http,69.147.50.4,74.125.103.23,HEAD,5,,,,,20
505,1547922553,MS,smtp,68.147.100.253,74.125.103.25,EHLO,6,,,,,0
506,1547922553,FW,smtp,209.39.191.194,74.125.103.24,ACCEPT,1,,,,,0
507,1547922556,WS,http,87.248.218.202,74.125.105.31,HEAD,6,,,,,23
508,1547922557,WS,http,68.180.101.29,74.125.105.31,HEAD,8,,,,,0
509,1547922557,MS,smtp,216.180.177.128,74.125.103.25,RCPT_TO,9,,,,,0
510,1547922558,FW,http,216.39.224.68,74.125.105.30,ACCEPT,10,,,,,0
511,1547922559,FW,http,87.39.187.228,74.125.105.31,ACCEPT,2,,,,,0
512,1547922559,FW,ftp,209.147.164.160,74.125.103.23,DROP,6,,,,,0
513,1547922559,WS,http,87.131.59.61,74.125.105.30,HEAD,7,,,,,0
514,1547922562,MS,smtp,216.131.165.90,74.125.103.24,AUTH,4,,,,,0
515,1547922564,WS,http,209.39.226.26,74.125.103.23,PUT,5,,,,,0
516,1547922565,FW,smtp,209.180.134.212,74.125.103.24,ACCEPT,1,,,,,0
517,1547922566,WS,http,87.248.218.202,74.125.103.23,HEAD,5,,,,,23
518,1547922568,WS,http,216.248.228.217,74.125.105.30,GET,6,,,,,0
519,1547922568,WS,http,87.180.164.80,74.125.103.23,HEAD,5,,,,,22
520,1547922569,MS,smtp,216.39.237.142,74.125.103.24,EHLO,7,,,,,24
521,1547922569,MS,smtp,87.39.202.238,74.125.103.24,EHLO,7,,,,,25
522,1547922572,WS,http,69.131.192.80,74.125.105.31,OPTIONS,8,,,,,0
523,1547922572,WS,http,209.39.245.56,74.125.105.30,GET,6,,,,,0
524,1547922573,MS,smtp,87.39.229.44,74.125.103.25,NOOP,7,,,,,0
525,1547922575,MS,smtp,68.131.80.193,74.125.103.24,HELO,4,,,,,0
526,1547922576,MS,smtp,68.180.235.244,74.125.103.24,EHLO,7,,,,,26
527,1547922578,FW,http,68.180.207.73,74.125.105.31,DROP,10,,,,,0
528,1547922581,WS,http,69.131.251.235,74.125.103.21,HEAD,3,,,,,0
529,1547922581,WS,http,68.248.160.163,74.125.103.23,HEAD,7,,,,,0
530,1547922582,FW,ssh,68.131.51.32,74.125.103.21,ACCEPT,9,,,,,0
531,1547922583,MS,smtp,209.147.211.222,74.125.103.24,AUTH,5,,,,,0
532,1547922584,FW,ftp,69.180.220.21,74.125.103.23,DROP,8,,,,,0
533,1547922585,WS,http,216.180.146.5,74.125.103.20,HEAD,8,,,,,0
534,1547922586,FW,http,69.248.158.202,74.125.103.21,ACCEPT,1,,,,,0
535,1547922587,MS,smtp,68.147.34.104,74.125.103.25,HELO,9,,,,,0
536,1547922590,WS,http,87.39.240.234,74.125.103.23,HEAD,5,,,,,21
537,1547922591,FW,http,216.131.192.211,74.125.103.23,ACCEPT,5,,,,,0
538,1547922594,FW,ftp,68.147.63.145,74.125.105.30,ACCEPT,4,,,,,0
539,1547922594,MS,smtp,87.39.30.28,74.125.103.24,HELO,4,,,,,0
540,1547922595,WS,http,216.147.6.108,74.125.105.30,HEAD,7,,,,,0
541,1547922596,WS,http,87.180.88.148,74.125.103.21,GET,5,,,,,0
542,1547922597,FW,ftp,69.131.171.15,74.125.103.25,DROP,4,,,,,0
543,1547922599,FW,http,68.180.156.46,74.125.103.22,ACCEPT,3,,,,,0
544,1547922600,WS,http,209.147.182.157,74.125.103.20,HEAD,1,,,,,0
545,1547922602,FW,http,209.39.75.66,74.125.105.30,ACCEPT,9,,,,,0
546,1547922603,MS,smtp,209.248.216.241,74.125.103.24,RSET,3,,,,,0
547,1547922605,FW,ssh,209.248.186.130,74.125.103.24,ACCEPT,9,,,,,0
548,1547922605,MS,smtp,69.248.232.103,74.125.103.24,HELO,4,,,,,0
549,1547922605,WS,http,68.147.100.253,74.125.105.30,HEAD,8,,,,,0
550,1547922607,MS,smtp,209.147.26.30,74.125.103.25,NOOP,3,,,,,0
551,1547922610,FW,ftp,69.180.196.39,74.125.105.30,ACCEPT,8,,,,,0
552,1547922610,FW,http,209.147.20.193,74.125.105.31,DROP,10,,,,,0
553,1547922610,WS,http,216.39.216.105,74.125.103.22,CONNECT,5,,,,,0
554,1547922610,WS,http,87.180.75.87,74.125.103.21,HEAD,4,,,,,0
555,1547922611,WS,http,87.39.229.44,74.125.105.31,GET,2,,,,,0
556,1547922613,FW,http,68.131.80.193,74.125.103.20,DROP,4,,,,,0
557,1547922614,WS,http,209.147.198.148,74.125.105.30,OPTIONS,4,,,,,0
558,1547922614,FW,http,87.39.30.28,74.125.103.20,DROP,4,,,,,0
559,1547922617,WS,http,68.180.209.126,74.125.103.21,GET,7,,,,,0
560,1547922618,MS,smtp,216.248.241.87,74.125.103.25,QUIT,6,,,,,0
561,1547922621,WS,http,87.39.30.28,74.125.105.31,HEAD,8,,,,,0
562,1547922622,MS,smtp,68.131.161.169,74.125.103.25,RCPT_TO,4,,,,,0
563,1547922624,WS,http,87.39.202.238,74.125.105.31,HEAD,6,,,,,25
564,1547922626,WS,http,69.131.17.26,74.125.103.20,TRACE,7,,,,,0
565,1547922626,FW,ftp,68.131.115.183,74.125.103.24,ACCEPT,1,,,,,0
566,1547922628,FW,smtp,69.131.170.145,74.125.103.24,DROP,7,,,,,0
567,1547922630,FW,http,209.39.191.194,74.125.103.22,ACCEPT,10,,,,,0
568,1547922631,WS,http,216.39.237.142,74.125.105.31,HEAD,6,,,,,24
569,1547922631,FW,http,69.248.12.183,74.125.103.21,ACCEPT,9,,,,,0
570,1547922633,WS,http,68.131.51.32,74.125.103.21,OPTIONS,5,,,,,0
571,1547922635,MS,smtp,68.248.184.196,74.125.103.25,EHLO,4,,,,,0
572,1547922635,WS,http,68.39.138.135,74.125.105.30,GET,3,,,,,0
573,1547922636,MS,smtp,69.248.94.252,74.125.103.24,HELO,4,,,,,0
574,1547922638,MS,smtp,216.147.133.143,74.125.103.25,NOOP,7,,,,,0
575,1547922638,WS,http,216.248.66.96,74.125.103.20,GET,3,,,,,0
576,1547922639,MS,smtp,209.147.182.157,74.125.103.25,RCPT_TO,7,,,,,0
577,1547922640,WS,http,68.180.235.244,74.125.105.31,HEAD,6,,,,,26
578,1547922642,FW,ftp,216.39.189.124,74.125.103.24,DROP,1,,,,,0
579,1547922644,WS,http,69.180.220.21,74.125.103.23,POST,4,,,,,0
580,1547922646,FW,http,216.39.154.92,74.125.105.30,DROP,10,,,,,0
581,1547922648,WS,http,216.180.54.95,74.125.103.22,GET,8,,,,,0
582,1547922650,WS,http,216.39.224.68,74.125.105.30,GET,9,,,,,0
583,1547922650,WS,http,68.131.80.193,74.125.105.31,HEAD,8,,,,,0
584,1547922651,FW,http,69.248.94.252,74.125.103.20,DROP,4,,,,,0
585,1547922652,FW,ftp,209.39.80.86,74.125.103.23,DROP,8,,,,,0
586,1547922653,MS,smtp,209.248.216.241,74.125.103.25,MAIL_FROM,9,,,,,0
587,1547922654,FW,http,69.248.232.103,74.125.103.20,DROP,4,,,,,0
588,1547922655,WS,http,209.39.81.121,74.125.103.22,GET,8,,,,,0
589,1547922656,MS,smtp,216.39.237.122,74.125.103.25,SEND,1,,,,,0
590,1547922656,FW,ftp,69.131.221.109,74.125.103.23,ACCEPT,4,,,,,0
591,1547922657,WS,http,87.39.202.238,74.125.103.23,HEAD,5,,,,,25
592,1547922658,WS,http,209.39.224.86,74.125.103.21,POST,4,,,,,0
593,1547922659,FW,http,87.39.229.44,74.125.103.21,ACCEPT,4,,,,,0
594,1547922660,WS,http,68.131.53.193,74.125.103.21,POST,1,,,,,0
595,1547922661,FW,http,68.147.34.104,74.125.103.20,DROP,10,,,,,0
596,1547922663,FW,http,68.131.111.101,74.125.105.30,DROP,8,,,,,0
597,1547922665,WS,http,68.39.58.230,74.125.103.20,PUT,2,,,,,0
598,1547922665,MS,smtp,216.147.231.154,74.125.103.25,DATA,7,,,,,0
599,1547922667,MS,smtp,68.147.222.112,74.125.103.25,AUTH,8,,,,,0
600,1547922667,WS,http,69.248.94.252,74.125.105.31,HEAD,8,,,,,0
601,1547922667,WS,http,216.147.133.143,74.125.105.31,GET,2,,,,,0
602,1547922668,MS,smtp,87.147.200.186,74.125.103.25,AUTH,1,,,,,0
603,1547922668,FW,ssh,68.180.118.172,74.125.103.23,ACCEPT,6,,,,,0
604,1547922669,FW,http,216.147.133.143,74.125.103.21,ACCEPT,4,,,,,0
605,1547922670,WS,http,69.180.205.23,74.125.103.20,HEAD,9,,,,,0
606,1547922671,FW,ftp,68.131.36.128,74.125.103.24,DROP,2,,,,,0
607,1547922673,MS,smtp,68.131.140.215,74.125.103.24,EHLO,7,,,,,27
608,1547922673,FW,http,68.39.50.105,74.125.103.23,ACCEPT,7,,,,,0
609,1547922676,FW,http,216.39.237.122,74.125.105.31,ACCEPT,6,,,,,0
610,1547922676,FW,ftp,69.180.115.66,74.125.103.20,DROP,3,,,,,0
611,1547922676,WS,http,68.180.235.244,74.125.103.23,HEAD,5,,,,,26
612,1547922679,WS,http,216.39.237.142,74.125.103.23,HEAD,5,,,,,24
613,1547922679,MS,smtp,209.248.181.83,74.125.103.24,AUTH,7,,,,,0
614,1547922682,WS,http,87.147.249.177,74.125.103.21,POST,6,,,,,0
615,1547922683,WS,http,216.147.229.6,74.125.103.23,GET,1,,,,,0
616,1547922686,WS,http,68.131.140.215,74.125.105.31,HEAD,6,,,,,27
617,1547922688,WS,http,87.180.13.243,74.125.105.31,HEAD,2,,,,,0
618,1547922691,WS,http,69.39.17.213,74.125.103.21,POST,2,,,,,0
619,1547922691,FW,smtp,87.39.30.28,74.125.103.24,DROP,7,,,,,0
620,1547922694,FW,http,216.180.95.183,74.125.103.21,ACCEPT,10,,,,,0
621,1547922696,FW,ftp,69.39.17.188,74.125.103.22,DROP,5,,,,,0
622,1547922696,FW,smtp,68.131.161.169,74.125.103.24,ACCEPT,5,,,,,0
623,1547922697,MS,smtp,216.39.189.124,74.125.103.25,RCPT_TO,5,,,,,0
624,1547922700,WS,http,209.39.245.56,74.125.105.31,HEAD,2,,,,,0
625,1547922701,MS,smtp,68.131.161.169,74.125.103.25,RSET,9,,,,,0
626,1547922701,WS,http,68.131.140.215,74.125.103.23,HEAD,5,,,,,27
627,1547922701,FW,http,68.147.91.56,74.125.103.23,DROP,5,,,,,0
628,1547922703,MS,smtp,216.39.237.122,74.125.103.25,NOOP,7,,,,,0
629,1547922704,FW,smtp,209.39.226.26,74.125.103.25,DROP,1,,,,,0
630,1547922706,FW,http,216.39.157.116,74.125.103.22,ACCEPT,3,,,,,0
631,1547922708,FW,http,209.39.184.11,74.125.103.21,ACCEPT,9,,,,,0
632,1547922710,MS,smtp,209.131.60.222,74.125.103.25,AUTH,4,,,,,0
633,1547922710,WS,http,69.180.205.23,74.125.103.22,GET,7,,,,,0
634,1547922713,WS,http,69.248.232.103,74.125.105.31,HEAD,8,,,,,0
635,1547922714,WS,http,216.39.157.116,74.125.103.21,GET,1,,,,,0
636,1547922716,WS,http,69.39.133.214,74.125.105.31,TRACE,6,,,,,0
637,1547922716,FW,ftp,209.147.26.30,74.125.103.25,ACCEPT,4,,,,,0
638,1547922716,WS,http,209.39.248.159,74.125.103.22,CONNECT,4,,,,,0
639,1547922717,WS,http,216.248.160.111,74.125.105.30,OPTIONS,6,,,,,0
640,1547922718,WS,http,68.131.161.169,74.125.103.21,HEAD,5,,,,,0
641,1547922718,MS,smtp,216.147.237.164,74.125.103.25,NOOP,7,,,,,0
642,1547922719,WS,http,69.131.192.80,74.125.103.22,POST,4,,,,,0
643,1547922720,WS,http,216.39.237.122,74.125.105.31,GET,2,,,,,0
644,1547922723,FW,http,216.39.83.216,74.125.105.30,DROP,8,,,,,0
645,1547922723,WS,http,68.180.16.252,74.125.103.21,CONNECT,3,,,,,0
646,1547922725,WS,http,68.131.161.169,74.125.105.30,GET,6,,,,,0
647,1547922725,WS,http,209.248.186.130,74.125.103.20,GET,7,,,,,0
648,1547922725,FW,http,69.39.111.84,74.125.103.23,ACCEPT,8,,,,,0
649,1547922727,WS,http,209.39.216.99,74.125.103.23,PUT,7,,,,,0
650,1547922727,FW,ftp,87.39.201.234,74.125.103.21,ACCEPT,7,,,,,0
651,1547922727,WS,http,68.131.80.193,74.125.103.20,GET,6,,,,,0
652,1547922727,MS,smtp,216.248.241.87,74.125.103.25,DATA,5,,,,,0
653,1547922727,MS,smtp,69.131.221.109,74.125.103.24,AUTH,6,,,,,0
654,1547922727,FW,ftp,209.147.26.30,74.125.103.24,ACCEPT,2,,,,,0
655,1547922728,FW,http,216.180.146.5,74.125.105.31,ACCEPT,3,,,,,0
656,1547922728,MS,smtp,209.147.211.222,74.125.103.24,EHLO,7,,,,,28
657,1547922728,FW,http,69.39.133.214,74.125.103.22,DROP,9,,,,,0
658,1547922729,WS,http,216.39.53.135,74.125.103.22,GET,8,,,,,0
659,1547922730,WS,http,216.147.237.36,74.125.103.22,HEAD,3,,,,,0
660,1547922730,WS,http,216.147.42.124,74.125.103.22,HEAD,2,,,,,0
661,1547922732,MS,smtp,209.248.216.241,74.125.103.24,RCPT_TO,7,,,,,0
662,1547922733,WS,http,209.39.75.66,74.125.105.31,PUT,7,,,,,0
663,1547922733,FW,ssh,69.180.198.122,74.125.103.21,ACCEPT,8,,,,,0
664,1547922733,MS,smtp,68.248.154.206,74.125.103.25,QUIT,9,,,,,0
665,1547922734,WS,http,216.248.241.87,74.125.103.23,GET,9,,,,,0
666,1547922735,MS,smtp,69.131.221.109,74.125.103.25,SEND,9,,,,,0
667,1547922735,MS,smtp,216.180.95.183,74.125.103.24,HELO,4,,,,,0
668,1547922736,FW,ssh,68.180.133.88,74.125.103.25,ACCEPT,1,,,,,0
669,1547922737,WS,http,216.147.237.164,74.125.105.31,GET,2,,,,,0
670,1547922738,FW,http,87.39.240.234,74.125.105.30,DROP,8,,,,,0
671,1547922738,FW,ftp,216.39.176.182,74.125.105.30,ACCEPT,10,,,,,0
672,1547922741,WS,http,69.39.2.18,74.125.105.31,GET,5,,,,,0
673,1547922743,FW,http,216.180.95.183,74.125.103.20,DROP,4,,,,,0
674,1547922743,FW,ssh,209.131.26.43,74.125.103.23,ACCEPT,1,,,,,0
675,1547922743,MS,smtp,87.248.214.127,74.125.103.25,DATA,9,,,,,0
676,1547922745,WS,http,216.180.95.183,74.125.105.31,HEAD,8,,,,,0
677,1547922748,FW,ssh,68.147.34.104,74.125.105.30,ACCEPT,2,,,,,0
678,1547922748,WS,http,209.147.211.222,74.125.105.31,HEAD,6,,,,,28
679,1547922748,FW,http,216.39.237.122,74.125.103.21,ACCEPT,4,,,,,0
680,1547922750,MS,smtp,209.39.191.194,74.125.103.25,NOOP,1,,,,,0
681,1547922750,FW,ftp,68.248.185.230,74.125.105.31,DROP,10,,,,,0
682,1547922751,FW,http,216.147.229.6,74.125.103.23,DROP,4,,,,,0
683,1547922753,FW,ftp,69.131.251.235,74.125.103.20,ACCEPT,5,,,,,0
684,1547922753,WS,http,69.147.56.26,74.125.103.21,GET,2,,,,,0
685,1547922753,MS,smtp,209.39.245.56,74.125.103.25,EHLO,7,,,,,0
686,1547922755,FW,http,216.248.228.217,74.125.103.20,ACCEPT,3,,,,,0
687,1547922758,MS,smtp,69.131.192.80,74.125.103.25,QUIT,3,,,,,0
688,1547922759,FW,smtp,87.248.55.117,74.125.103.25,ACCEPT,7,,,,,0
689,1547922760,MS,smtp,69.180.199.178,74.125.103.25,NOOP,7,,,,,0
690,1547922760,WS,http,68.39.235.69,74.125.105.31,TRACE,1,,,,,0
691,1547922762,FW,http,87.131.59.11,74.125.103.20,ACCEPT,3,,,,,0
692,1547922763,MS,smtp,209.39.80.86,74.125.103.24,RCPT_TO,3,,,,,0
693,1547922764,FW,http,216.180.91.197,74.125.103.22,ACCEPT,1,,,,,0
694,1547922765,WS,http,69.180.129.79,74.125.105.31,GET,5,,,,,0
695,1547922766,WS,http,216.180.54.95,74.125.105.31,GET,4,,,,,0
696,1547922768,FW,http,68.131.139.94,74.125.103.23,ACCEPT,10,,,,,0
697,1547922770,MS,smtp,69.180.141.230,74.125.103.25,RCPT_TO,6,,,,,0
698,1547922771,FW,http,216.131.184.187,74.125.103.20,ACCEPT,3,,,,,0
699,1547922772,WS,http,209.147.211.222,74.125.103.23,HEAD,5,,,,,28
700,1547922772,FW,http,209.39.195.100,74.125.103.20,ACCEPT,3,,,,,0
701,1547922772,WS,http,216.147.136.142,74.125.103.22,GET,6,,,,,0
702,1547922774,WS,http,68.39.138.135,74.125.103.20,GET,4,,,,,0
703,1547922776,FW,http,87.180.55.94,74.125.103.20,ACCEPT,3,,,,,0
704,1547922777,FW,http,69.180.205.23,74.125.105.30,ACCEPT,8,,,,,0
705,1547922777,MS,smtp,216.131.184.187,74.125.103.24,EHLO,4,,,,,0
706,1547922777,MS,smtp,209.131.26.43,74.125.103.24,HELO,4,,,,,0
707,1547922777,FW,http,69.180.198.122,74.125.103.22,ACCEPT,10,,,,,0
708,1547922778,FW,http,209.248.216.241,74.125.105.30,ACCEPT,1,,,,,0
709,1547922779,FW,http,69.147.6.11,74.125.103.22,ACCEPT,5,,,,,0
710,1547922780,WS,http,216.131.184.187,74.125.103.21,PUT,9,,,,,0
711,1547922781,MS,smtp,209.147.26.30,74.125.103.24,EHLO,5,,,,,0
712,1547922781,FW,ssh,216.131.184.187,74.125.103.24,ACCEPT,9,,,,,0
713,1547922782,MS,smtp,87.248.55.117,74.125.103.24,HELO,7,,,,,0
714,1547922783,MS,smtp,209.39.155.177,74.125.103.24,EHLO,4,,,,,0
715,1547922786,WS,http,209.131.93.219,74.125.103.23,CONNECT,6,,,,,0
716,1547922788,WS,http,209.39.216.99,74.125.105.30,GET,1,,,,,0
717,1547922789,FW,http,87.131.248.193,74.125.105.31,ACCEPT,9,,,,,0
718,1547922790,WS,http,87.180.55.94,74.125.103.21,PUT,9,,,,,0
719,1547922791,FW,http,216.147.237.164,74.125.103.21,ACCEPT,4,,,,,0
720,1547922792,WS,http,69.180.199.178,74.125.105.31,GET,2,,,,,0
721,1547922793,MS,smtp,216.39.237.142,74.125.103.25,RCPT_TO,5,,,,,0
722,1547922796,WS,http,216.248.228.217,74.125.103.21,PUT,9,,,,,0
723,1547922796,WS,http,209.39.81.121,74.125.103.22,POST,7,,,,,0
724,1547922798,WS,http,87.131.59.11,74.125.103.21,PUT,9,,,,,0
725,1547922800,FW,smtp,216.248.228.217,74.125.103.24,ACCEPT,5,,,,,0
726,1547922801,MS,smtp,216.39.190.7,74.125.103.25,SEND,3,,,,,0
727,1547922803,FW,http,69.147.239.125,74.125.103.20,ACCEPT,3,,,,,0
728,1547922804,WS,http,87.180.136.101,74.125.103.20,OPTIONS,5,,,,,0
729,1547922806,WS,http,69.39.211.131,74.125.103.23,POST,8,,,,,0
730,1547922808,FW,http,209.131.26.43,74.125.103.20,DROP,4,,,,,0
731,1547922811,FW,ftp,68.39.235.69,74.125.103.25,ACCEPT,6,,,,,0
732,1547922813,WS,http,209.131.26.43,74.125.105.31,HEAD,8,,,,,0
733,1547922813,FW,smtp,216.248.66.96,74.125.103.24,ACCEPT,5,,,,,0
734,1547922814,FW,http,87.39.187.228,74.125.105.31,DROP,2,,,,,0
735,1547922814,FW,smtp,216.147.237.232,74.125.103.25,DROP,8,,,,,0
736,1547922816,FW,ssh,87.131.59.11,74.125.103.24,ACCEPT,9,,,,,0
737,1547922817,MS,smtp,68.248.248.87,74.125.103.25,MAIL_FROM,8,,,,,0
738,1547922818,FW,http,69.180.119.78,74.125.105.31,DROP,8,,,,,0
739,1547922819,FW,http,69.39.17.213,74.125.103.21,ACCEPT,3,,,,,0
740,1547922821,WS,http,216.39.53.135,74.125.103.21,GET,6,,,,,0
741,1547922821,WS,http,87.131.59.61,74.125.105.30,HEAD,9,,,,,0
742,1547922822,WS,http,209.39.195.100,74.125.103.21,PUT,9,,,,,0
743,1547922822,FW,smtp,87.131.59.61,74.125.103.24,ACCEPT,5,,,,,0
744,1547922824,MS,smtp,216.147.132.141,74.125.103.24,EHLO,7,,,,,29
745,1547922825,WS,http,216.180.78.232,74.125.103.20,OPTIONS,4,,,,,0
746,1547922826,WS,http,68.39.24.84,74.125.103.21,GET,6,,,,,0
747,1547922826,FW,ftp,216.131.73.86,74.125.103.25,ACCEPT,8,,,,,0
748,1547922827,WS,http,216.147.42.124,74.125.105.30,GET,8,,,,,0
749,1547922827,MS,smtp,87.180.84.74,74.125.103.24,EHLO,1,,,,,0
750,1547922828,MS,smtp,68.248.27.91,74.125.103.25,HELO,9,,,,,0
751,1547922829,FW,http,68.248.27.91,74.125.103.22,DROP,3,,,,,0
752,1547922832,FW,ssh,87.180.55.94,74.125.103.24,ACCEPT,9,,,,,0
753,1547922833,FW,http,209.147.25.77,74.125.103.22,ACCEPT,6,,,,,0
754,1547922833,WS,http,209.39.155.177,74.125.103.23,GET,3,,,,,0
755,1547922834,WS,http,68.248.231.253,74.125.105.31,HEAD,2,,,,,0
756,1547922836,WS,http,216.147.132.141,74.125.105.31,HEAD,6,,,,,29
757,1547922837,WS,http,68.147.99.189,74.125.105.30,HEAD,5,,,,,0
758,1547922838,FW,ftp,209.248.179.49,74.125.103.23,DROP,4,,,,,0
759,1547922841,FW,http,209.39.155.177,74.125.105.30,DROP,6,,,,,0
760,1547922841,MS,smtp,216.131.165.90,74.125.103.24,MAIL_FROM,3,,,,,0
761,1547922842,WS,http,209.147.20.193,74.125.103.22,GET,4,,,,,0
762,1547922843,WS,http,68.39.235.69,74.125.105.30,GET,6,,,,,0
763,1547922844,MS,smtp,216.39.83.216,74.125.103.25,HELO,9,,,,,0
764,1547922844,FW,ssh,216.248.228.217,74.125.103.24,ACCEPT,9,,,,,0
765,1547922844,MS,smtp,216.180.211.232,74.125.103.25,SEND,1,,,,,0
766,1547922845,FW,http,69.180.199.178,74.125.103.21,ACCEPT,4,,,,,0
767,1547922846,MS,smtp,68.147.23.237,74.125.103.25,NOOP,7,,,,,0
768,1547922848,WS,http,87.180.18.163,74.125.105.30,GET,8,,,,,0
769,1547922848,FW,http,87.131.186.73,74.125.103.23,DROP,4,,,,,0
770,1547922849,MS,smtp,209.180.108.94,74.125.103.25,DATA,3,,,,,0
771,1547922851,WS,http,209.147.251.236,74.125.103.20,CONNECT,9,,,,,0
772,1547922854,MS,smtp,216.248.66.96,74.125.103.25,RSET,9,,,,,0
773,1547922857,MS,smtp,209.39.245.56,74.125.103.24,EHLO,7,,,,,30
774,1547922857,MS,smtp,216.248.228.217,74.125.103.25,RSET,9,,,,,0
775,1547922859,WS,http,216.147.6.108,74.125.103.20,CONNECT,9,,,,,0
776,1547922862,MS,smtp,68.180.16.252,74.125.103.24,DATA,9,,,,,0
777,1547922863,WS,http,69.147.239.125,74.125.103.21,PUT,9,,,,,0
778,1547922864,FW,ftp,68.131.158.8,74.125.103.22,ACCEPT,3,,,,,0
779,1547922864,MS,smtp,68.147.63.145,74.125.103.25,RSET,1,,,,,0
780,1547922864,WS,http,216.147.132.141,74.125.103.23,HEAD,5,,,,,29
781,1547922867,MS,smtp,87.131.59.61,74.125.103.25,RSET,9,,,,,0
782,1547922867,WS,http,69.131.126.216,74.125.103.23,TRACE,1,,,,,0
783,1547922867,WS,http,68.248.63.67,74.125.103.20,GET,7,,,,,0
784,1547922869,WS,http,209.39.245.56,74.125.105.31,HEAD,6,,,,,30
785,1547922870,FW,ftp,216.39.83.216,74.125.103.20,ACCEPT,4,,,,,0
786,1547922871,MS,smtp,69.39.17.213,74.125.103.24,HELO,4,,,,,0
787,1547922873,FW,http,68.39.24.84,74.125.105.30,DROP,3,,,,,0
788,1547922875,FW,http,209.248.177.126,74.125.105.30,DROP,7,,,,,0
789,1547922877,FW,ssh,69.147.239.125,74.125.103.24,ACCEPT,9,,,,,0
790,1547922877,WS,http,216.131.61.233,74.125.105.31,HEAD,9,,,,,0
791,1547922880,FW,ssh,209.39.195.100,74.125.103.24,ACCEPT,9,,,,,0
792,1547922880,WS,http,87.147.249.177,74.125.103.23,GET,2,,,,,0
793,1547922881,MS,smtp,68.131.81.40,74.125.103.24,EHLO,7,,,,,31
794,1547922881,FW,http,69.39.17.213,74.125.103.20,DROP,4,,,,,0
795,1547922883,WS,http,69.131.126.216,74.125.103.20,HEAD,3,,,,,0
796,1547922885,WS,http,68.147.23.237,74.125.105.31,GET,2,,,,,0
797,1547922886,WS,http,69.39.17.213,74.125.105.31,HEAD,8,,,,,0
798,1547922887,WS,http,216.180.78.232,74.125.103.21,GET,2,,,,,0
799,1547922888,WS,http,209.180.134.212,74.125.103.20,OPTIONS,8,,,,,0
800,1547922889,MS,smtp,209.131.195.189,74.125.103.24,QUIT,1,,,,,0
801,1547922890,FW,http,87.180.18.163,74.125.103.21,DROP,5,,,,,0
802,1547922891,MS,smtp,69.39.17.213,74.125.103.24,NOOP,4,,,,,0
803,1547922891,WS,http,216.147.237.164,74.125.103.23,GET,7,,,,,0
804,1547922894,FW,http,87.248.196.218,74.125.103.20,DROP,8,,,,,0
805,1547922894,WS,http,87.248.196.218,74.125.103.21,PUT,1,,,,,0
806,1547922894,FW,smtp,209.39.155.177,74.125.103.24,DROP,4,,,,,0
807,1547922896,WS,http,68.131.81.40,74.125.105.31,HEAD,6,,,,,31
808,1547922899,MS,smtp,216.131.61.233,74.125.103.25,NOOP,7,,,,,0
809,1547922899,FW,ftp,209.131.60.222,74.125.103.21,DROP,3,,,,,0
810,1547922900,WS,http,87.131.59.61,74.125.105.30,GET,6,,,,,0
811,1547922901,WS,http,209.248.186.130,74.125.105.31,HEAD,2,,,,,0
812,1547922901,WS,http,216.248.228.217,74.125.105.30,GET,6,,,,,0
813,1547922901,WS,http,68.248.98.111,74.125.103.22,PUT,8,,,,,0
814,1547922902,MS,smtp,69.180.119.78,74.125.103.25,DATA,7,,,,,0
815,1547922904,FW,ssh,209.248.2.209,74.125.103.21,DROP,9,,,,,0
816,1547922904,MS,smtp,216.39.154.92,74.125.103.24,EHLO,9,,,,,0
817,1547922906,WS,http,216.248.66.96,74.125.105.30,GET,6,,,,,0
818,1547922906,MS,smtp,69.39.128.3,74.125.103.25,NOOP,7,,,,,0
819,1547922907,WS,http,69.131.126.216,74.125.103.20,GET,8,,,,,0
820,1547922907,WS,http,68.131.81.40,74.125.103.23,HEAD,5,,,,,31
821,1547922908,FW,ssh,209.180.190.225,74.125.103.25,ACCEPT,5,,,,,0
822,1547922908,MS,smtp,68.131.80.193,74.125.103.24,EHLO,7,,,,,32
823,1547922908,WS,http,216.131.61.233,74.125.105.31,GET,2,,,,,0
824,1547922910,FW,ftp,69.248.25.161,74.125.105.30,DROP,6,,,,,0
825,1547922911,WS,http,216.39.83.216,74.125.103.22,TRACE,6,,,,,0
826,1547922912,FW,smtp,216.39.189.124,74.125.103.24,ACCEPT,3,,,,,0
827,1547922914,WS,http,87.180.75.87,74.125.103.23,GET,4,,,,,0
828,1547922914,MS,smtp,69.248.12.183,74.125.103.25,DATA,9,,,,,0
829,1547922915,FW,http,68.147.23.237,74.125.103.21,ACCEPT,4,,,,,0
830,1547922917,FW,http,209.39.50.207,74.125.105.31,ACCEPT,8,,,,,0
831,1547922917,MS,smtp,216.39.216.105,74.125.103.24,EHLO,7,,,,,33
832,1547922918,WS,http,209.39.245.56,74.125.103.23,HEAD,5,,,,,30
833,1547922918,MS,smtp,209.248.43.103,74.125.103.24,EHLO,6,,,,,0
834,1547922919,WS,http,69.39.190.97,74.125.105.30,POST,7,,,,,0
835,1547922919,FW,ftp,69.39.211.131,74.125.105.31,DROP,8,,,,,0
836,1547922920,WS,http,209.248.181.83,74.125.103.23,POST,8,,,,,0
837,1547922921,WS,http,69.131.65.115,74.125.105.31,TRACE,1,,,,,0
838,1547922921,FW,ssh,69.180.141.230,74.125.103.22,ACCEPT,1,,,,,0
839,1547922921,FW,http,69.248.104.223,74.125.103.23,DROP,9,,,,,0
840,1547922922,FW,ssh,216.131.61.72,74.125.103.24,DROP,8,,,,,0
841,1547922923,WS,http,209.147.211.222,74.125.103.22,GET,6,,,,,0
842,1547922923,FW,http,216.131.61.233,74.125.103.21,ACCEPT,4,,,,,0
843,1547922923,FW,http,68.180.207.73,74.125.103.20,DROP,4,,,,,0
844,1547922924,WS,http,69.39.128.3,74.125.105.31,GET,2,,,,,0
845,1547922927,FW,http,68.248.98.111,74.125.105.31,ACCEPT,2,,,,,0
846,1547922927,WS,http,216.147.237.232,74.125.103.21,GET,8,,,,,0
847,1547922928,FW,ssh,87.39.30.28,74.125.103.23,ACCEPT,1,,,,,0
848,1547922928,WS,http,68.131.80.193,74.125.105.31,HEAD,6,,,,,32
849,1547922929,FW,ssh,209.180.166.234,74.125.103.25,DROP,1,,,,,0
850,1547922931,WS,http,68.180.209.126,74.125.103.21,HEAD,5,,,,,0
851,1547922932,FW,ftp,216.131.192.211,74.125.105.31,ACCEPT,9,,,,,0
852,1547922934,FW,smtp,209.180.108.94,74.125.103.25,ACCEPT,2,,,,,0
853,1547922936,MS,smtp,68.147.99.189,74.125.103.25,RCPT_TO,6,,,,,0
854,1547922937,FW,ftp,68.248.106.74,74.125.103.20,ACCEPT,7,,,,,0
855,1547922938,WS,http,69.39.190.97,74.125.103.23,OPTIONS,4,,,,,0
856,1547922938,WS,http,209.39.184.11,74.125.105.31,POST,2,,,,,0
857,1547922938,MS,smtp,68.248.185.230,74.125.103.24,EHLO,9,,,,,0
858,1547922940,WS,http,69.180.141.230,74.125.103.21,PUT,5,,,,,0
859,1547922941,FW,http,69.39.128.3,74.125.103.21,ACCEPT,4,,,,,0
860,1547922942,WS,http,87.131.59.11,74.125.105.31,TRACE,9,,,,,0
861,1547922944,FW,http,216.39.237.122,74.125.105.31,DROP,1,,,,,0
862,1547922945,FW,smtp,209.180.134.212,74.125.103.24,DROP,6,,,,,0
863,1547922946,MS,smtp,68.248.185.230,74.125.103.25,HELO,6,,,,,0
864,1547922946,WS,http,216.147.6.108,74.125.103.22,HEAD,3,,,,,0
865,1547922947,WS,http,209.180.68.147,74.125.105.31,HEAD,2,,,,,0
866,1547922948,FW,http,87.180.88.148,74.125.103.20,DROP,8,,,,,0
867,1547922951,FW,ftp,68.39.180.133,74.125.105.30,DROP,2,,,,,0
868,1547922952,FW,ftp,69.131.65.115,74.125.105.31,ACCEPT,2,,,,,0
869,1547922953,WS,http,68.131.80.193,74.125.103.23,HEAD,5,,,,,32
870,1547922955,FW,ftp,69.180.141.230,74.125.103.21,DROP,7,,,,,0
871,1547922956,WS,http,68.180.45.246,74.125.103.20,TRACE,2,,,,,0
872,1547922957,WS,http,69.39.102.198,74.125.105.31,HEAD,5,,,,,0
873,1547922960,FW,http,209.131.26.43,74.125.103.21,ACCEPT,7,,,,,0
874,1547922962,WS,http,216.39.216.105,74.125.105.31,HEAD,6,,,,,33
875,1547922965,MS,smtp,209.39.226.26,74.125.103.25,AUTH,6,,,,,0
876,1547922965,MS,smtp,87.248.83.37,74.125.103.25,SEND,9,,,,,0
877,1547922967,FW,ftp,69.131.65.115,74.125.103.25,ACCEPT,6,,,,,0
878,1547922969,MS,smtp,69.180.220.21,74.125.103.25,MAIL_FROM,5,,,,,0
879,1547922970,WS,http,68.248.63.67,74.125.105.30,GET,8,,,,,0
880,1547922970,WS,http,68.180.118.172,74.125.103.21,TRACE,7,,,,,0
881,1547922971,FW,ftp,209.131.66.138,74.125.103.23,DROP,1,,,,,0
882,1547922971,WS,http,216.147.133.143,74.125.103.20,GET,5,,,,,0
883,1547922971,WS,http,69.39.71.180,74.125.103.22,GET,7,,,,,0
884,1547922974,FW,http,209.39.226.26,74.125.103.22,DROP,8,,,,,0
885,1547922975,MS,smtp,68.180.57.125,74.125.103.25,NOOP,5,,,,,0
886,1547922976,FW,smtp,68.180.45.246,74.125.103.25,ACCEPT,1,,,,,0
887,1547922978,WS,http,69.131.65.115,74.125.105.30,GET,6,,,,,0
888,1547922980,FW,http,209.39.226.26,74.125.103.22,DROP,3,,,,,0
889,1547922980,MS,smtp,209.39.155.177,74.125.103.24,AUTH,3,,,,,0
890,1547922981,WS,http,69.131.65.115,74.125.105.31,PUT,6,,,,,0
891,1547922981,WS,http,69.248.25.161,74.125.103.23,GET,2,,,,,0
892,1547922982,WS,http,87.248.105.47,74.125.105.31,GET,3,,,,,0
893,1547922982,WS,http,209.39.157.162,74.125.103.21,POST,2,,,,,0
894,1547922982,FW,http,69.131.126.20,74.125.105.30,ACCEPT,10,,,,,0
895,1547922984,FW,ftp,216.131.81.191,74.125.103.22,ACCEPT,8,,,,,0
896,1547922984,MS,smtp,87.131.59.11,74.125.103.24,MAIL_FROM,8,,,,,0
897,1547922985,WS,http,68.147.63.145,74.125.103.21,GET,4,,,,,0
898,1547922985,WS,http,216.39.216.105,74.125.103.23,HEAD,5,,,,,33
899,1547922986,MS,smtp,216.39.224.68,74.125.103.25,NOOP,8,,,,,0
900,1547922986,FW,ssh,216.131.81.191,74.125.103.25,ACCEPT,5,,,,,0
901,1547922988,FW,ftp,216.147.42.124,74.125.105.31,DROP,1,,,,,0
902,1547922989,FW,ssh,69.147.6.11,74.125.103.24,DROP,2,,,,,0
903,1547922989,FW,smtp,69.248.158.17,74.125.103.25,ACCEPT,8,,,,,0
904,1547922991,WS,http,68.131.80.193,74.125.103.23,TRACE,6,,,,,0
905,1547922994,FW,http,68.39.18.97,74.125.103.22,ACCEPT,8,,,,,0
906,1547922997,FW,smtp,69.131.222.46,74.125.103.24,ACCEPT,5,,,,,0
907,1547922999,WS,http,68.180.111.150,74.125.103.20,GET,5,,,,,0
908,1547922999,WS,http,216.147.132.141,74.125.103.20,TRACE,9,,,,,0
909,1547922999,FW,smtp,216.131.201.175,74.125.103.25,DROP,1,,,,,0
910,1547923001,WS,http,87.248.55.117,74.125.103.22,TRACE,2,,,,,0
911,1547923002,WS,http,69.39.71.180,74.125.103.23,HEAD,7,,,,,0
912,1547923002,FW,ssh,68.180.209.126,74.125.105.30,ACCEPT,9,,,,,0
913,1547923003,FW,http,209.131.195.189,74.125.105.31,ACCEPT,2,,,,,0
914,1547923004,FW,smtp,216.39.208.53,74.125.103.25,ACCEPT,3,,,,,0
915,1547923004,WS,http,69.39.92.126,74.125.103.22,POST,3,,,,,0
916,1547923005,WS,http,69.147.165.177,74.125.105.30,OPTIONS,3,,,,,0
917,1547923008,WS,http,87.147.249.177,74.125.103.21,PUT,4,,,,,0
918,1547923008,FW,ftp,68.248.119.45,74.125.103.21,ACCEPT,8,,,,,0
919,1547923008,MS,smtp,209.131.26.43,74.125.103.24,EHLO,1,,,,,0
920,1547923009,WS,http,216.147.136.142,74.125.105.31,GET,7,,,,,0
921,1547923012,FW,smtp,87.180.235.242,74.125.103.25,DROP,1,,,,,0
922,1547923012,MS,smtp,87.131.59.11,74.125.103.24,RCPT_TO,9,,,,,0
923,1547923013,WS,http,216.248.228.217,74.125.103.20,HEAD,2,,,,,0
924,1547923014,FW,smtp,68.248.74.169,74.125.103.25,DROP,4,,,,,0
925,1547923015,MS,smtp,209.131.189.92,74.125.103.25,AUTH,1,,,,,0
926,1547923015,FW,http,216.147.136.142,74.125.105.31,DROP,10,,,,,0
927,1547923016,WS,http,87.180.18.163,74.125.105.31,OPTIONS,1,,,,,0
928,1547923017,MS,smtp,209.248.43.103,74.125.103.24,NOOP,9,,,,,0
929,1547923017,WS,http,69.147.165.177,74.125.103.20,PUT,8,,,,,0
930,1547923018,WS,http,87.131.217.66,74.125.103.21,HEAD,9,,,,,0
931,1547923019,FW,ftp,216.248.160.111,74.125.105.31,ACCEPT,2,,,,,0
932,1547923020,MS,smtp,69.131.126.216,74.125.103.25,NOOP,8,,,,,0
933,1547923021,FW,ftp,216.147.132.141,74.125.103.21,ACCEPT,2,,,,,0
934,1547923021,WS,http,69.131.171.15,74.125.103.20,GET,3,,,,,0
935,1547923024,WS,http,216.39.246.166,74.125.105.30,POST,9,,,,,0
936,1547923025,MS,smtp,68.131.161.169,74.125.103.25,DATA,5,,,,,0
937,1547923026,FW,ftp,216.147.136.142,74.125.103.20,ACCEPT,9,,,,,0
938,1547923026,FW,http,209.39.195.100,74.125.105.30,ACCEPT,4,,,,,0
939,1547923026,FW,ftp,87.248.105.47,74.125.103.20,ACCEPT,3,,,,,0
940,1547923027,WS,http,209.39.245.56,74.125.103.21,HEAD,1,,,,,0
941,1547923027,MS,smtp,209.248.216.241,74.125.103.24,SEND,8,,,,,0
942,1547923030,WS,http,209.248.43.103,74.125.103.22,PUT,5,,,,,0
943,1547923031,MS,smtp,209.131.79.152,74.125.103.25,SEND,7,,,,,0
944,1547923031,FW,ssh,209.39.248.159,74.125.105.31,ACCEPT,7,,,,,0
945,1547923032,FW,smtp,216.248.66.96,74.125.103.25,ACCEPT,8,,,,,0
946,1547923034,FW,http,87.180.75.87,74.125.105.30,DROP,10,,,,,0
947,1547923035,FW,ftp,68.131.115.183,74.125.103.22,DROP,9,,,,,0
948,1547923036,MS,smtp,87.39.85.113,74.125.103.25,RSET,6,,,,,0
949,1547923038,MS,smtp,87.248.189.187,74.125.103.25,HELO,3,,,,,0
950,1547923039,WS,http,216.147.116.179,74.125.103.20,POST,7,,,,,0
951,1547923042,FW,ftp,209.180.185.182,74.125.103.20,ACCEPT,8,,,,,0
952,1547923042,FW,http,216.39.53.135,74.125.105.31,DROP,7,,,,,0
953,1547923045,WS,http,216.180.177.220,74.125.103.21,HEAD,2,,,,,0
954,1547923046,MS,smtp,68.180.209.126,74.125.103.24,SEND,7,,,,,0
955,1547923046,WS,http,68.180.156.46,74.125.103.22,OPTIONS,8,,,,,0
956,1547923047,FW,http,87.180.132.200,74.125.105.31,ACCEPT,1,,,,,0
957,1547923048,FW,ftp,87.147.107.181,74.125.103.21,ACCEPT,1,,,,,0
958,1547923048,FW,ssh,87.39.202.238,74.125.103.22,DROP,1,,,,,0
959,1547923050,MS,smtp,209.147.26.30,74.125.103.24,MAIL_FROM,1,,,,,0
960,1547923051,MS,smtp,68.39.228.123,74.125.103.25,HELO,9,,,,,0
961,1547923053,WS,http,68.131.115.183,74.125.105.30,GET,8,,,,,0
962,1547923054,FW,ftp,69.180.71.94,74.125.103.22,ACCEPT,4,,,,,0
963,1547923054,FW,http,69.147.238.121,74.125.105.30,DROP,3,,,,,0
964,1547923055,WS,http,216.180.74.59,74.125.103.23,TRACE,6,,,,,0
965,1547923056,FW,ssh,87.147.105.163,74.125.105.31,ACCEPT,5,,,,,0
966,1547923056,FW,http,216.147.118.115,74.125.103.23,ACCEPT,2,,,,,0
967,1547923059,FW,ftp,216.39.246.166,74.125.105.31,ACCEPT,10,,,,,0
968,1547923060,FW,ssh,209.131.129.84,74.125.103.20,DROP,2,,,,,0
969,1547923061,MS,smtp,209.248.216.241,74.125.103.25,DATA,2,,,,,0
970,1547923063,WS,http,87.180.18.163,74.125.103.23,PUT,6,,,,,0
971,1547923063,WS,http,87.39.240.234,74.125.105.30,HEAD,6,,,,,0
972,1547923065,WS,http,69.131.17.26,74.125.103.23,CONNECT,7,,,,,0
973,1547923066,WS,http,68.248.154.206,74.125.103.20,GET,6,,,,,0
974,1547923067,FW,http,216.131.165.90,74.125.103.20,DROP,8,,,,,0
975,1547923068,MS,smtp,68.248.21.141,74.125.103.25,NOOP,2,,,,,0
976,1547923068,FW,ftp,68.147.100.253,74.125.103.25,ACCEPT,10,,,,,0
977,1547923069,FW,http,216.180.177.128,74.125.103.22,ACCEPT,1,,,,,0
978,1547923072,WS,http,209.39.224.86,74.125.103.22,GET,9,,,,,0
979,1547923072,WS,http,209.147.198.148,74.125.103.23,TRACE,4,,,,,0
980,1547923075,FW,ssh,69.248.158.202,74.125.103.20,DROP,1,,,,,0
981,1547923077,WS,http,209.147.25.77,74.125.103.20,HEAD,5,,,,,0
982,1547923078,WS,http,209.147.26.30,74.125.105.31,OPTIONS,7,,,,,0
983,1547923081,MS,smtp,216.131.81.191,74.125.103.25,RCPT_TO,7,,,,,0
984,1547923082,WS,http,87.180.75.87,74.125.105.31,HEAD,2,,,,,0
985,1547923084,WS,http,87.180.217.155,74.125.103.23,GET,7,,,,,0
986,1547923084,WS,http,69.131.15.190,74.125.105.30,TRACE,6,,,,,0
987,1547923085,FW,ftp,209.131.104.134,74.125.103.23,DROP,3,,,,,0
988,1547923086,FW,http,216.248.36.213,74.125.105.31,ACCEPT,8,,,,,0
989,1547923087,FW,http,69.39.71.180,74.125.103.22,DROP,2,,,,,0
990,1547923089,MS,smtp,87.39.55.208,74.125.103.24,RSET,7,,,,,0
991,1547923090,WS,http,69.147.6.11,74.125.103.22,TRACE,5,,,,,0
992,1547923092,FW,http,68.131.22.62,74.125.103.22,ACCEPT,5,,,,,0
993,1547923092,FW,http,69.147.6.11,74.125.103.21,DROP,5,,,,,0
994,1547923093,WS,http,216.147.103.201,74.125.103.20,HEAD,4,,,,,0
995,1547923094,FW,http,69.147.56.26,74.125.103.22,DROP,3,,,,,0
996,1547923094,FW,ftp,216.147.237.36,74.125.103.20,ACCEPT,1,,,,,0
997,1547923094,FW,ssh,69.39.92.126,74.125.103.20,DROP,8,,,,,0
998,1547923094,MS,smtp,209.248.108.243,74.125.103.25,NOOP,4,,,,,0
999,1547923094,WS,http,87.180.132.200,74.125.103.22,GET,8,,,,,0
