67091,1005361195.0,,,172.016.113.204,197.218.177.069,FTP_User,,,22585,21,,0
67092,1005361205.0,,,172.016.113.204,172.016.112.100,Email_Ehlo,,,22641,25,,0
67088,1005361210.0,,,172.016.113.204,197.218.177.069,FTP_Syst,,,22585,21,,0
67093,1005361210.0,,,172.016.113.204,197.218.177.069,FTP_Pass,,,22585,21,,0
67089,1005361212.0,,,172.016.112.020,172.016.112.255,RIPExpire,,,520,520,,0
67090,1005361212.0,,,172.016.112.020,172.016.112.255,RIPAdd,,,520,520,,0
67087,1005361216.0,,,194.007.248.153,172.016.112.100,Email_Ehlo,,,43739,25,,0
67095,1005361218.0,,,194.027.251.021,172.016.112.194,Email_Ehlo,,,43740,25,,0
67096,1005361220.0,,,197.218.177.069,172.016.113.084,Email_Ehlo,,,43741,25,,0
67097,1005361246.0,,,172.016.112.207,197.218.177.069,Email_Ehlo,,,22643,25,,0
67094,1005361247.0,,,197.218.177.069,172.016.113.084,Email_Ehlo,,,43744,25,,0
67098,1005361286.0,,,172.016.113.084,172.016.112.050,TelnetTerminaltype,,,23713,23,,0
67099,1005361304.0,,,194.027.251.021,172.016.113.084,Email_Ehlo,,,43842,25,,0
67100,1005361305.0,,,194.027.251.021,172.016.112.207,Email_Ehlo,,,43843,25,,0
67101,1005361315.0,,,172.016.112.149,172.016.112.100,Email_Ehlo,,,24641,25,,0
67102,1005361324.0,,,195.115.218.108,172.016.113.084,Email_Ehlo,,,43859,25,,0
67103,1005361351.0,,,172.016.113.148,172.016.112.100,Email_Ehlo,,,24684,25,,0
67104,1005361360.0,,,194.027.251.021,172.016.113.207,Email_Ehlo,,,43885,25,,0
67105,1005361362.0,,,195.115.218.108,172.016.113.050,TelnetTerminaltype,,,43886,23,,0
67108,1005361378.0,,,135.008.060.182,172.016.112.100,Email_Ehlo,,,43888,25,,0
67109,1005361390.0,,,172.016.113.207,194.027.251.021,Email_Ehlo,,,24688,25,,0
67110,1005361391.0,,,172.016.113.207,135.013.216.191,Email_Ehlo,,,24690,25,,0
67106,1005361392.0,,,172.016.113.207,197.182.091.233,Email_Ehlo,,,24691,25,,0
67107,1005361393.0,,,172.016.113.207,197.218.177.069,Email_Ehlo,,,24692,25,,0
67111,1005361408.0,,,172.016.112.149,196.227.033.189,Email_Ehlo,,,24693,25,,0
67112,1005361408.0,,,172.016.113.207,172.016.112.100,Email_Ehlo,,,24694,25,,0
67113,1005361421.0,,,194.027.251.021,172.016.112.100,Email_Ehlo,,,43919,25,,0
67115,1005361501.0,,,172.016.113.207,194.027.251.021,Email_Ehlo,,,25325,25,,0
67116,1005361504.0,,,172.016.113.168,172.016.112.100,FTP_User,,,25314,21,,0
67117,1005361509.0,,,172.016.113.168,172.016.112.100,FTP_Pass,,,25314,21,,0
67114,1005361510.0,,,172.016.113.168,172.016.112.100,FTP_Syst,,,25314,21,,0
67119,1005361531.0,,,197.182.091.233,172.016.113.207,Email_Ehlo,,,43957,25,,0
67120,1005361534.0,,,197.218.177.069,172.016.113.207,Email_Ehlo,,,43958,25,,0
67121,1005361538.0,,,135.013.216.191,172.016.113.207,Email_Ehlo,,,43959,25,,0
67118,1005361552.0,,,172.016.113.084,197.182.091.233,Email_Ehlo,,,25620,25,,0
67123,1005361555.0,,,195.115.218.108,172.016.112.194,Email_Ehlo,,,43973,25,,0
67124,1005361567.0,,,194.027.251.021,172.016.112.194,TelnetTerminaltype,,,43976,23,,0
67125,1005361571.0,,,172.016.112.194,172.016.112.100,Email_Ehlo,,,25623,25,,0
67122,1005361584.0,,,172.016.113.148,197.218.177.069,TelnetTerminaltype,,,25627,23,,0
67126,1005361585.0,,,172.016.112.194,172.016.112.100,TelnetTerminaltype,,,25625,23,,0
67127,1005361591.0,,,172.016.113.050,172.016.114.050,FTP_User,,,1042,21,,0
67128,1005361593.0,,,172.016.113.050,172.016.114.050,FTP_Pass,,,1042,21,,0
67129,1005361633.0,,,195.073.151.050,172.016.113.207,Email_Ehlo,,,44069,25,,0
67130,1005361662.0,,,172.016.113.169,172.016.112.100,Email_Ehlo,,,27181,25,,0
67131,1005361677.0,,,172.016.113.207,195.073.151.050,Email_Ehlo,,,27183,25,,0
67132,1005361679.0,,,172.016.113.207,195.115.218.108,Email_Ehlo,,,27184,25,,0
67133,1005361711.0,,,172.016.113.207,195.073.151.050,Email_Ehlo,,,28760,25,,0
67134,1005361755.0,,,172.016.113.204,172.016.112.050,TelnetTerminaltype,,,28777,23,,0
67135,1005361767.0,,,197.182.091.233,172.016.113.168,TelnetTerminaltype,,,44139,23,,0
67136,1005361809.0,,,194.007.248.153,172.016.112.050,Email_Ehlo,,,44141,25,,0
67138,1005361849.0,,,172.016.113.050,172.016.115.020,FTP_User,,,1045,21,,0
67139,1005361850.0,,,172.016.113.050,172.016.115.020,FTP_Pass,,,1045,21,,0
67140,1005361858.0,,,172.016.113.084,172.016.112.050,TelnetTerminaltype,,,29231,23,,0
67137,1005361859.0,,,197.218.177.069,172.016.112.207,Email_Ehlo,,,44184,25,,0
67143,1005361860.0,,,197.218.177.069,172.016.113.148,Email_Ehlo,,,44185,25,,0
67141,1005361873.0,,,135.013.216.191,172.016.113.204,Email_Ehlo,,,44188,25,,0
67144,1005361873.0,,,135.013.216.191,172.016.113.050,Email_Ehlo,,,44186,25,,0
67145,1005361873.0,,,135.013.216.191,172.016.112.050,Email_Ehlo,,,44187,25,,0
67142,1005361888.0,,,195.073.151.050,172.016.112.149,Email_Ehlo,,,44189,25,,0
67146,1005361900.0,,,172.016.112.207,197.218.177.069,Email_Ehlo,,,29378,25,,0
67147,1005361913.0,,,172.016.113.169,172.016.113.050,TelnetTerminaltype,,,29712,23,,0
67148,1005361914.0,,,172.016.113.168,197.182.091.233,TelnetTerminaltype,,,29713,23,,0
67150,1005361934.0,,,196.227.033.189,172.016.113.207,Email_Ehlo,,,44218,25,,0
67151,1005361934.0,,,172.016.113.084,172.016.114.050,TelnetTerminaltype,,,29714,23,,0
67152,1005361940.0,,,194.027.251.021,172.016.112.207,Email_Ehlo,,,44220,25,,0
67149,1005361941.0,,,194.027.251.021,172.016.113.148,Email_Ehlo,,,44221,25,,0
67153,1005361965.0,,,172.016.113.207,172.016.112.100,Email_Ehlo,,,29716,25,,0
67154,1005361969.0,,,194.007.248.153,172.016.112.050,TelnetTerminaltype,,,44225,23,,0
67155,1005361973.0,,,172.016.112.194,172.016.113.050,TelnetTerminaltype,,,29720,23,,0
67156,1005362000.0,,,172.016.114.050,172.016.113.050,Email_Ehlo,,,44227,25,,0
67157,1005362033.0,,,172.016.113.084,172.016.113.050,TelnetTerminaltype,,,30001,23,,0
67158,1005362037.0,,,172.016.113.204,172.016.112.050,TelnetTerminaltype,,,30002,23,,0
67159,1005362084.0,,,172.016.113.204,194.027.251.021,Email_Ehlo,,,30148,25,,0
67160,1005362085.0,,,172.016.113.204,135.013.216.191,Email_Ehlo,,,30169,25,,0
67161,1005362093.0,,,196.227.033.189,172.016.115.020,TelnetTerminaltype,,,44261,23,,0
67162,1005362132.0,,,172.016.113.084,135.013.216.191,Email_Ehlo,,,30768,25,,0
67166,1005362146.0,,,172.016.112.194,194.007.248.153,Email_Ehlo,,,30827,25,,0
67167,1005362147.0,,,172.016.112.194,197.182.091.233,Email_Ehlo,,,30828,25,,0
67168,1005362148.0,,,172.016.112.194,195.115.218.108,Email_Ehlo,,,30829,25,,0
67163,1005362150.0,,,172.016.112.207,195.115.218.108,Email_Ehlo,,,31144,25,,0
67164,1005362154.0,,,172.016.113.204,172.016.112.050,TelnetTerminaltype,,,31208,23,,0
67165,1005362162.0,,,172.016.113.105,135.008.060.182,Email_Ehlo,,,31215,25,,0
67169,1005362176.0,,,172.016.112.194,196.037.075.158,Email_Ehlo,,,31216,25,,0
67171,1005362205.0,,,195.073.151.050,172.016.112.100,FTP_User,,,44315,21,,0
67172,1005362216.0,,,194.027.251.021,172.016.112.100,Email_Ehlo,,,44322,25,,0
67170,1005362219.0,,,195.073.151.050,172.016.112.100,FTP_Syst,,,44315,21,,0
67173,1005362219.0,,,195.073.151.050,172.016.112.100,FTP_Pass,,,44315,21,,0
67174,1005362281.0,,,172.016.113.169,172.016.112.050,TelnetTerminaltype,,,31402,23,,0
67175,1005362315.0,,,172.016.113.168,194.027.251.021,Email_Ehlo,,,31570,25,,0
67176,1005362348.0,,,172.016.113.204,172.016.112.100,Email_Ehlo,,,31836,25,,0
67177,1005362377.0,,,172.016.113.168,135.008.060.182,Email_Ehlo,,,31845,25,,0
67179,1005362388.0,,,172.016.112.207,195.073.151.050,Email_Ehlo,,,31897,25,,0
67180,1005362389.0,,,172.016.112.207,135.013.216.191,Email_Ehlo,,,31903,25,,0
67181,1005362392.0,,,194.007.248.153,172.016.112.194,Email_Ehlo,,,44371,25,,0
67178,1005362406.0,,,135.008.060.182,172.016.112.100,Email_Ehlo,,,44372,25,,0
67183,1005362473.0,,,135.013.216.191,172.016.112.194,Email_Ehlo,,,44385,25,,0
67184,1005362474.0,,,135.013.216.191,172.016.113.148,Email_Ehlo,,,44386,25,,0
67185,1005362474.0,,,135.013.216.191,172.016.112.050,Email_Ehlo,,,44387,25,,0
67182,1005362475.0,,,135.013.216.191,172.016.113.204,Email_Ehlo,,,44388,25,,0
67186,1005362519.0,,,135.013.216.191,172.016.112.100,Email_Ehlo,,,44417,25,,0
67187,1005362526.0,,,195.073.151.050,172.016.112.207,Email_Ehlo,,,44421,25,,0
67188,1005362538.0,,,172.016.112.149,172.016.112.100,Email_Ehlo,,,1026,25,,0
67189,1005362545.0,,,197.182.091.233,172.016.113.168,Email_Ehlo,,,44422,25,,0
67190,1005362561.0,,,197.182.091.233,172.016.112.149,Email_Ehlo,,,44423,25,,0
67191,1005362564.0,,,172.016.113.204,135.013.216.191,Email_Ehlo,,,1028,25,,0
67192,1005362574.0,,,172.016.112.194,172.016.114.050,TelnetTerminaltype,,,1130,23,,0
67195,1005362601.0,,,135.013.216.191,172.016.112.100,Email_Ehlo,,,44478,25,,0
67196,1005362602.0,,,172.016.113.105,197.182.091.233,Email_Ehlo,,,1457,25,,0
67197,1005362603.0,,,172.016.113.105,196.037.075.158,Email_Ehlo,,,1520,25,,0
67193,1005362612.0,,,172.016.112.194,172.016.112.100,Email_Ehlo,,,1590,25,,0
67194,1005362616.0,,,172.016.113.084,172.016.112.050,TelnetTerminaltype,,,1591,23,,0
67198,1005362651.0,,,172.016.113.204,195.115.218.108,TelnetTerminaltype,,,1715,23,,0
67199,1005362652.0,,,172.016.113.084,172.016.112.100,Email_Ehlo,,,1777,25,,0
67200,1005362657.0,,,172.016.113.084,172.016.112.100,Email_Ehlo,,,1778,25,,0
67201,1005362674.0,,,197.218.177.069,172.016.113.105,Email_Ehlo,,,44617,25,,0
67202,1005362683.0,,,172.016.113.105,197.182.091.233,Email_Ehlo,,,4140,25,,0
67203,1005362690.0,,,194.007.248.153,172.016.113.169,Email_Ehlo,,,44649,25,,0
67204,1005362691.0,,,194.007.248.153,172.016.112.207,Email_Ehlo,,,44650,25,,0
67205,1005362693.0,,,197.182.091.233,172.016.112.194,Email_Ehlo,,,44653,25,,0
67207,1005362717.0,,,172.016.113.148,195.073.151.050,Email_Ehlo,,,4189,25,,0
67208,1005362718.0,,,172.016.113.148,135.013.216.191,Email_Ehlo,,,4192,25,,0
67209,1005362732.0,,,172.016.112.207,135.013.216.191,Email_Ehlo,,,4370,25,,0
67206,1005362743.0,,,172.016.113.168,172.016.112.100,FTP_User,,,4433,21,,0
67210,1005362752.0,,,172.016.113.168,172.016.112.100,FTP_Pass,,,4433,21,,0
67211,1005362752.0,,,172.016.113.168,172.016.112.100,FTP_Syst,,,4433,21,,0
67212,1005362764.0,,,135.008.060.182,172.016.112.100,FTP_User,,,44711,21,,0
67213,1005362779.0,,,135.008.060.182,172.016.112.100,FTP_Pass,,,44711,21,,0
67214,1005362779.0,,,135.008.060.182,172.016.112.100,FTP_Syst,,,44711,21,,0
67215,1005362783.0,,,195.073.151.050,172.016.113.105,Email_Ehlo,,,44833,25,,0
67216,1005362821.0,,,172.016.113.204,135.008.060.182,Email_Ehlo,,,7057,25,,0
67219,1005362840.0,,,172.016.112.207,194.007.248.153,Email_Ehlo,,,8220,25,,0
67220,1005362844.0,,,172.016.113.169,195.073.151.050,Email_Ehlo,,,8225,25,,0
67217,1005362845.0,,,172.016.113.169,172.016.112.050,Email_Ehlo,,,8228,25,,0
67221,1005362845.0,,,172.016.113.169,194.027.251.021,Email_Ehlo,,,8226,25,,0
67218,1005362862.0,,,197.182.091.233,172.016.113.050,TelnetTerminaltype,,,44912,23,,0
67222,1005362888.0,,,195.073.151.050,172.016.113.169,Email_Ehlo,,,44977,25,,0
67223,1005362896.0,,,196.037.075.158,172.016.115.020,TelnetTerminaltype,,,44979,23,,0
67224,1005362935.0,,,172.016.112.207,195.115.218.108,Email_Ehlo,,,10069,25,,0
67225,1005362952.0,,,197.218.177.069,172.016.113.207,Email_Ehlo,,,45076,25,,0
67226,1005362978.0,,,197.218.177.069,172.016.112.050,TelnetTerminaltype,,,45077,23,,0
67227,1005362979.0,,,172.016.113.207,194.007.248.153,Email_Ehlo,,,10320,25,,0
67228,1005362980.0,,,172.016.113.207,197.218.177.069,Email_Ehlo,,,10321,25,,0
67229,1005363020.0,,,172.016.113.168,135.013.216.191,Email_Ehlo,,,11051,25,,0
67233,1005363023.0,,,172.016.113.204,195.115.218.108,TelnetTerminaltype,,,11052,23,,0
67234,1005363030.0,,,172.016.113.148,196.037.075.158,Email_Ehlo,,,11242,25,,0
67235,1005363031.0,,,172.016.113.148,196.227.033.189,Email_Ehlo,,,11302,25,,0
67230,1005363032.0,,,172.016.113.148,195.115.218.108,Email_Ehlo,,,11306,25,,0
67231,1005363033.0,,,172.016.113.148,197.218.177.069,Email_Ehlo,,,11307,25,,0
67232,1005363034.0,,,172.016.113.148,135.008.060.182,Email_Ehlo,,,11308,25,,0
67236,1005363062.0,,,135.008.060.182,172.016.115.020,TelnetTerminaltype,,,45143,23,,0
67237,1005363062.0,,,172.016.113.168,196.037.075.158,Email_Ehlo,,,11428,25,,0
67238,1005363080.0,,,172.016.113.168,194.027.251.021,Email_Ehlo,,,12013,25,,0
67239,1005363104.0,,,172.016.113.084,195.115.218.108,Email_Ehlo,,,12321,25,,0
67240,1005363218.0,,,194.027.251.021,172.016.112.194,TelnetTerminaltype,,,45324,23,,0
67241,1005363238.0,,,172.016.114.050,172.016.112.050,FTP_User,,,45329,21,,0
67242,1005363240.0,,,172.016.114.050,172.016.112.050,FTP_Pass,,,45329,21,,0
67243,1005363240.0,,,172.016.114.050,172.016.112.050,FTP_Syst,,,45329,21,,0
67244,1005363264.0,,,172.016.113.105,194.007.248.153,TelnetTerminaltype,,,14385,23,,0
67245,1005363265.0,,,135.013.216.191,172.016.112.050,TelnetTerminaltype,,,45344,23,,0
67246,1005363354.0,,,172.016.113.204,205.254.240.185,HTTP_Shells,,,15456,80,,0
67247,1005363354.0,,,172.016.113.204,205.254.240.185,HTTP_Shells,,,15459,80,,0
67248,1005363354.0,,,172.016.113.204,205.254.240.185,HTTP_Shells,,,15463,80,,0
67249,1005363354.0,,,172.016.113.204,205.254.240.185,HTTP_Shells,,,15397,80,,0
67250,1005363354.0,,,172.016.113.204,205.254.240.185,HTTP_Shells,,,15399,80,,0
67251,1005363354.0,,,172.016.113.204,205.254.240.185,HTTP_Shells,,,15400,80,,0
67252,1005363354.0,,,172.016.113.204,205.254.240.185,HTTP_Shells,,,15276,80,,0
67253,1005363354.0,,,172.016.113.204,205.254.240.185,HTTP_Shells,,,15340,80,,0
67254,1005363354.0,,,172.016.113.204,205.254.240.185,HTTP_Shells,,,15395,80,,0
67255,1005363355.0,,,172.016.113.204,205.254.240.185,HTTP_Shells,,,15911,80,,0
67256,1005363355.0,,,172.016.113.204,205.254.240.185,HTTP_Shells,,,15912,80,,0
67257,1005363355.0,,,172.016.113.204,205.254.240.185,HTTP_Shells,,,15650,80,,0
67258,1005363355.0,,,172.016.113.204,205.254.240.185,HTTP_Shells,,,15776,80,,0
67259,1005363355.0,,,172.016.113.204,205.254.240.185,HTTP_Shells,,,15840,80,,0
67264,1005363422.0,,,172.016.113.204,194.007.248.153,Email_Ehlo,,,16445,25,,0
67265,1005363423.0,,,172.016.113.204,135.013.216.191,Email_Ehlo,,,16446,25,,0
67266,1005363425.0,,,194.027.251.021,172.016.113.084,Email_Ehlo,,,45458,25,,0
67261,1005363426.0,,,194.027.251.021,172.016.113.168,Email_Ehlo,,,45459,25,,0
67262,1005363428.0,,,194.027.251.021,172.016.113.105,Email_Ehlo,,,45460,25,,0
67263,1005363429.0,,,194.027.251.021,172.016.113.204,Email_Ehlo,,,45461,25,,0
67260,1005363443.0,,,172.016.113.204,194.027.251.021,Email_Ehlo,,,16447,25,,0
67267,1005363449.0,,,135.013.216.191,172.016.113.207,Email_Ehlo,,,45464,25,,0
67268,1005363450.0,,,135.013.216.191,172.016.113.204,Email_Ehlo,,,45465,25,,0
67269,1005363511.0,,,197.182.091.233,172.016.113.169,Email_Ehlo,,,45517,25,,0
67270,1005363531.0,,,172.016.113.207,196.037.075.158,TelnetTerminaltype,,,17060,23,,0
67271,1005363620.0,,,135.013.216.191,172.016.113.169,Email_Ehlo,,,45555,25,,0
67272,1005363642.0,,,197.182.091.233,172.016.113.050,TelnetTerminaltype,,,45571,23,,0
67273,1005363654.0,,,172.016.112.194,172.016.112.050,TelnetTerminaltype,,,17531,23,,0
67274,1005363712.0,,,196.227.033.189,172.016.113.148,FTP_User,,,45603,21,,0
67275,1005363732.0,,,196.227.033.189,172.016.113.148,FTP_Pass,,,45603,21,,0
67276,1005363732.0,,,196.227.033.189,172.016.113.148,FTP_Syst,,,45603,21,,0
67277,1005363788.0,,,135.008.060.182,172.016.113.105,Email_Ehlo,,,45661,25,,0
67278,1005363789.0,,,135.008.060.182,172.016.113.204,Email_Ehlo,,,45662,25,,0
67279,1005363815.0,,,172.016.112.149,197.218.177.069,FTP_User,,,19501,21,,0
67280,1005363838.0,,,172.016.112.149,197.218.177.069,FTP_Pass,,,19501,21,,0
67281,1005363838.0,,,172.016.112.149,197.218.177.069,FTP_Syst,,,19501,21,,0
67282,1005363869.0,,,172.016.113.204,172.016.112.050,TelnetTerminaltype,,,20532,23,,0
67283,1005363946.0,,,172.016.112.149,172.016.112.050,TelnetTerminaltype,,,20952,23,,0
67284,1005363973.0,,,172.016.112.149,172.016.112.050,TelnetTerminaltype,,,21211,23,,0
67285,1005363983.0,,,202.077.162.213,172.016.115.020,Admind,,,54792,32773,,0
67286,1005363983.0,,,202.077.162.213,172.016.115.020,Sadmind_Ping,,,54792,32773,,1
67287,1005364096.0,,,172.016.112.149,135.013.216.191,TelnetTerminaltype,,,22543,23,,0
67288,1005364140.0,,,194.027.251.021,172.016.112.194,TelnetTerminaltype,,,45887,23,,0
67305,1005364153.0,,,194.007.248.153,172.016.113.207,Email_Ehlo,,,45895,25,,0
67306,1005364153.0,,,194.007.248.153,172.016.113.207,Email_Almail_Overflow,,,45895,25,,0
67302,1005364154.0,,,194.007.248.153,172.016.112.194,Email_Almail_Overflow,,,45896,25,,0
67307,1005364154.0,,,194.007.248.153,172.016.112.194,Email_Ehlo,,,45896,25,,0
67303,1005364155.0,,,194.007.248.153,172.016.112.050,Email_Ehlo,,,45897,25,,0
67304,1005364155.0,,,194.007.248.153,172.016.112.050,Email_Almail_Overflow,,,45897,25,,0
67299,1005364156.0,,,194.007.248.153,172.016.113.168,Email_Ehlo,,,45898,25,,0
67300,1005364156.0,,,194.007.248.153,172.016.113.168,Email_Almail_Overflow,,,45898,25,,0
67296,1005364157.0,,,194.007.248.153,172.016.113.169,Email_Almail_Overflow,,,45899,25,,0
67301,1005364157.0,,,194.007.248.153,172.016.113.169,Email_Ehlo,,,45899,25,,0
67297,1005364158.0,,,194.007.248.153,172.016.113.148,Email_Ehlo,,,45900,25,,0
67293,1005364159.0,,,194.007.248.153,172.016.113.050,Email_Ehlo,,,45901,25,,0
67294,1005364159.0,,,194.007.248.153,172.016.113.050,Email_Almail_Overflow,,,45901,25,,0
67298,1005364159.0,,,194.007.248.153,172.016.113.148,Email_Almail_Overflow,,,45900,25,,0
67290,1005364160.0,,,194.007.248.153,172.016.113.204,Email_Almail_Overflow,,,45902,25,,0
67295,1005364160.0,,,194.007.248.153,172.016.113.204,Email_Ehlo,,,45902,25,,0
67291,1005364161.0,,,194.007.248.153,172.016.112.149,Email_Ehlo,,,45903,25,,0
67292,1005364161.0,,,194.007.248.153,172.016.112.149,Email_Almail_Overflow,,,45903,25,,0
67289,1005364173.0,,,172.016.113.204,172.016.112.050,TelnetTerminaltype,,,22594,23,,0
67313,1005364176.0,,,196.227.033.189,172.016.113.105,Email_Ehlo,,,45907,25,,0
67314,1005364183.0,,,172.016.113.084,172.016.112.050,TelnetTerminaltype,,,22689,23,,0
67315,1005364186.0,,,172.016.113.168,197.218.177.069,FTP_User,,,22651,21,,0
67310,1005364199.0,,,172.016.113.105,194.027.251.021,Email_Ehlo,,,22693,25,,0
67311,1005364200.0,,,172.016.113.105,197.182.091.233,Email_Ehlo,,,22697,25,,0
67308,1005364201.0,,,172.016.113.105,172.016.112.050,Email_Ehlo,,,22701,25,,0
67312,1005364201.0,,,172.016.113.105,196.037.075.158,Email_Ehlo,,,22698,25,,0
67309,1005364202.0,,,172.016.113.105,195.115.218.108,Email_Ehlo,,,22702,25,,0
67316,1005364213.0,,,172.016.113.168,197.218.177.069,FTP_Pass,,,22651,21,,0
67317,1005364213.0,,,172.016.113.168,197.218.177.069,FTP_Syst,,,22651,21,,0
67324,1005364238.0,,,172.016.113.204,209.075.005.250,HTTP_Shells,,,23713,80,,0
67318,1005364240.0,,,209.075.005.250,172.016.113.204,HTTP_Java,,,80,23713,,0
67319,1005364240.0,,,209.075.005.250,172.016.113.204,HTTP_Java,,,80,23713,,0
67320,1005364240.0,,,209.075.005.250,172.016.113.204,HTTP_Java,,,80,23713,,0
67321,1005364240.0,,,209.075.005.250,172.016.113.204,HTTP_Java,,,80,23713,,0
67322,1005364240.0,,,209.075.005.250,172.016.113.204,HTTP_Java,,,80,23713,,0
67323,1005364240.0,,,209.075.005.250,172.016.113.204,HTTP_Java,,,80,23713,,0
67325,1005364240.0,,,209.075.005.250,172.016.113.204,HTTP_Java,,,80,23713,,0
67326,1005364240.0,,,209.075.005.250,172.016.113.204,HTTP_Java,,,80,23713,,0
67327,1005364276.0,,,196.037.075.158,172.016.113.105,Email_Ehlo,,,46045,25,,0
67328,1005364277.0,,,196.037.075.158,172.016.113.148,Email_Ehlo,,,46046,25,,0
67329,1005364297.0,,,194.027.251.021,172.016.113.105,Email_Ehlo,,,46048,25,,0
67333,1005364303.0,,,196.227.033.189,172.016.113.207,Email_Ehlo,,,46050,25,,0
67334,1005364304.0,,,196.227.033.189,172.016.113.148,Email_Ehlo,,,46051,25,,0
67330,1005364305.0,,,196.227.033.189,172.016.112.194,Email_Ehlo,,,46059,25,,0
67335,1005364305.0,,,172.016.113.168,172.016.113.050,TelnetTerminaltype,,,24997,23,,0
67331,1005364323.0,,,172.016.112.194,135.013.216.191,Email_Ehlo,,,25873,25,,0
67332,1005364325.0,,,172.016.113.105,172.016.112.050,TelnetTerminaltype,,,25874,23,,0
67336,1005364356.0,,,194.027.251.021,172.016.113.148,Email_Ehlo,,,46102,25,,0
67337,1005364357.0,,,194.027.251.021,172.016.112.194,TelnetTerminaltype,,,46103,23,,0
67338,1005364373.0,,,172.016.113.207,196.227.033.189,Email_Ehlo,,,26192,25,,0
67347,1005364397.0,,,197.218.177.069,172.016.113.105,Email_Ehlo,,,46161,25,,0
67348,1005364398.0,,,197.218.177.069,172.016.113.207,Email_Ehlo,,,46164,25,,0
67344,1005364400.0,,,172.016.112.207,194.027.251.021,TelnetTerminaltype,,,26717,23,,0
67349,1005364400.0,,,197.218.177.069,172.016.113.204,Email_Ehlo,,,46165,25,,0
67345,1005364401.0,,,197.218.177.069,172.016.112.149,Email_Ehlo,,,46167,25,,0
67339,1005364406.0,,,172.016.112.194,194.007.248.153,Email_Ehlo,,,26765,25,,0
67341,1005364406.0,,,202.077.162.213,172.016.112.010,Sadmind_Ping,,,56256,32774,,1
67342,1005364406.0,,,202.077.162.213,172.016.112.050,Admind,,,56262,32773,,0
67343,1005364406.0,,,202.077.162.213,172.016.112.050,Sadmind_Ping,,,56262,32773,,1
67346,1005364406.0,,,202.077.162.213,172.016.112.010,Admind,,,56256,32774,,0
67340,1005364407.0,,,172.016.112.194,195.115.218.108,Email_Ehlo,,,26766,25,,0
67350,1005364459.0,,,172.016.113.148,194.007.248.153,Email_Ehlo,,,28290,25,,0
67351,1005364477.0,,,172.016.113.148,196.227.033.189,Email_Ehlo,,,28354,25,,0
67352,1005364497.0,,,194.007.248.153,172.016.112.194,Email_Ehlo,,,46251,25,,0
67353,1005364530.0,,,172.016.113.204,172.016.114.050,TelnetTerminaltype,,,28747,23,,0
67354,1005364541.0,,,172.016.113.204,195.115.218.108,TelnetTerminaltype,,,28797,23,,0
67355,1005364579.0,,,172.016.112.149,197.218.177.069,Email_Ehlo,,,29314,25,,0
67356,1005364586.0,,,172.016.112.207,172.016.114.050,Email_Ehlo,,,29380,25,,0
67357,1005364603.0,,,172.016.113.148,197.218.177.069,TelnetTerminaltype,,,29381,23,,0
67360,1005364607.0,,,195.073.151.050,172.016.113.148,Email_Ehlo,,,46352,25,,0
67361,1005364611.0,,,195.115.218.108,172.016.113.168,Email_Ehlo,,,46353,25,,0
67362,1005364612.0,,,195.115.218.108,172.016.113.207,Email_Ehlo,,,46354,25,,0
67358,1005364614.0,,,195.115.218.108,172.016.112.194,Email_Ehlo,,,46355,25,,0
67359,1005364630.0,,,196.037.075.158,172.016.113.050,TelnetTerminaltype,,,46356,23,,0
67363,1005364637.0,,,172.016.113.204,197.218.177.069,Email_Ehlo,,,29504,25,,0
67364,1005364673.0,,,197.182.091.233,172.016.113.207,Email_Ehlo,,,46381,25,,0
67365,1005364683.0,,,172.016.113.148,195.073.151.050,Email_Ehlo,,,30065,25,,0
67366,1005364700.0,,,172.016.113.168,172.016.114.050,TelnetTerminaltype,,,30128,23,,0
67368,1005364727.0,,,172.016.113.207,195.115.218.108,Email_Ehlo,,,32282,25,,0
67369,1005364730.0,,,172.016.113.105,194.007.248.153,Email_Ehlo,,,32283,25,,0
67370,1005364731.0,,,172.016.113.105,196.037.075.158,Email_Ehlo,,,32285,25,,0
67367,1005364747.0,,,172.016.113.084,194.007.248.153,Email_Ehlo,,,32412,25,,0
67371,1005364756.0,,,194.007.248.153,172.016.112.194,TelnetTerminaltype,,,46488,23,,0
67372,1005364762.0,,,194.007.248.153,172.016.112.100,TelnetTerminaltype,,,46489,23,,0
67373,1005364776.0,,,196.037.075.158,172.016.113.105,Email_Ehlo,,,46494,25,,0
67374,1005364818.0,,,172.016.113.169,196.227.033.189,TelnetTerminaltype,,,1028,23,,0
67375,1005364825.0,,,197.218.177.069,172.016.112.050,TelnetTerminaltype,,,46504,23,,0
67376,1005364826.0,,,197.182.091.233,172.016.113.168,Email_Ehlo,,,46505,25,,0
67377,1005364855.0,,,172.016.113.148,135.013.216.191,Email_Ehlo,,,1877,25,,0
67378,1005364858.0,,,172.016.113.207,197.218.177.069,Email_Ehlo,,,2063,25,,0
67379,1005364873.0,,,135.008.060.182,172.016.113.148,FTP_User,,,46530,21,,0
67380,1005364882.0,,,172.016.113.169,135.013.216.191,Email_Ehlo,,,2614,25,,0
67381,1005364893.0,,,135.008.060.182,172.016.113.148,FTP_Pass,,,46530,21,,0
67382,1005364893.0,,,135.008.060.182,172.016.113.148,FTP_Syst,,,46530,21,,0
67384,1005364910.0,,,172.016.113.204,135.013.216.191,Email_Ehlo,,,2674,25,,0
67385,1005364911.0,,,172.016.113.204,197.182.091.233,Email_Ehlo,,,2675,25,,0
67386,1005364913.0,,,172.016.113.148,196.227.033.189,Email_Ehlo,,,2677,25,,0
67383,1005364914.0,,,172.016.113.148,135.008.060.182,Email_Ehlo,,,2678,25,,0
67387,1005364950.0,,,195.115.218.108,172.016.113.168,Email_Ehlo,,,46594,25,,0
67388,1005364976.0,,,172.016.112.194,195.073.151.050,Email_Ehlo,,,4610,25,,0
67389,1005364982.0,,,197.218.177.069,172.016.113.050,TelnetTerminaltype,,,46657,23,,0
67390,1005365003.0,,,195.073.151.050,172.016.113.168,Email_Ehlo,,,46659,25,,0
67391,1005365091.0,,,196.037.075.158,172.016.113.105,Email_Ehlo,,,46720,25,,0
67392,1005365107.0,,,172.016.112.194,135.013.216.191,Email_Ehlo,,,6201,25,,0
67393,1005365134.0,,,196.037.075.158,172.016.113.207,Email_Ehlo,,,46728,25,,0
67394,1005365137.0,,,172.016.112.194,196.227.033.189,Email_Ehlo,,,6255,25,,0
67395,1005365176.0,,,172.016.113.050,172.016.112.050,FTP_User,,,1048,21,,0
67396,1005365183.0,,,172.016.113.050,172.016.112.050,FTP_Pass,,,1048,21,,0
67397,1005365193.0,,,194.007.248.153,172.016.112.194,Email_Ehlo,,,46789,25,,0
67402,1005365217.0,,,172.016.113.204,172.016.112.100,FTP_User,,,8242,21,,0
67399,1005365224.0,,,172.016.113.204,172.016.112.100,FTP_Syst,,,8242,21,,0
67403,1005365224.0,,,196.227.033.189,172.016.113.105,Email_Ehlo,,,46839,25,,0
67404,1005365224.0,,,172.016.113.204,172.016.112.100,FTP_Pass,,,8242,21,,0
67400,1005365225.0,,,196.227.033.189,172.016.112.194,Email_Ehlo,,,46840,25,,0
67401,1005365226.0,,,196.227.033.189,172.016.113.148,Email_Ehlo,,,46841,25,,0
67398,1005365227.0,,,196.227.033.189,172.016.112.149,Email_Ehlo,,,46842,25,,0
67405,1005365245.0,,,135.008.060.182,172.016.115.020,Email_Ehlo,,,46847,25,,0
67406,1005365251.0,,,196.037.075.158,172.016.113.105,Email_Ehlo,,,46848,25,,0
67407,1005365285.0,,,135.008.060.182,172.016.113.168,Email_Ehlo,,,46856,25,,0
67408,1005365288.0,,,172.016.112.194,135.008.060.182,TelnetTerminaltype,,,8318,23,,0
67410,1005365352.0,,,196.227.033.189,172.016.113.084,Email_Ehlo,,,46896,25,,0
67411,1005365353.0,,,196.227.033.189,172.016.113.207,Email_Ehlo,,,46897,25,,0
67412,1005365354.0,,,196.227.033.189,172.016.113.204,Email_Ehlo,,,46898,25,,0
67409,1005365356.0,,,196.227.033.189,172.016.112.149,Email_Ehlo,,,46899,25,,0
67413,1005365434.0,,,172.016.113.204,196.227.033.189,Email_Ehlo,,,10259,25,,0
67414,1005365446.0,,,197.182.091.233,172.016.112.050,TelnetTerminaltype,,,46936,23,,0
67415,1005365487.0,,,202.077.162.213,172.016.115.020,Admind,,,60251,32773,,0
67416,1005365487.0,,,202.077.162.213,172.016.115.020,Sadmind_Amslverify_Overflow,,,60251,32773,,1
67425,1005365489.0,,,202.077.162.213,172.016.115.020,Admind,,,60255,32773,,0
67426,1005365489.0,,,202.077.162.213,172.016.115.020,Sadmind_Amslverify_Overflow,,,60255,32773,,1
67422,1005365495.0,,,202.077.162.213,172.016.115.020,Sadmind_Amslverify_Overflow,,,60269,32773,,1
67427,1005365495.0,,,202.077.162.213,172.016.115.020,Admind,,,60269,32773,,0
67423,1005365497.0,,,202.077.162.213,172.016.115.020,Admind,,,60276,32773,,0
67424,1005365497.0,,,202.077.162.213,172.016.115.020,Sadmind_Amslverify_Overflow,,,60276,32773,,1
67419,1005365503.0,,,202.077.162.213,172.016.115.020,Admind,,,60289,32773,,0
67420,1005365503.0,,,202.077.162.213,172.016.115.020,Sadmind_Amslverify_Overflow,,,60289,32773,,1
67417,1005365505.0,,,202.077.162.213,172.016.115.020,Sadmind_Amslverify_Overflow,,,60300,32773,,1
67421,1005365505.0,,,202.077.162.213,172.016.115.020,Admind,,,60300,32773,,0
67418,1005365509.0,,,172.016.113.105,196.037.075.158,Email_Ehlo,,,10373,25,,0
67429,1005365572.0,,,202.077.162.213,172.016.112.010,Admind,,,60519,32774,,0
67430,1005365572.0,,,202.077.162.213,172.016.112.010,Sadmind_Amslverify_Overflow,,,60519,32774,,1
67428,1005365574.0,,,202.077.162.213,172.016.112.010,Sadmind_Amslverify_Overflow,,,60524,32774,,1
67431,1005365574.0,,,202.077.162.213,172.016.112.010,Admind,,,60524,32774,,0
67441,1005365581.0,,,202.077.162.213,172.016.112.010,Admind,,,60542,32774,,0
67442,1005365581.0,,,202.077.162.213,172.016.112.010,Sadmind_Amslverify_Overflow,,,60542,32774,,1
67438,1005365583.0,,,202.077.162.213,172.016.112.010,Sadmind_Amslverify_Overflow,,,60549,32774,,1
67443,1005365583.0,,,202.077.162.213,172.016.112.010,Admind,,,60549,32774,,0
67439,1005365585.0,,,202.077.162.213,172.016.112.050,Admind,,,60569,32773,,0
67440,1005365585.0,,,202.077.162.213,172.016.112.050,Sadmind_Amslverify_Overflow,,,60569,32773,,1
67435,1005365587.0,,,202.077.162.213,172.016.112.050,Admind,,,60578,32773,,0
67436,1005365587.0,,,202.077.162.213,172.016.112.050,Sadmind_Amslverify_Overflow,,,60578,32773,,1
67432,1005365593.0,,,202.077.162.213,172.016.112.050,Sadmind_Amslverify_Overflow,,,60605,32773,,1
67437,1005365593.0,,,202.077.162.213,172.016.112.050,Admind,,,60605,32773,,0
67433,1005365595.0,,,202.077.162.213,172.016.112.050,Admind,,,60619,32773,,0
67434,1005365595.0,,,202.077.162.213,172.016.112.050,Sadmind_Amslverify_Overflow,,,60619,32773,,1
67444,1005365677.0,,,172.016.113.148,197.218.177.069,TelnetTerminaltype,,,12832,23,,0
67445,1005365686.0,,,172.016.113.148,196.037.075.158,Email_Ehlo,,,12864,25,,0
67446,1005365687.0,,,172.016.113.148,196.227.033.189,Email_Ehlo,,,12866,25,,0
67447,1005365704.0,,,195.073.151.050,172.016.113.148,Email_Ehlo,,,47118,25,,0
67453,1005365739.0,,,172.016.112.207,135.013.216.191,Email_Ehlo,,,13681,25,,0
67454,1005365741.0,,,172.016.112.207,196.227.033.189,Email_Ehlo,,,13682,25,,0
67455,1005365741.0,,,172.016.112.207,172.016.113.050,Email_Ehlo,,,13744,25,,0
67450,1005365752.0,,,172.016.113.148,195.073.151.050,Email_Ehlo,,,13911,25,,0
67451,1005365753.0,,,172.016.113.148,194.007.248.153,Email_Ehlo,,,13912,25,,0
67452,1005365754.0,,,172.016.113.148,196.037.075.158,Email_Ehlo,,,13913,25,,0
67448,1005365755.0,,,172.016.113.148,195.115.218.108,Email_Ehlo,,,13914,25,,0
67449,1005365756.0,,,172.016.113.148,172.016.113.050,Email_Ehlo,,,13974,25,,0
67459,1005365768.0,,,172.016.113.204,135.013.216.191,Email_Ehlo,,,14386,25,,0
67460,1005365770.0,,,172.016.113.204,196.037.075.158,Email_Ehlo,,,14387,25,,0
67461,1005365771.0,,,172.016.113.204,195.115.218.108,Email_Ehlo,,,14392,25,,0
67456,1005365772.0,,,172.016.113.204,135.008.060.182,Email_Ehlo,,,14393,25,,0
67457,1005365773.0,,,172.016.112.149,196.227.033.189,Email_Ehlo,,,14394,25,,0
67458,1005365776.0,,,194.007.248.153,172.016.113.148,Email_Ehlo,,,47180,25,,0
67462,1005365819.0,,,195.115.218.108,172.016.113.204,Email_Ehlo,,,47183,25,,0
67463,1005365823.0,,,196.037.075.158,172.016.112.207,Email_Ehlo,,,47184,25,,0
67464,1005365824.0,,,196.037.075.158,172.016.113.204,Email_Ehlo,,,47185,25,,0
67465,1005365865.0,,,172.016.113.105,172.016.113.050,TelnetTerminaltype,,,14436,23,,0
67466,1005365873.0,,,172.016.113.169,135.008.060.182,Email_Ehlo,,,14440,25,,0
67467,1005365878.0,,,172.016.113.169,196.037.075.158,Email_Ehlo,,,14443,25,,0
67468,1005365890.0,,,135.013.216.191,172.016.113.204,Email_Ehlo,,,47192,25,,0
67469,1005365896.0,,,196.037.075.158,172.016.113.148,Email_Ehlo,,,47199,25,,0
67471,1005365953.0,,,172.016.113.204,194.007.248.153,Email_Ehlo,,,14908,25,,0
67472,1005365955.0,,,172.016.113.204,135.013.216.191,Email_Ehlo,,,14909,25,,0
67473,1005365956.0,,,172.016.113.204,197.218.177.069,Email_Ehlo,,,14910,25,,0
67470,1005365957.0,,,172.016.113.204,195.115.218.108,Email_Ehlo,,,14911,25,,0
67474,1005365995.0,,,172.016.113.168,197.182.091.233,TelnetTerminaltype,,,15058,23,,0
67475,1005366000.0,,,172.016.112.194,135.008.060.182,TelnetTerminaltype,,,15399,23,,0
67479,1005366014.0,,,172.016.113.204,194.007.248.153,Email_Ehlo,,,15626,25,,0
67480,1005366015.0,,,172.016.113.204,197.182.091.233,Email_Ehlo,,,15688,25,,0
67481,1005366017.0,,,172.016.113.204,195.115.218.108,Email_Ehlo,,,15689,25,,0
67476,1005366034.0,,,172.016.112.207,194.027.251.021,Email_Ehlo,,,16142,25,,0
67477,1005366035.0,,,172.016.112.207,195.073.151.050,Email_Ehlo,,,16204,25,,0
67478,1005366036.0,,,172.016.112.207,135.013.216.191,Email_Ehlo,,,16205,25,,0
67483,1005366037.0,,,172.016.112.207,197.218.177.069,Email_Ehlo,,,16206,25,,0
67484,1005366038.0,,,172.016.112.207,195.115.218.108,Email_Ehlo,,,16269,25,,0
67485,1005366051.0,,,172.016.113.148,135.013.216.191,Email_Ehlo,,,16333,25,,0
67482,1005366054.0,,,172.016.113.168,172.016.113.050,TelnetTerminaltype,,,16434,23,,0
67486,1005366081.0,,,135.008.060.182,172.016.113.204,Email_Ehlo,,,47282,25,,0
67487,1005366084.0,,,194.007.248.153,172.016.113.204,Email_Ehlo,,,47283,25,,0
67488,1005366089.0,,,197.182.091.233,172.016.115.020,TelnetTerminaltype,,,47288,23,,0
67489,1005366118.0,,,172.016.113.169,135.013.216.191,Email_Ehlo,,,16484,25,,0
67490,1005366143.0,,,194.027.251.021,172.016.112.194,TelnetTerminaltype,,,47321,23,,0
67491,1005366152.0,,,172.016.113.148,197.218.177.069,Email_Ehlo,,,16522,25,,0
67492,1005366156.0,,,172.016.113.084,135.013.216.191,Email_Ehlo,,,16523,25,,0
67493,1005366227.0,,,172.016.113.105,194.007.248.153,TelnetTerminaltype,,,18070,23,,0
67494,1005366310.0,,,135.013.216.191,172.016.113.148,FTP_User,,,47439,21,,0
67496,1005366318.0,,,135.013.216.191,172.016.113.148,FTP_Pass,,,47439,21,,0
67497,1005366318.0,,,135.013.216.191,172.016.113.148,FTP_Syst,,,47439,21,,0
67498,1005366329.0,,,172.016.113.084,135.013.216.191,Email_Ehlo,,,19590,25,,0
67495,1005366330.0,,,172.016.113.084,196.227.033.189,Email_Ehlo,,,19641,25,,0
67503,1005366372.0,,,172.016.112.207,197.182.091.233,Email_Ehlo,,,19647,25,,0
67504,1005366385.0,,,172.016.112.149,197.218.177.069,Email_Ehlo,,,19653,25,,0
67505,1005366386.0,,,172.016.112.149,195.115.218.108,Email_Ehlo,,,19654,25,,0
67500,1005366387.0,,,172.016.113.168,195.073.151.050,Email_Ehlo,,,19717,25,,0
67501,1005366389.0,,,172.016.113.168,196.037.075.158,Email_Ehlo,,,19718,25,,0
67502,1005366390.0,,,172.016.113.168,197.218.177.069,Email_Ehlo,,,19778,25,,0
67499,1005366391.0,,,172.016.113.168,196.227.033.189,Email_Ehlo,,,19782,25,,0
67507,1005366403.0,,,172.016.112.149,194.027.251.021,Email_Ehlo,,,19783,25,,0
67508,1005366409.0,,,172.016.112.207,194.027.251.021,Email_Ehlo,,,19843,25,,0
67509,1005366410.0,,,172.016.112.207,195.115.218.108,Email_Ehlo,,,19844,25,,0
67506,1005366424.0,,,195.115.218.108,172.016.113.204,Email_Ehlo,,,47470,25,,0
67511,1005366441.0,,,197.218.177.069,172.016.112.207,Email_Ehlo,,,47471,25,,0
67512,1005366451.0,,,197.182.091.233,172.016.113.084,Email_Ehlo,,,47472,25,,0
67513,1005366452.0,,,197.182.091.233,172.016.113.207,Email_Ehlo,,,47473,25,,0
67510,1005366453.0,,,197.182.091.233,172.016.113.204,Email_Ehlo,,,47474,25,,0
67529,1005366464.0,,,194.027.251.021,172.016.112.050,Email_Almail_Overflow,,,47476,25,,0
67532,1005366464.0,,,194.027.251.021,172.016.112.194,Email_Ehlo,,,47475,25,,0
67533,1005366464.0,,,194.027.251.021,172.016.112.194,Email_Almail_Overflow,,,47475,25,,0
67534,1005366464.0,,,194.027.251.021,172.016.112.050,Email_Ehlo,,,47476,25,,0
67530,1005366465.0,,,194.027.251.021,172.016.113.084,Email_Ehlo,,,47477,25,,0
67531,1005366465.0,,,194.027.251.021,172.016.113.084,Email_Almail_Overflow,,,47477,25,,0
67526,1005366467.0,,,194.027.251.021,172.016.113.168,Email_Ehlo,,,47478,25,,0
67527,1005366467.0,,,194.027.251.021,172.016.113.168,Email_Almail_Overflow,,,47478,25,,0
67523,1005366468.0,,,194.027.251.021,172.016.113.105,Email_Almail_Overflow,,,47479,25,,0
67528,1005366468.0,,,194.027.251.021,172.016.113.105,Email_Ehlo,,,47479,25,,0
67524,1005366471.0,,,194.027.251.021,172.016.112.207,Email_Ehlo,,,47480,25,,0
67525,1005366471.0,,,194.027.251.021,172.016.112.207,Email_Almail_Overflow,,,47480,25,,0
67520,1005366472.0,,,194.027.251.021,172.016.113.148,Email_Ehlo,,,47481,25,,0
67521,1005366472.0,,,194.027.251.021,172.016.113.148,Email_Almail_Overflow,,,47481,25,,0
67517,1005366474.0,,,194.027.251.021,172.016.113.204,Email_Almail_Overflow,,,47482,25,,0
67522,1005366474.0,,,194.027.251.021,172.016.113.204,Email_Ehlo,,,47482,25,,0
67518,1005366476.0,,,197.218.177.069,172.016.113.204,Email_Ehlo,,,47483,25,,0
67519,1005366484.0,,,172.016.113.168,195.073.151.050,Email_Ehlo,,,19972,25,,0
67514,1005366486.0,,,172.016.113.168,196.227.033.189,Email_Ehlo,,,20032,25,,0
67515,1005366487.0,,,172.016.113.168,197.218.177.069,Email_Ehlo,,,20354,25,,0
67516,1005366488.0,,,172.016.113.168,135.008.060.182,Email_Ehlo,,,20416,25,,0
67549,1005366498.0,,,172.016.115.020,202.077.162.213,Rsh,,,1023,514,,1
67550,1005366498.0,,,172.016.115.020,202.077.162.213,Rsh,,,1022,514,,1
67551,1005366499.0,,,197.218.177.069,172.016.113.168,Email_Ehlo,,,47497,25,,0
67546,1005366500.0,,,172.016.115.020,202.077.162.213,Rsh,,,1022,514,,1
67547,1005366500.0,,,172.016.115.020,202.077.162.213,Rsh,,,1022,514,,1
67548,1005366500.0,,,197.218.177.069,172.016.113.207,Email_Ehlo,,,47498,25,,0
67543,1005366501.0,,,172.016.115.020,202.077.162.213,Rsh,,,1021,514,,1
67544,1005366501.0,,,197.218.177.069,172.016.112.149,Email_Ehlo,,,47499,25,,0
67545,1005366502.0,,,172.016.115.020,202.077.162.213,Rsh,,,1021,514,,1
67540,1005366503.0,,,202.077.162.213,172.016.115.020,Rsh,,,1023,514,,1
67541,1005366505.0,,,172.016.112.149,197.218.177.069,Email_Ehlo,,,20543,25,,0
67537,1005366517.0,,,172.016.115.020,255.255.255.255,Mstream_Zombie,,,33786,9325,,1
67538,1005366517.0,,,172.016.112.010,202.077.162.213,Rsh,,,1023,514,,1
67542,1005366517.0,,,202.077.162.213,172.016.115.020,Rsh,,,1023,514,,1
67535,1005366518.0,,,172.016.112.010,202.077.162.213,Rsh,,,1022,514,,1
67539,1005366518.0,,,172.016.112.010,202.077.162.213,Rsh,,,1022,514,,1
67536,1005366519.0,,,172.016.112.010,202.077.162.213,Rsh,,,1022,514,,1
67561,1005366526.0,,,196.227.033.189,172.016.113.168,Email_Ehlo,,,47503,25,,0
67558,1005366534.0,,,172.016.112.050,202.077.162.213,Rsh,,,1023,514,,1
67562,1005366534.0,,,202.077.162.213,172.016.112.010,Rsh,,,1023,514,,1
67563,1005366534.0,,,172.016.112.010,255.255.255.255,Mstream_Zombie,,,32826,9325,,1
67559,1005366535.0,,,172.016.112.050,202.077.162.213,Rsh,,,1023,514,,1
67560,1005366535.0,,,172.016.112.050,202.077.162.213,Rsh,,,1023,514,,1
67555,1005366539.0,,,196.227.033.189,172.016.112.100,FTP_User,,,47511,21,,0
67556,1005366541.0,,,135.013.216.191,172.016.113.204,Email_Ehlo,,,47514,25,,0
67552,1005366546.0,,,196.227.033.189,172.016.112.100,FTP_Syst,,,47511,21,,0
67557,1005366546.0,,,196.227.033.189,172.016.112.100,FTP_Pass,,,47511,21,,0
67553,1005366550.0,,,202.077.162.213,172.016.112.050,Rsh,,,1023,514,,1
67554,1005366550.0,,,172.016.112.050,255.255.255.255,Mstream_Zombie,,,34459,9325,,1
67564,1005366564.0,,,172.016.113.207,197.218.177.069,Email_Ehlo,,,20635,25,,0
67565,1005366608.0,,,195.115.218.108,172.016.112.207,Email_Ehlo,,,47590,25,,0
67566,1005366609.0,,,195.115.218.108,172.016.113.148,Email_Ehlo,,,47591,25,,0
67567,1005366615.0,,,172.016.112.194,194.027.251.021,Email_Ehlo,,,21557,25,,0
67570,1005366623.0,,,172.016.113.204,135.013.216.191,Email_Ehlo,,,21559,25,,0
67571,1005366625.0,,,194.027.251.021,172.016.112.194,Email_Ehlo,,,47601,25,,0
67572,1005366640.0,,,135.008.060.182,172.016.113.148,FTP_User,,,47603,21,,0
67568,1005366648.0,,,135.008.060.182,172.016.113.148,FTP_Pass,,,47603,21,,0
67569,1005366648.0,,,135.008.060.182,172.016.113.148,FTP_Syst,,,47603,21,,0
67573,1005366670.0,,,172.016.112.194,194.027.251.021,Email_Ehlo,,,24617,25,,0
67574,1005366713.0,,,196.037.075.158,172.016.112.050,TelnetTerminaltype,,,47757,23,,0
67575,1005366721.0,,,197.218.177.069,172.016.113.168,Email_Ehlo,,,47758,25,,0
67576,1005366749.0,,,172.016.113.084,208.216.182.015,HTTP_Cisco_Catalyst_Exec,,,25656,80,,0
67577,1005366749.0,,,172.016.113.084,208.216.182.015,HTTP_Cisco_Catalyst_Exec,,,25658,80,,0
67578,1005366779.0,,,196.227.033.189,172.016.113.168,Email_Ehlo,,,47864,25,,0
67579,1005366798.0,,,172.016.113.168,195.115.218.108,Email_Ehlo,,,26515,25,,0
67586,1005366871.0,,,172.016.112.194,194.007.248.153,Email_Ehlo,,,27314,25,,0
67587,1005366873.0,,,172.016.112.194,135.013.216.191,Email_Ehlo,,,27315,25,,0
67588,1005366874.0,,,172.016.112.194,197.182.091.233,Email_Ehlo,,,27316,25,,0
67583,1005366875.0,,,172.016.112.194,196.037.075.158,Email_Ehlo,,,27317,25,,0
67584,1005366875.0,,,172.016.112.194,172.016.112.050,Email_Ehlo,,,27377,25,,0
67585,1005366876.0,,,172.016.112.194,197.218.177.069,Email_Ehlo,,,27378,25,,0
67580,1005366877.0,,,172.016.112.194,135.008.060.182,Email_Ehlo,,,27379,25,,0
67581,1005366887.0,,,135.008.060.182,172.016.113.204,Email_Ehlo,,,47966,25,,0
67582,1005366889.0,,,196.037.075.158,172.016.113.204,Email_Ehlo,,,47967,25,,0
67589,1005366911.0,,,172.016.113.204,197.218.177.069,FTP_User,,,27846,21,,0
67590,1005366920.0,,,172.016.113.204,197.218.177.069,FTP_Pass,,,27846,21,,0
67591,1005366920.0,,,172.016.113.204,197.218.177.069,FTP_Syst,,,27846,21,,0
67593,1005366926.0,,,196.037.075.158,172.016.113.105,Email_Ehlo,,,47974,25,,0
67594,1005366927.0,,,196.037.075.158,172.016.112.207,Email_Ehlo,,,47975,25,,0
67595,1005366928.0,,,196.037.075.158,172.016.113.207,Email_Ehlo,,,47976,25,,0
67592,1005366929.0,,,194.007.248.153,172.016.112.194,Email_Ehlo,,,47977,25,,0
67596,1005366960.0,,,196.037.075.158,172.016.112.207,Email_Ehlo,,,47989,25,,0
67597,1005366996.0,,,172.016.113.169,194.007.248.153,Email_Ehlo,,,28732,25,,0
67598,1005366998.0,,,172.016.113.169,197.182.091.233,Email_Ehlo,,,28733,25,,0
67599,1005366999.0,,,172.016.113.105,194.027.251.021,Email_Ehlo,,,28736,25,,0
67600,1005367023.0,,,172.016.113.207,195.073.151.050,Email_Ehlo,,,28761,25,,0
67601,1005367026.0,,,172.016.112.207,196.037.075.158,Email_Ehlo,,,28765,25,,0
67602,1005367027.0,,,197.182.091.233,172.016.113.168,Email_Ehlo,,,48071,25,,0
67603,1005367075.0,,,172.016.113.207,196.037.075.158,TelnetTerminaltype,,,29711,23,,0
67604,1005367078.0,,,197.182.091.233,172.016.113.169,Email_Ehlo,,,48134,25,,0
67605,1005367083.0,,,196.037.075.158,172.016.112.149,Email_Ehlo,,,48182,25,,0
67606,1005367107.0,,,172.016.113.105,196.037.075.158,Email_Ehlo,,,30746,25,,0
67607,1005367201.0,,,197.182.091.233,172.016.112.149,Email_Ehlo,,,48314,25,,0
67608,1005367233.0,,,195.073.151.050,172.016.112.149,Email_Ehlo,,,48346,25,,0
67609,1005367249.0,,,172.016.113.169,172.016.112.100,FTP_User,,,2067,21,,0
67613,1005367258.0,,,172.016.113.169,172.016.112.100,FTP_Pass,,,2067,21,,0
67614,1005367258.0,,,172.016.113.169,172.016.112.100,FTP_Syst,,,2067,21,,0
67615,1005367260.0,,,172.016.112.207,196.037.075.158,Email_Ehlo,,,2320,25,,0
67610,1005367284.0,,,135.008.060.182,172.016.113.105,Email_Ehlo,,,48393,25,,0
67611,1005367285.0,,,135.008.060.182,172.016.112.149,Email_Ehlo,,,48394,25,,0
67612,1005367288.0,,,135.013.216.191,172.016.112.100,FTP_User,,,48382,21,,0
67618,1005367296.0,,,135.013.216.191,172.016.112.100,FTP_Pass,,,48382,21,,0
67619,1005367296.0,,,135.013.216.191,172.016.112.100,FTP_Syst,,,48382,21,,0
67620,1005367304.0,,,172.016.113.084,172.016.112.100,FTP_User,,,2827,21,,0
67616,1005367317.0,,,172.016.113.084,172.016.112.100,FTP_Pass,,,2827,21,,0
67617,1005367317.0,,,172.016.113.084,172.016.112.100,FTP_Syst,,,2827,21,,0
67621,1005367345.0,,,172.016.112.194,197.218.177.069,FTP_User,,,3588,21,,0
67622,1005367352.0,,,172.016.112.194,197.218.177.069,FTP_Pass,,,3588,21,,0
67623,1005367352.0,,,172.016.112.194,197.218.177.069,FTP_Syst,,,3588,21,,0
67624,1005367379.0,,,172.016.113.105,135.008.060.182,Email_Ehlo,,,4159,25,,0
67625,1005367394.0,,,197.182.091.233,172.016.112.149,Email_Ehlo,,,48443,25,,0
67626,1005367396.0,,,196.037.075.158,172.016.112.149,Email_Ehlo,,,48444,25,,0
67627,1005367411.0,,,195.073.151.050,172.016.113.148,FTP_User,,,48448,21,,0
67642,1005367416.0,,,195.073.151.050,172.016.113.148,FTP_Pass,,,48448,21,,0
67643,1005367416.0,,,195.073.151.050,172.016.113.148,FTP_Syst,,,48448,21,,0
67644,1005367427.0,,,195.073.151.050,172.016.113.084,Email_Ehlo,,,48515,25,,0
67639,1005367428.0,,,195.073.151.050,172.016.113.084,Email_Almail_Overflow,,,48515,25,,0
67640,1005367431.0,,,195.073.151.050,172.016.113.168,Email_Ehlo,,,48516,25,,0
67641,1005367431.0,,,195.073.151.050,172.016.113.168,Email_Almail_Overflow,,,48516,25,,0
67636,1005367432.0,,,195.073.151.050,172.016.113.169,Email_Ehlo,,,48517,25,,0
67637,1005367433.0,,,195.073.151.050,172.016.113.169,Email_Almail_Overflow,,,48517,25,,0
67633,1005367434.0,,,195.073.151.050,172.016.113.105,Email_Almail_Overflow,,,48519,25,,0
67638,1005367434.0,,,195.073.151.050,172.016.113.105,Email_Ehlo,,,48519,25,,0
67634,1005367436.0,,,195.073.151.050,172.016.112.194,Email_Ehlo,,,48520,25,,0
67635,1005367436.0,,,195.073.151.050,172.016.112.194,Email_Almail_Overflow,,,48520,25,,0
67630,1005367437.0,,,195.073.151.050,172.016.113.050,Email_Ehlo,,,48521,25,,0
67631,1005367437.0,,,195.073.151.050,172.016.113.050,Email_Almail_Overflow,,,48521,25,,0
67628,1005367439.0,,,195.073.151.050,172.016.112.149,Email_Almail_Overflow,,,48522,25,,0
67629,1005367439.0,,,197.182.091.233,172.016.112.100,FTP_User,,,48518,21,,0
67632,1005367439.0,,,195.073.151.050,172.016.112.149,Email_Ehlo,,,48522,25,,0
67646,1005367449.0,,,197.182.091.233,172.016.112.100,FTP_Pass,,,48518,21,,0
67647,1005367449.0,,,197.182.091.233,172.016.112.100,FTP_Syst,,,48518,21,,0
67648,1005367459.0,,,135.013.216.191,172.016.113.169,Email_Ehlo,,,48559,25,,0
67645,1005367467.0,,,135.008.060.182,172.016.113.169,Email_Ehlo,,,48561,25,,0
67649,1005367476.0,,,196.227.033.189,172.016.113.105,Email_Ehlo,,,48564,25,,0
67650,1005367491.0,,,172.016.112.194,195.073.151.050,Email_Ehlo,,,6228,25,,0
67651,1005367500.0,,,172.016.113.204,172.016.113.050,TelnetTerminaltype,,,6684,23,,0
67652,1005367511.0,,,195.073.151.050,172.016.112.149,Email_Ehlo,,,48647,25,,0
67653,1005367519.0,,,172.016.113.207,172.016.113.050,TelnetTerminaltype,,,7886,23,,0
67654,1005367553.0,,,172.016.112.207,194.007.248.153,Email_Ehlo,,,8288,25,,0
67655,1005367555.0,,,172.016.112.207,135.008.060.182,Email_Ehlo,,,8289,25,,0
67656,1005367558.0,,,194.027.251.021,172.016.112.149,Email_Ehlo,,,48691,25,,0
67658,1005367582.0,,,172.016.113.207,194.007.248.153,Email_Ehlo,,,8294,25,,0
67659,1005367583.0,,,172.016.113.207,196.037.075.158,Email_Ehlo,,,8297,25,,0
67660,1005367584.0,,,172.016.113.207,195.115.218.108,Email_Ehlo,,,8298,25,,0
67657,1005367595.0,,,172.016.112.194,172.016.112.050,TelnetTerminaltype,,,8299,23,,0
67663,1005367597.0,,,172.016.113.084,172.016.114.050,TelnetTerminaltype,,,8304,23,,0
67664,1005367598.0,,,135.008.060.182,172.016.112.207,Email_Ehlo,,,48705,25,,0
67661,1005367601.0,,,197.182.091.233,172.016.113.050,Email_Ehlo,,,48712,25,,0
67662,1005367601.0,,,197.182.091.233,172.016.112.050,Email_Ehlo,,,48713,25,,0
67665,1005367601.0,,,197.182.091.233,172.016.113.084,Email_Ehlo,,,48711,25,,0
67666,1005367635.0,,,194.007.248.153,172.016.112.050,Email_Ehlo,,,48738,25,,0
67667,1005367683.0,,,194.007.248.153,172.016.112.207,Email_Ehlo,,,48754,25,,0
67668,1005367696.0,,,172.016.113.148,196.227.033.189,Email_Ehlo,,,8951,25,,0
67669,1005367700.0,,,172.016.113.168,195.073.151.050,Email_Ehlo,,,8952,25,,0
67683,1005367729.0,,,196.037.075.158,172.016.113.084,Email_Ehlo,,,48764,25,,0
67684,1005367729.0,,,196.037.075.158,172.016.113.084,Email_Almail_Overflow,,,48764,25,,0
67680,1005367730.0,,,196.037.075.158,172.016.113.168,Email_Almail_Overflow,,,48765,25,,0
67685,1005367730.0,,,196.037.075.158,172.016.113.168,Email_Ehlo,,,48765,25,,0
67681,1005367733.0,,,196.037.075.158,172.016.113.169,Email_Ehlo,,,48766,25,,0
67682,1005367733.0,,,196.037.075.158,172.016.113.169,Email_Almail_Overflow,,,48766,25,,0
67677,1005367735.0,,,196.037.075.158,172.016.113.207,Email_Ehlo,,,48767,25,,0
67678,1005367735.0,,,196.037.075.158,172.016.113.207,Email_Almail_Overflow,,,48767,25,,0
67674,1005367738.0,,,196.037.075.158,172.016.113.148,Email_Almail_Overflow,,,48768,25,,0
67679,1005367738.0,,,196.037.075.158,172.016.113.148,Email_Ehlo,,,48768,25,,0
67675,1005367741.0,,,196.037.075.158,172.016.112.194,Email_Ehlo,,,48769,25,,0
67676,1005367741.0,,,196.037.075.158,172.016.112.194,Email_Almail_Overflow,,,48769,25,,0
67671,1005367744.0,,,196.037.075.158,172.016.112.149,Email_Ehlo,,,48770,25,,0
67672,1005367744.0,,,196.037.075.158,172.016.112.149,Email_Almail_Overflow,,,48770,25,,0
67673,1005367745.0,,,172.016.113.084,195.073.151.050,Email_Ehlo,,,9020,25,,0
67670,1005367747.0,,,172.016.113.084,172.016.112.100,FTP_User,,,9019,21,,0
67686,1005367762.0,,,172.016.113.084,172.016.112.100,FTP_Pass,,,9019,21,,0
67687,1005367762.0,,,172.016.113.084,172.016.112.100,FTP_Syst,,,9019,21,,0
67688,1005367782.0,,,172.016.112.050,135.008.060.182,SSH_Detected,,,22,48779,,0
67689,1005367782.0,,,135.008.060.182,172.016.112.050,SSH_Detected,,,48779,22,,0
67690,1005367816.0,,,172.016.113.169,197.218.177.069,FTP_User,,,9023,21,,0
67691,1005367830.0,,,172.016.113.169,197.218.177.069,FTP_Pass,,,9023,21,,0
67692,1005367830.0,,,172.016.113.169,197.218.177.069,FTP_Syst,,,9023,21,,0
67693,1005367872.0,,,197.182.091.233,172.016.113.207,Email_Ehlo,,,48791,25,,0
67694,1005367883.0,,,172.016.112.149,195.073.151.050,Email_Ehlo,,,9237,25,,0
67695,1005367884.0,,,172.016.112.149,195.115.218.108,Email_Ehlo,,,9256,25,,0
67699,1005367963.0,,,135.013.216.191,172.016.113.148,FTP_User,,,48815,21,,0
67700,1005367972.0,,,135.013.216.191,172.016.113.148,FTP_Pass,,,48815,21,,0
67701,1005367972.0,,,135.013.216.191,172.016.113.148,FTP_Syst,,,48815,21,,0
67696,1005367976.0,,,172.016.112.149,172.016.112.100,FTP_User,,,9592,21,,0
67697,1005367987.0,,,172.016.112.149,172.016.112.100,FTP_Pass,,,9592,21,,0
67698,1005367987.0,,,172.016.112.149,172.016.112.100,FTP_Syst,,,9592,21,,0
67707,1005368001.0,,,172.016.113.207,197.218.177.069,FTP_User,,,9593,21,,0
67708,1005368009.0,,,135.008.060.182,172.016.113.148,Email_Ehlo,,,48860,25,,0
67709,1005368009.0,,,135.008.060.182,172.016.113.148,Email_Debug,,,48860,25,,0
67704,1005368011.0,,,135.008.060.182,172.016.112.149,Email_Ehlo,,,48861,25,,0
67705,1005368011.0,,,135.008.060.182,172.016.112.149,Email_Debug,,,48861,25,,0
67706,1005368011.0,,,195.073.151.050,172.016.112.149,Email_Ehlo,,,48862,25,,0
67702,1005368017.0,,,172.016.113.207,197.218.177.069,FTP_Pass,,,9593,21,,0
67703,1005368017.0,,,172.016.113.207,197.218.177.069,FTP_Syst,,,9593,21,,0
67710,1005368026.0,,,172.016.113.168,196.037.075.158,Email_Ehlo,,,10336,25,,0
67711,1005368027.0,,,172.016.113.207,135.013.216.191,Email_Ehlo,,,10340,25,,0
67712,1005368027.0,,,172.016.113.207,196.037.075.158,Email_Ehlo,,,10341,25,,0
67715,1005368070.0,,,172.016.112.149,197.182.091.233,Email_Ehlo,,,10345,25,,0
67716,1005368071.0,,,172.016.112.149,196.037.075.158,Email_Ehlo,,,10346,25,,0
67717,1005368073.0,,,172.016.112.207,197.218.177.069,Email_Ehlo,,,10347,25,,0
67713,1005368075.0,,,172.016.112.207,196.227.033.189,Email_Ehlo,,,10349,25,,0
67714,1005368076.0,,,172.016.112.207,195.115.218.108,Email_Ehlo,,,10351,25,,0
67718,1005368131.0,,,196.227.033.189,172.016.112.207,Email_Ehlo,,,48909,25,,0
67719,1005368144.0,,,196.037.075.158,172.016.112.100,FTP_User,,,48908,21,,0
67720,1005368193.0,,,196.037.075.158,172.016.112.100,FTP_Pass,,,48908,21,,0
67721,1005368193.0,,,196.037.075.158,172.016.112.100,FTP_Syst,,,48908,21,,0
67722,1005368213.0,,,172.016.112.194,135.008.060.182,TelnetTerminaltype,,,12097,23,,0
67723,1005368221.0,,,172.016.113.084,172.016.113.050,TelnetTerminaltype,,,12313,23,,0
67724,1005368247.0,,,172.016.112.149,172.016.114.050,TelnetTerminaltype,,,12314,23,,0
67725,1005368263.0,,,197.218.177.069,172.016.112.207,Email_Ehlo,,,48986,25,,0
67726,1005368281.0,,,172.016.113.169,172.016.114.050,TelnetTerminaltype,,,12331,23,,0
67727,1005368282.0,,,172.016.113.148,196.037.075.158,Email_Ehlo,,,12332,25,,0
67728,1005368351.0,,,195.073.151.050,172.016.115.020,TelnetTerminaltype,,,49054,23,,0
67731,1005368376.0,,,197.182.091.233,172.016.112.100,FTP_User,,,49055,21,,0
67732,1005368380.0,,,196.227.033.189,172.016.113.148,FTP_User,,,49058,21,,0
67733,1005368381.0,,,194.027.251.021,172.016.112.194,TelnetTerminaltype,,,49059,23,,0
67729,1005368385.0,,,197.182.091.233,172.016.112.100,FTP_Pass,,,49055,21,,0
67730,1005368385.0,,,197.182.091.233,172.016.112.100,FTP_Syst,,,49055,21,,0
67737,1005368395.0,,,196.227.033.189,172.016.113.148,FTP_Pass,,,49058,21,,0
67738,1005368395.0,,,196.227.033.189,172.016.113.148,FTP_Syst,,,49058,21,,0
67739,1005368402.0,,,172.016.113.084,195.073.151.050,TelnetTerminaltype,,,12408,23,,0
67734,1005368405.0,,,135.013.216.191,172.016.113.050,Email_Ehlo,,,49064,25,,0
67735,1005368418.0,,,135.008.060.182,172.016.113.050,Email_Ehlo,,,49065,25,,0
67736,1005368419.0,,,172.016.113.169,196.227.033.189,Email_Ehlo,,,12412,25,,0
67744,1005368426.0,,,197.182.091.233,172.016.113.084,Email_Ehlo,,,49068,25,,0
67745,1005368428.0,,,197.182.091.233,172.016.113.168,Email_Ehlo,,,49072,25,,0
67746,1005368431.0,,,197.182.091.233,172.016.113.148,Email_Ehlo,,,49073,25,,0
67741,1005368433.0,,,197.182.091.233,172.016.112.194,Email_Ehlo,,,49074,25,,0
67742,1005368435.0,,,197.182.091.233,172.016.112.149,Email_Ehlo,,,49075,25,,0
67743,1005368442.0,,,194.007.248.153,172.016.113.084,Email_Ehlo,,,49077,25,,0
67740,1005368444.0,,,172.016.113.168,196.037.075.158,Email_Ehlo,,,12413,25,,0
67749,1005368483.0,,,172.016.112.207,172.016.112.100,FTP_User,,,12415,21,,0
67747,1005368493.0,,,195.115.218.108,172.016.113.105,Email_Ehlo,,,49094,25,,0
67750,1005368493.0,,,172.016.112.207,172.016.112.100,FTP_Pass,,,12415,21,,0
67751,1005368493.0,,,172.016.112.207,172.016.112.100,FTP_Syst,,,12415,21,,0
67748,1005368495.0,,,195.115.218.108,172.016.113.148,Email_Ehlo,,,49095,25,,0
67752,1005368518.0,,,172.016.112.149,172.016.113.050,TelnetTerminaltype,,,12425,23,,0
67753,1005368563.0,,,172.016.113.148,195.115.218.108,Email_Ehlo,,,13103,25,,0
67754,1005368578.0,,,172.016.113.148,172.016.113.050,TelnetTerminaltype,,,14361,23,,0
67755,1005368613.0,,,197.182.091.233,172.016.113.050,Email_Ehlo,,,49202,25,,0
67756,1005368627.0,,,172.016.112.207,172.016.112.050,TelnetTerminaltype,,,14415,23,,0
67759,1005368643.0,,,172.016.113.084,135.008.060.182,Email_Ehlo,,,14417,25,,0
67760,1005368644.0,,,172.016.113.148,196.227.033.189,Email_Ehlo,,,14418,25,,0
67761,1005368654.0,,,172.016.112.149,194.007.248.153,Email_Ehlo,,,14420,25,,0
67757,1005368655.0,,,172.016.112.149,196.227.033.189,Email_Ehlo,,,14422,25,,0
67758,1005368664.0,,,194.007.248.153,172.016.112.194,TelnetTerminaltype,,,49211,23,,0
67762,1005368672.0,,,202.077.162.213,172.016.115.020,TelnetTerminaltype,,,49212,23,,0
67763,1005368672.0,,,202.077.162.213,172.016.115.020,TelnetXdisplay,,,49212,23,,0
67764,1005368672.0,,,202.077.162.213,172.016.115.020,TelnetEnvAll,,,49212,23,,0
67768,1005368702.0,,,172.016.113.105,195.073.151.050,Email_Ehlo,,,15937,25,,0
67769,1005368706.0,,,172.016.113.207,197.182.091.233,Email_Ehlo,,,15996,25,,0
67770,1005368713.0,,,172.016.112.194,172.016.112.050,TelnetTerminaltype,,,15998,23,,0
67765,1005368720.0,,,194.007.248.153,172.016.113.084,Email_Ehlo,,,49261,25,,0
67766,1005368721.0,,,194.007.248.153,172.016.112.207,Email_Ehlo,,,49262,25,,0
67767,1005368725.0,,,172.016.115.020,255.255.255.255,Mstream_Zombie,,,33799,9325,,1
67771,1005368732.0,,,135.008.060.182,172.016.113.105,Email_Ehlo,,,49263,25,,0
67772,1005368757.0,,,172.016.113.105,172.016.113.050,TelnetTerminaltype,,,16400,23,,0
67776,1005368767.0,,,172.016.115.020,172.016.112.050,Mstream_Zombie,,,33800,7983,,1
67777,1005368767.0,,,172.016.115.020,172.016.112.010,Mstream_Zombie,,,33800,7983,,1
67773,1005368768.0,,,078.111.082.041,131.084.001.031,Stream_DoS,,,6452,2547,,0
67778,1005368768.0,,,100.202.139.115,131.084.001.031,Port_Scan,,,6018,58,,0
67774,1005368772.0,,,172.016.113.204,194.027.251.021,Email_Ehlo,,,16404,25,,0
67775,1005368786.0,,,172.016.112.207,194.027.251.021,TelnetTerminaltype,,,16412,23,,0
67782,1005368792.0,,,172.016.113.207,172.016.113.050,TelnetTerminaltype,,,16413,23,,0
67783,1005368798.0,,,197.218.177.069,172.016.113.084,Email_Ehlo,,,49298,25,,0
67784,1005368799.0,,,197.218.177.069,172.016.113.169,Email_Ehlo,,,49304,25,,0
67779,1005368799.0,,,197.218.177.069,172.016.113.050,Email_Ehlo,,,49307,25,,0
67780,1005368805.0,,,172.016.113.084,197.182.091.233,Email_Ehlo,,,16448,25,,0
67781,1005368815.0,,,172.016.112.149,197.182.091.233,Email_Ehlo,,,16490,25,,0
67785,1005368887.0,,,135.008.060.182,172.016.113.207,Email_Ehlo,,,49369,25,,0
67786,1005368900.0,,,135.008.060.182,172.016.113.207,Email_Ehlo,,,49401,25,,0
67787,1005368902.0,,,172.016.112.149,197.182.091.233,Email_Ehlo,,,18456,25,,0
67788,1005368936.0,,,197.218.177.069,172.016.113.084,Email_Ehlo,,,49428,25,,0
67789,1005368978.0,,,172.016.113.207,195.115.218.108,Email_Ehlo,,,18779,25,,0
67790,1005369017.0,,,172.016.113.084,195.115.218.108,Email_Ehlo,,,20160,25,,0
67791,1005369037.0,,,172.016.113.105,172.016.112.050,TelnetTerminaltype,,,20227,23,,0
67793,1005369085.0,,,195.115.218.108,172.016.113.084,Email_Ehlo,,,49475,25,,0
67794,1005369087.0,,,195.115.218.108,172.016.113.169,Email_Ehlo,,,49476,25,,0
67795,1005369090.0,,,195.115.218.108,172.016.112.207,Email_Ehlo,,,49477,25,,0
67792,1005369093.0,,,195.115.218.108,172.016.112.149,Email_Ehlo,,,49478,25,,0
67796,1005369141.0,,,194.027.251.021,172.016.113.168,Email_Ehlo,,,49526,25,,0
67797,1005369150.0,,,135.008.060.182,172.016.113.084,Email_Ehlo,,,49527,25,,0
67799,1005369187.0,,,135.013.216.191,172.016.113.105,Email_Ehlo,,,49550,25,,0
67800,1005369194.0,,,172.016.113.084,195.073.151.050,TelnetTerminaltype,,,22576,23,,0
67801,1005369204.0,,,172.016.113.169,172.016.114.050,TelnetTerminaltype,,,22689,23,,0
67798,1005369205.0,,,172.016.113.169,196.227.033.189,TelnetTerminaltype,,,22693,23,,0
67802,1005369270.0,,,196.227.033.189,172.016.113.084,Email_Ehlo,,,49599,25,,0
67805,1005369301.0,,,172.016.113.207,194.007.248.153,Email_Ehlo,,,24036,25,,0
67806,1005369303.0,,,172.016.113.207,135.013.216.191,Email_Ehlo,,,24092,25,,0
67807,1005369304.0,,,172.016.113.207,196.037.075.158,Email_Ehlo,,,24093,25,,0
67803,1005369305.0,,,172.016.113.207,196.227.033.189,Email_Ehlo,,,24094,25,,0
67804,1005369306.0,,,172.016.113.207,135.008.060.182,Email_Ehlo,,,24152,25,,0
67808,1005369328.0,,,172.016.113.169,195.115.218.108,Email_Ehlo,,,24154,25,,0
67809,1005369342.0,,,196.227.033.189,172.016.115.020,TelnetTerminaltype,,,49619,23,,0
67813,1005369378.0,,,172.016.113.084,196.037.075.158,Email_Ehlo,,,24674,25,,0
67810,1005369385.0,,,172.016.112.149,172.016.113.050,Email_Ehlo,,,24703,25,,0
67814,1005369385.0,,,172.016.112.149,172.016.114.050,Email_Ehlo,,,24699,25,,0
67815,1005369385.0,,,172.016.112.149,195.115.218.108,Email_Ehlo,,,24701,25,,0
67811,1005369386.0,,,172.016.112.149,172.016.112.050,Email_Ehlo,,,24707,25,,0
67812,1005369397.0,,,195.115.218.108,172.016.113.148,FTP_User,,,49662,21,,0
67816,1005369408.0,,,195.115.218.108,172.016.113.148,FTP_Pass,,,49662,21,,0
67817,1005369408.0,,,195.115.218.108,172.016.113.148,FTP_Syst,,,49662,21,,0
67818,1005369414.0,,,172.016.112.149,135.013.216.191,TelnetTerminaltype,,,24939,23,,0
67819,1005369437.0,,,196.037.075.158,172.016.113.207,Email_Ehlo,,,49701,25,,0
67820,1005369443.0,,,172.016.113.207,135.013.216.191,Email_Ehlo,,,25142,25,,0
67821,1005369447.0,,,172.016.112.149,172.016.113.050,TelnetTerminaltype,,,25145,23,,0
67822,1005369493.0,,,172.016.112.149,172.016.114.050,TelnetTerminaltype,,,25370,23,,0
67823,1005369537.0,,,172.016.114.050,172.016.112.149,Email_Ehlo,,,49734,25,,0
67827,1005369552.0,,,196.227.033.189,172.016.113.148,FTP_User,,,49742,21,,0
67828,1005369561.0,,,196.227.033.189,172.016.113.148,FTP_Pass,,,49742,21,,0
67829,1005369561.0,,,196.227.033.189,172.016.113.148,FTP_Syst,,,49742,21,,0
67824,1005369578.0,,,195.073.151.050,172.016.113.169,Email_Ehlo,,,49783,25,,0
67825,1005369579.0,,,195.073.151.050,172.016.112.194,Email_Ehlo,,,49784,25,,0
67826,1005369583.0,,,195.073.151.050,172.016.113.148,Email_Ehlo,,,49785,25,,0
67830,1005369594.0,,,172.016.113.207,195.115.218.108,Email_Ehlo,,,27401,25,,0
67831,1005369607.0,,,172.016.113.204,172.016.112.050,TelnetTerminaltype,,,28483,23,,0
67832,1005369615.0,,,196.037.075.158,172.016.113.207,Email_Ehlo,,,49859,25,,0
67833,1005369767.0,,,172.016.113.105,194.007.248.153,TelnetTerminaltype,,,29561,23,,0
67834,1005369850.0,,,172.016.113.169,195.073.151.050,Email_Ehlo,,,30041,25,,0
67835,1005369863.0,,,197.182.091.233,172.016.113.207,Email_Ehlo,,,49983,25,,0
67836,1005369864.0,,,197.182.091.233,172.016.112.050,Email_Ehlo,,,49984,25,,0
67837,1005369874.0,,,172.016.113.084,195.073.151.050,TelnetTerminaltype,,,30747,23,,0
67838,1005369909.0,,,197.182.091.233,172.016.113.169,Email_Ehlo,,,50012,25,,0
67839,1005369917.0,,,194.007.248.153,172.016.112.194,TelnetTerminaltype,,,50013,23,,0
67840,1005369934.0,,,172.016.112.194,195.073.151.050,Email_Ehlo,,,31307,25,,0
67841,1005369936.0,,,172.016.112.194,197.182.091.233,Email_Ehlo,,,31309,25,,0
67842,1005369940.0,,,197.182.091.233,172.016.112.100,FTP_User,,,50032,21,,0
67844,1005369967.0,,,197.182.091.233,172.016.112.100,FTP_Pass,,,50032,21,,0
67845,1005369967.0,,,197.182.091.233,172.016.112.100,FTP_Syst,,,50032,21,,0
67846,1005369973.0,,,194.007.248.153,172.016.112.194,TelnetTerminaltype,,,50081,23,,0
67843,1005369978.0,,,195.073.151.050,172.016.112.050,Email_Ehlo,,,50083,25,,0
67848,1005369986.0,,,172.016.113.204,197.218.177.069,FTP_User,,,32589,21,,0
67849,1005369987.0,,,172.016.113.207,172.016.112.050,TelnetTerminaltype,,,32590,23,,0
67847,1005369993.0,,,172.016.113.204,197.218.177.069,FTP_Syst,,,32589,21,,0
67850,1005369993.0,,,172.016.113.204,197.218.177.069,FTP_Pass,,,32589,21,,0
67851,1005370042.0,,,172.016.113.207,197.182.091.233,Email_Ehlo,,,1025,25,,0
67852,1005370059.0,,,194.007.248.153,172.016.112.207,Email_Ehlo,,,50092,25,,0
67862,1005370090.0,,,195.115.218.108,172.016.113.084,Email_Ehlo,,,50096,25,,0
67863,1005370090.0,,,195.115.218.108,172.016.113.084,Email_Almail_Overflow,,,50096,25,,0
67859,1005370092.0,,,195.115.218.108,172.016.113.168,Email_Almail_Overflow,,,50097,25,,0
67864,1005370092.0,,,195.115.218.108,172.016.113.168,Email_Ehlo,,,50097,25,,0
67860,1005370096.0,,,195.115.218.108,172.016.113.169,Email_Ehlo,,,50098,25,,0
67861,1005370096.0,,,195.115.218.108,172.016.113.169,Email_Almail_Overflow,,,50098,25,,0
67856,1005370099.0,,,195.115.218.108,172.016.113.207,Email_Ehlo,,,50099,25,,0
67857,1005370099.0,,,195.115.218.108,172.016.113.207,Email_Almail_Overflow,,,50099,25,,0
67853,1005370102.0,,,195.115.218.108,172.016.112.207,Email_Almail_Overflow,,,50101,25,,0
67858,1005370102.0,,,195.115.218.108,172.016.112.207,Email_Ehlo,,,50101,25,,0
67854,1005370104.0,,,195.115.218.108,172.016.113.148,Email_Ehlo,,,50115,25,,0
67855,1005370104.0,,,195.115.218.108,172.016.113.148,Email_Almail_Overflow,,,50115,25,,0
67866,1005370108.0,,,195.115.218.108,172.016.112.149,Email_Ehlo,,,50120,25,,0
67867,1005370108.0,,,195.115.218.108,172.016.112.149,Email_Almail_Overflow,,,50120,25,,0
67868,1005370134.0,,,172.016.112.207,197.218.177.069,Email_Ehlo,,,1848,25,,0
67865,1005370135.0,,,172.016.112.207,195.115.218.108,Email_Ehlo,,,2098,25,,0
67869,1005370140.0,,,172.016.113.168,172.016.112.050,TelnetTerminaltype,,,2347,23,,0
67870,1005370158.0,,,172.016.112.207,195.115.218.108,Email_Ehlo,,,2531,25,,0
67871,1005370178.0,,,172.016.113.207,196.037.075.158,TelnetTerminaltype,,,2607,23,,0
67872,1005370222.0,,,195.115.218.108,172.016.112.050,TelnetTerminaltype,,,50247,23,,0
67873,1005370231.0,,,172.016.112.050,197.218.177.069,FTP_User,,,33428,21,,0
67877,1005370237.0,,,172.016.112.050,197.218.177.069,FTP_Pass,,,33428,21,,0
67878,1005370244.0,,,196.037.075.158,172.016.112.100,FTP_User,,,50260,21,,0
67874,1005370251.0,,,197.218.177.069,172.016.113.148,TelnetTerminaltype,,,50283,23,,0
67879,1005370251.0,,,195.115.218.108,172.016.112.207,Email_Ehlo,,,50282,25,,0
67875,1005370257.0,,,196.037.075.158,172.016.112.100,FTP_Pass,,,50260,21,,0
67876,1005370257.0,,,196.037.075.158,172.016.112.100,FTP_Syst,,,50260,21,,0
67881,1005370415.0,,,197.218.177.069,172.016.113.084,Email_Ehlo,,,50409,25,,0
67882,1005370417.0,,,197.218.177.069,172.016.112.207,Email_Ehlo,,,50410,25,,0
67883,1005370421.0,,,172.016.112.207,195.115.218.108,Email_Ehlo,,,6748,25,,0
67880,1005370428.0,,,172.016.113.084,197.218.177.069,Email_Ehlo,,,6750,25,,0
67884,1005370469.0,,,194.007.248.153,172.016.113.204,Email_Ehlo,,,50446,25,,0
67885,1005370484.0,,,172.016.112.207,197.218.177.069,Email_Ehlo,,,7759,25,,0
67886,1005370583.0,,,194.007.248.153,172.016.112.194,TelnetTerminaltype,,,50533,23,,0
67887,1005370585.0,,,172.016.113.105,194.007.248.153,TelnetTerminaltype,,,8292,23,,0
67888,1005370587.0,,,172.016.112.207,196.227.033.189,Email_Ehlo,,,8294,25,,0
67889,1005370609.0,,,196.227.033.189,172.016.113.207,Email_Ehlo,,,50539,25,,0
67890,1005370611.0,,,172.016.113.050,172.016.112.050,TelnetTerminaltype,,,1056,23,,0
67891,1005370647.0,,,196.037.075.158,172.016.113.084,Email_Ehlo,,,50566,25,,0
67892,1005370672.0,,,197.218.177.069,172.016.113.204,Email_Ehlo,,,50605,25,,0
67893,1005370680.0,,,197.218.177.069,172.016.113.204,Email_Ehlo,,,50606,25,,0
67894,1005370715.0,,,172.016.113.084,196.037.075.158,Email_Ehlo,,,10401,25,,0
67895,1005370764.0,,,172.016.112.207,172.016.112.050,TelnetTerminaltype,,,10802,23,,0
67901,1005370775.0,,,195.073.151.050,172.016.113.084,Email_Ehlo,,,50672,25,,0
67902,1005370777.0,,,195.073.151.050,172.016.113.105,Email_Ehlo,,,50673,25,,0
67903,1005370779.0,,,195.073.151.050,172.016.112.207,Email_Ehlo,,,50674,25,,0
67898,1005370780.0,,,195.073.151.050,172.016.112.050,Email_Ehlo,,,50675,25,,0
67899,1005370781.0,,,195.073.151.050,172.016.113.204,Email_Ehlo,,,50676,25,,0
67900,1005370783.0,,,195.115.218.108,172.016.113.050,TelnetTerminaltype,,,50677,23,,0
67896,1005370789.0,,,196.037.075.158,172.016.112.207,Email_Ehlo,,,50678,25,,0
67897,1005370801.0,,,172.016.112.050,172.016.114.050,TelnetTerminaltype,,,33458,23,,0
67904,1005370819.0,,,172.016.112.194,195.073.151.050,Email_Ehlo,,,12077,25,,0
67905,1005370839.0,,,194.027.251.021,172.016.112.194,TelnetTerminaltype,,,50773,23,,0
67907,1005370881.0,,,172.016.114.050,172.016.112.050,FTP_User,,,50775,21,,0
67908,1005370883.0,,,172.016.112.207,195.073.151.050,Email_Ehlo,,,12393,25,,0
67906,1005370884.0,,,172.016.114.050,172.016.112.050,FTP_Syst,,,50775,21,,0
67909,1005370884.0,,,172.016.114.050,172.016.112.050,FTP_Pass,,,50775,21,,0
67910,1005370958.0,,,135.008.060.182,172.016.113.148,Email_Ehlo,,,50890,25,,0
67911,1005370964.0,,,197.218.177.069,172.016.113.148,Email_Ehlo,,,50894,25,,0
67912,1005371037.0,,,197.218.177.069,172.016.113.168,Email_Ehlo,,,51026,25,,0
67913,1005371039.0,,,197.218.177.069,172.016.112.207,Email_Ehlo,,,51029,25,,0
67914,1005371058.0,,,194.007.248.153,172.016.112.207,Email_Ehlo,,,51049,25,,0
67915,1005371077.0,,,196.227.033.189,172.016.112.207,Email_Ehlo,,,51083,25,,0
67916,1005371078.0,,,196.227.033.189,172.016.113.148,Email_Ehlo,,,51084,25,,0
67917,1005371141.0,,,135.013.216.191,172.016.112.207,Email_Ehlo,,,51092,25,,0
67918,1005371175.0,,,194.007.248.153,172.016.115.020,TelnetTerminaltype,,,51115,23,,0
67919,1005371217.0,,,172.016.113.105,197.218.177.069,FTP_User,,,18735,21,,0
67920,1005371225.0,,,172.016.113.105,197.218.177.069,FTP_Pass,,,18735,21,,0
67921,1005371225.0,,,172.016.113.105,197.218.177.069,FTP_Syst,,,18735,21,,0
67922,1005371275.0,,,172.016.113.207,196.037.075.158,TelnetTerminaltype,,,20009,23,,0
67923,1005371287.0,,,197.182.091.233,172.016.115.020,TelnetTerminaltype,,,51220,23,,0
67924,1005371288.0,,,197.218.177.069,172.016.112.050,TelnetTerminaltype,,,51238,23,,0
67925,1005371334.0,,,197.182.091.233,172.016.113.204,Email_Ehlo,,,51271,25,,0
67927,1005371353.0,,,172.016.112.207,172.016.112.100,FTP_User,,,20763,21,,0
67928,1005371365.0,,,172.016.112.207,172.016.112.100,FTP_Pass,,,20763,21,,0
67926,1005371366.0,,,135.013.216.191,172.016.112.050,Email_Ehlo,,,51337,25,,0
67929,1005371366.0,,,172.016.112.207,172.016.112.100,FTP_Syst,,,20763,21,,0
67933,1005371389.0,,,172.016.113.204,194.027.251.021,Email_Ehlo,,,22136,25,,0
67934,1005371391.0,,,172.016.113.204,197.182.091.233,Email_Ehlo,,,22193,25,,0
67935,1005371400.0,,,172.016.113.168,195.073.151.050,Email_Ehlo,,,22546,25,,0
67930,1005371401.0,,,172.016.113.168,194.027.251.021,Email_Ehlo,,,22550,25,,0
67931,1005371402.0,,,172.016.113.168,194.007.248.153,Email_Ehlo,,,22594,25,,0
67932,1005371404.0,,,172.016.113.168,196.227.033.189,Email_Ehlo,,,22595,25,,0
67936,1005371415.0,,,197.182.091.233,172.016.113.207,Email_Ehlo,,,51380,25,,0
67937,1005371418.0,,,194.007.248.153,172.016.113.168,Email_Ehlo,,,51381,25,,0
67938,1005371447.0,,,172.016.113.168,194.007.248.153,Email_Ehlo,,,22799,25,,0
67939,1005371460.0,,,194.027.251.021,172.016.112.050,Email_Ehlo,,,51387,25,,0
67940,1005371487.0,,,135.008.060.182,172.016.112.194,Email_Ehlo,,,51423,25,,0
67941,1005371488.0,,,172.016.112.207,195.073.151.050,Email_Ehlo,,,23564,25,,0
67942,1005371516.0,,,172.016.113.148,196.037.075.158,Email_Ehlo,,,24205,25,,0
67943,1005371517.0,,,172.016.113.148,135.008.060.182,Email_Ehlo,,,24206,25,,0
67944,1005371539.0,,,172.016.113.207,172.016.114.050,TelnetTerminaltype,,,24207,23,,0
67945,1005371544.0,,,197.182.091.233,172.016.113.050,Email_Ehlo,,,51460,25,,0
67946,1005371557.0,,,196.227.033.189,172.016.113.084,Email_Ehlo,,,51463,25,,0
67947,1005371576.0,,,172.016.113.148,172.016.114.050,TelnetTerminaltype,,,24650,23,,0
67948,1005371602.0,,,172.016.113.105,172.016.113.050,TelnetTerminaltype,,,24778,23,,0
67949,1005371605.0,,,195.073.151.050,172.016.112.207,Email_Ehlo,,,51510,25,,0
67950,1005371617.0,,,196.037.075.158,172.016.113.148,Email_Ehlo,,,51512,25,,0
67952,1005371624.0,,,172.016.114.050,172.016.113.148,Email_Ehlo,,,51513,25,,0
67953,1005371626.0,,,172.016.112.050,172.016.113.050,FTP_User,,,33473,21,,0
67954,1005371628.0,,,172.016.112.050,172.016.113.050,FTP_Pass,,,33473,21,,0
67951,1005371633.0,,,172.016.113.168,135.008.060.182,Email_Ehlo,,,24785,25,,0
67956,1005371664.0,,,194.027.251.021,172.016.112.100,FTP_User,,,51540,21,,0
67957,1005371667.0,,,196.037.075.158,172.016.112.050,Email_Ehlo,,,51541,25,,0
67955,1005371675.0,,,194.027.251.021,172.016.112.100,FTP_Syst,,,51540,21,,0
67958,1005371675.0,,,194.027.251.021,172.016.112.100,FTP_Pass,,,51540,21,,0
67959,1005371715.0,,,172.016.113.168,196.227.033.189,Email_Ehlo,,,26175,25,,0
67960,1005371758.0,,,197.218.177.069,172.016.113.169,Email_Ehlo,,,51623,25,,0
67963,1005371779.0,,,172.016.113.105,194.007.248.153,Email_Ehlo,,,27238,25,,0
67964,1005371779.0,,,172.016.113.168,172.016.112.100,FTP_User,,,27196,21,,0
67965,1005371780.0,,,172.016.113.105,196.227.033.189,Email_Ehlo,,,27239,25,,0
67961,1005371785.0,,,172.016.113.168,172.016.112.100,FTP_Pass,,,27196,21,,0
67962,1005371785.0,,,172.016.113.168,172.016.112.100,FTP_Syst,,,27196,21,,0
67966,1005371837.0,,,196.227.033.189,172.016.113.168,Email_Ehlo,,,51674,25,,0
67967,1005371852.0,,,197.182.091.233,172.016.112.207,Email_Ehlo,,,51709,25,,0
67968,1005371865.0,,,172.016.113.204,195.115.218.108,TelnetTerminaltype,,,28715,23,,0
67970,1005371904.0,,,172.016.113.148,135.013.216.191,Email_Ehlo,,,28781,25,,0
67971,1005371906.0,,,172.016.113.148,197.182.091.233,Email_Ehlo,,,28784,25,,0
67972,1005371907.0,,,172.016.113.148,197.218.177.069,Email_Ehlo,,,28788,25,,0
67969,1005371908.0,,,172.016.113.148,197.182.091.233,Email_Ehlo,,,28796,25,,0
67973,1005371947.0,,,195.115.218.108,172.016.113.169,Email_Ehlo,,,51880,25,,0
67974,1005371972.0,,,195.073.151.050,172.016.113.105,Email_Ehlo,,,51906,25,,0
67975,1005371979.0,,,172.016.112.194,195.115.218.108,Email_Ehlo,,,31626,25,,0
67976,1005371980.0,,,172.016.113.168,196.227.033.189,Email_Ehlo,,,31689,25,,0
67977,1005371993.0,,,196.037.075.158,172.016.115.020,TelnetTerminaltype,,,51923,23,,0
67978,1005372006.0,,,197.218.177.069,172.016.113.148,Email_Ehlo,,,51935,25,,0
67979,1005372024.0,,,194.007.248.153,172.016.112.194,TelnetTerminaltype,,,51946,23,,0
67980,1005372150.0,,,172.016.113.148,172.016.114.050,Email_Ehlo,,,5662,25,,0
67981,1005372151.0,,,172.016.113.148,197.182.091.233,Email_Ehlo,,,5663,25,,0
67983,1005372217.0,,,172.016.112.149,194.007.248.153,Email_Ehlo,,,7242,25,,0
67984,1005372218.0,,,172.016.112.149,197.182.091.233,Email_Ehlo,,,7243,25,,0
67985,1005372219.0,,,172.016.112.149,196.227.033.189,Email_Ehlo,,,7244,25,,0
67982,1005372220.0,,,172.016.112.149,195.115.218.108,Email_Ehlo,,,7246,25,,0
67986,1005372269.0,,,197.182.091.233,172.016.113.148,Email_Ehlo,,,52333,25,,0
67987,1005372419.0,,,172.016.112.050,196.037.075.158,SSH_Detected,,,22,52387,,0
67988,1005372419.0,,,196.037.075.158,172.016.112.050,SSH_Detected,,,52387,22,,0
67989,1005372529.0,,,172.016.112.050,172.016.115.020,TelnetTerminaltype,,,33488,23,,0
67990,1005372551.0,,,172.016.112.149,135.013.216.191,TelnetTerminaltype,,,9657,23,,0
67991,1005372597.0,,,197.218.177.069,172.016.112.100,TelnetTerminaltype,,,52508,23,,0
67992,1005372624.0,,,196.227.033.189,172.016.113.148,FTP_User,,,52511,21,,0
67993,1005372630.0,,,196.227.033.189,172.016.113.148,FTP_Pass,,,52511,21,,0
67994,1005372630.0,,,196.227.033.189,172.016.113.148,FTP_Syst,,,52511,21,,0
67995,1005372663.0,,,135.013.216.191,172.016.112.149,TelnetTerminaltype,,,52583,23,,0
67996,1005372676.0,,,195.115.218.108,172.016.113.148,FTP_User,,,52584,21,,0
67997,1005372688.0,,,195.115.218.108,172.016.113.148,FTP_Pass,,,52584,21,,0
67998,1005372688.0,,,195.115.218.108,172.016.113.148,FTP_Syst,,,52584,21,,0
67999,1005372707.0,,,172.016.113.169,196.227.033.189,TelnetTerminaltype,,,12353,23,,0
68001,1005372753.0,,,172.016.113.105,197.218.177.069,Email_Ehlo,,,12362,25,,0
68002,1005372754.0,,,172.016.113.105,196.227.033.189,Email_Ehlo,,,12368,25,,0
68003,1005372768.0,,,194.007.248.153,172.016.112.194,TelnetTerminaltype,,,52637,23,,0
68000,1005372771.0,,,172.016.112.149,172.016.112.100,FTP_User,,,12371,21,,0
68004,1005372779.0,,,172.016.112.149,172.016.112.100,FTP_Pass,,,12371,21,,0
68005,1005372779.0,,,172.016.112.149,172.016.112.100,FTP_Syst,,,12371,21,,0
68006,1005372814.0,,,172.016.112.194,197.218.177.069,FTP_User,,,12379,21,,0
68007,1005372828.0,,,172.016.112.194,197.218.177.069,FTP_Pass,,,12379,21,,0
68008,1005372828.0,,,172.016.112.194,197.218.177.069,FTP_Syst,,,12379,21,,0
